term	corpus_freq	category
בבב	12569	repeat_letter
אאא	700	repeat_letter
ייי	417	repeat_letter
ךב	385	final_midword
ךד	345	final_midword
ךג	337	final_midword
ךא	286	final_midword
ךו	284	final_midword
ךט	265	final_midword
ךז	264	final_midword
קקק	256	repeat_letter
ךה	248	final_midword
ךח	215	final_midword
ששש	192	repeat_letter
דדד	171	repeat_letter
קדםיי	143	final_midword
תתת	134	repeat_letter
ההה	87	repeat_letter
מממ	83	repeat_letter
ללל	69	repeat_letter
לםרבה	60	final_midword
מסימןרה	56	final_midword
מןקדם	52	final_midword
פפפ	42	repeat_letter
ןית	38	final_midword
קךט	38	final_midword
קךז	36	final_midword
ןיקרא	35	final_midword
םל	30	final_midword
ןעל	30	final_midword
קךב	30	final_midword
ןלא	27	final_midword
צצצ	26	repeat_letter
ןארי	25	final_midword
ןל	25	final_midword
קךג	25	final_midword
ןמ	24	final_midword
קךא	24	final_midword
אאאאא	23	repeat_letter
מסימןק	23	final_midword
ןזמנא	23	final_midword
סימןים	23	final_midword
קךו	22	final_midword
ןו	21	final_midword
קךה	19	final_midword
דםל	18	final_midword
קךד	17	final_midword
סךג	16	final_midword
ססס	16	repeat_letter
קךח	16	final_midword
תופסימןן	16	final_midword
דמסימןק	15	final_midword
ןוית	15	final_midword
סימןי	15	final_midword
בםד	13	final_midword
המפורסימןם	13	final_midword
מלםרבה	13	final_midword
םא	12	final_midword
ןלך	12	final_midword
סימןדור	12	final_midword
רךח	12	final_midword
בךד	11	final_midword
הou	11	mixed
להוסימןף	11	final_midword
םה	11	final_midword
מסימןיע	11	final_midword
ןולא	11	final_midword
שךח	11	final_midword
דרבנןא	10	final_midword
הוסימןף	10	final_midword
ומסימןק	10	final_midword
כלוםא	10	final_midword
ליוחסימןן	10	final_midword
מךד	10	final_midword
ןדי	10	final_midword
ןזה	10	final_midword
ןחקרא	10	final_midword
ןמן	10	final_midword
ןקדם	10	final_midword
סימןדר	10	final_midword
רךז	10	final_midword
אאאא	9	repeat_letter
אםלא	9	final_midword
גםגא	9	final_midword
דלםרבה	9	final_midword
הךב	9	final_midword
הסימןדור	9	final_midword
םג	9	final_midword
םו	9	final_midword
מןה	9	final_midword
מסימןרת	9	final_midword
ןי	9	final_midword
ןלמ	9	final_midword
סופריםא	9	final_midword
שףגא	9	final_midword
אדםא	8	final_midword
ברךגא	8	final_midword
גגג	8	repeat_letter
החסימןד	8	final_midword
השםא	8	final_midword
חףגה	8	final_midword
כןא	8	final_midword
כףגיא	8	final_midword
להפסימןד	8	final_midword
לקמןה	8	final_midword
משןם	8	final_midword
ןה	8	final_midword
ןח	8	final_midword
ןלה	8	final_midword
סןף	8	final_midword
קידושיןא	8	final_midword
קףגד	8	final_midword
רךב	8	final_midword
רךג	8	final_midword
בךב	7	final_midword
בךה	7	final_midword
דמסימןיע	7	final_midword
וווו	7	repeat_letter
וךד	7	final_midword
וסימןים	7	final_midword
חןגג	7	final_midword
חסימןדות	7	final_midword
כשריםא	7	final_midword
םד	7	final_midword
םז	7	final_midword
םט	7	final_midword
מc	7	mixed
מאמינךא	7	final_midword
מוסימןף	7	final_midword
מסימןת	7	final_midword
ןא	7	final_midword
ןאם	7	final_midword
ןיי	7	final_midword
סחףגא	7	final_midword
סימןלוק	7	final_midword
סימניםב	7	final_midword
סךח	7	final_midword
סןגא	7	final_midword
עםא	7	final_midword
פסימןל	7	final_midword
פץגא	7	final_midword
קםגב	7	final_midword
קץגו	7	final_midword
שךא	7	final_midword
שסימןדר	7	final_midword
שסימןדרו	7	final_midword
אחריםב	6	final_midword
אםגג	6	final_midword
אנוסימןם	6	final_midword
בךג	6	final_midword
במטלטליןא	6	final_midword
בנכסימןם	6	final_midword
בסימןדור	6	final_midword
גדףגא	6	final_midword
גויםג	6	final_midword
גףגב	6	final_midword
דינןא	6	final_midword
דםגג	6	final_midword
דםגד	6	final_midword
הבחוריםב	6	final_midword
ויתןג	6	final_midword
חלםגג	6	final_midword
חףגב	6	final_midword
ךלא	6	final_midword
כףגא	6	final_midword
לשוןגא	6	final_midword
םב	6	final_midword
םפ	6	final_midword
מגויםב	6	final_midword
מושיביןב	6	final_midword
מןא	6	final_midword
ןלכן	6	final_midword
ןמל	6	final_midword
ןע	6	final_midword
נכסימןו	6	final_midword
נכסימןם	6	final_midword
עצמןד	6	final_midword
ףלא	6	final_midword
צףגב	6	final_midword
קודםד	6	final_midword
קנייןו	6	final_midword
רךא	6	final_midword
רךה	6	final_midword
שםם	6	final_midword
אאללההייםם	5	final_midword
אותןב	5	final_midword
אחריםא	5	final_midword
אינםב	5	final_midword
אלהךיהב	5	final_midword
אםגה	5	final_midword
בבבב	5	repeat_letter
בכךא	5	final_midword
בםפ	5	final_midword
בםפר	5	final_midword
במתניתיןג	5	final_midword
בראשוןה	5	final_midword
בראשוןז	5	final_midword
דיןא	5	final_midword
דרבנןג	5	final_midword
הבעליםח	5	final_midword
הםד	5	final_midword
העדיםב	5	final_midword
הפסוליןה	5	final_midword
התןס	5	final_midword
וביסוריןג	5	final_midword
וביסוריןד	5	final_midword
והוסימןף	5	final_midword
וךב	5	final_midword
חכמיםא	5	final_midword
טלףגא	5	final_midword
טףגא	5	final_midword
יוניםו	5	final_midword
יסימןתהו	5	final_midword
יראתםו	5	final_midword
כולםא	5	final_midword
כלאיםא	5	final_midword
כףגב	5	final_midword
כשריםב	5	final_midword
לארץט	5	final_midword
לפיןוחמ	5	final_midword
לשםג	5	final_midword
םת	5	final_midword
מאמיניןיב	5	final_midword
מליןט	5	final_midword
מןמ	5	final_midword
מסימןבת	5	final_midword
מפקדךי	5	final_midword
מרבנןט	5	final_midword
ןב	5	final_midword
ןיהי	5	final_midword
ןלמע	5	final_midword
ןמה	5	final_midword
ןעבדין	5	final_midword
ןעד	5	final_midword
נףגא	5	final_midword
סימןפר	5	final_midword
סךו	5	final_midword
סףגא	5	final_midword
עןגו	5	final_midword
ףית	5	final_midword
פךא	5	final_midword
פסוליןח	5	final_midword
צץגג	5	final_midword
צריךיא	5	final_midword
קאסימןב	5	final_midword
קדםמל	5	final_midword
קיםעלם	5	final_midword
קןגב	5	final_midword
קןדם	5	final_midword
שאףי	5	final_midword
שךה	5	final_midword
שןגג	5	final_midword
שףגטו	5	final_midword
תךא	5	final_midword
תרךב	5	final_midword
תרףגב	5	final_midword
bדה	4	mixed
אגןגב	4	final_midword
אדםו	4	final_midword
אךגא	4	final_midword
אלהיםהא	4	final_midword
אלהךלמטר	4	final_midword
אמןגא	4	final_midword
אסימןפא	4	final_midword
אשןגא	4	final_midword
בגירושיןא	4	final_midword
בדיןא	4	final_midword
בהןא	4	final_midword
בלםגא	4	final_midword
במיםא	4	final_midword
בנדריםא	4	final_midword
בסימןפא	4	final_midword
בפניםא	4	final_midword
בץגא	4	final_midword
בץגב	4	final_midword
בציןגא	4	final_midword
גויםא	4	final_midword
גלףגא	4	final_midword
גרףגא	4	final_midword
דבריםלב	4	final_midword
דדדד	4	repeat_letter
דךב	4	final_midword
דןגא	4	final_midword
דרבנןב	4	final_midword
הדיןא	4	final_midword
הוסימןפו	4	final_midword
היוםה	4	final_midword
הךד	4	final_midword
המסימןרה	4	final_midword
הןא	4	final_midword
העולםב	4	final_midword
ואםלא	4	final_midword
ויגדךא	4	final_midword
וךג	4	final_midword
ומלמדןא	4	final_midword
וניחםא	4	final_midword
וסימןדר	4	final_midword
טםגב	4	final_midword
יןו	4	final_midword
ךכ	4	final_midword
ךמ	4	final_midword
כהניםג	4	final_midword
כיוןן	4	final_midword
כלוםט	4	final_midword
כןגג	4	final_midword
כסףא	4	final_midword
כףגו	4	final_midword
כרםגב	4	final_midword
להפסימןדה	4	final_midword
לךית	4	final_midword
לםי	4	final_midword
לןא	4	final_midword
םח	4	final_midword
םמ	4	final_midword
םן	4	final_midword
םעל	4	final_midword
מברךא	4	final_midword
מקוםג	4	final_midword
מקלסימןן	4	final_midword
ןאין	4	final_midword
ןאנ	4	final_midword
ןד	4	final_midword
ןז	4	final_midword
ןזל	4	final_midword
ןלב	4	final_midword
ןלבית	4	final_midword
ןס	4	final_midword
ןעיב	4	final_midword
ןעיין	4	final_midword
ןצ	4	final_midword
ןצע	4	final_midword
ןק	4	final_midword
ןקדמי	4	final_midword
נאמןג	4	final_midword
נחתםא	4	final_midword
נםגב	4	final_midword
סדןגא	4	final_midword
סימןכתא	4	final_midword
סימןפא	4	final_midword
סךגד	4	final_midword
סךגט	4	final_midword
סךה	4	final_midword
עעע	4	repeat_letter
עףגג	4	final_midword
עקםגא	4	final_midword
עקץגא	4	final_midword
עשןגא	4	final_midword
פטםגב	4	final_midword
פןגא	4	final_midword
פןגג	4	final_midword
פסימןדא	4	final_midword
פףת	4	final_midword
פרךגא	4	final_midword
צונןא	4	final_midword
ציציןוקלפין	4	final_midword
צףגז	4	final_midword
קדםמ	4	final_midword
קןגד	4	final_midword
קףגב	4	final_midword
קץגד	4	final_midword
קרםגא	4	final_midword
רךד	4	final_midword
רמץגא	4	final_midword
שהוסימןף	4	final_midword
שהפסימןדו	4	final_midword
שךו	4	final_midword
שךט	4	final_midword
שלףגב	4	final_midword
שםג	4	final_midword
שםה	4	final_midword
שןגא	4	final_midword
שןגד	4	final_midword
תוסימןף	4	final_midword
תךגב	4	final_midword
תםא	4	final_midword
hוסי	3	mixed
rשא	3	mixed
אאאאאאאא	3	repeat_letter
אגןגא	3	final_midword
אחרוניםיב	3	final_midword
איבריםד	3	final_midword
איןגא	3	final_midword
אירוסימןן	3	final_midword
אלהךל	3	final_midword
אלהךלך	3	final_midword
אםהי	3	final_midword
אםור	3	final_midword
אםחרותא	3	final_midword
אםיש	3	final_midword
אמןד	3	final_midword
אןגב	3	final_midword
אףכאן	3	final_midword
אפיקומןד	3	final_midword
בגירושיןב	3	final_midword
בחמיןטו	3	final_midword
בךא	3	final_midword
בךט	3	final_midword
בכםף	3	final_midword
במסימןרת	3	final_midword
בןגד	3	final_midword
בנימןאבידן	3	final_midword
בסןף	3	final_midword
בעוףא	3	final_midword
בקדושברוךהוא	3	final_midword
ברוךהוא	3	final_midword
ברוךח	3	final_midword
גהץגא	3	final_midword
גםגב	3	final_midword
גףגא	3	final_midword
גףגט	3	final_midword
גרםגא	3	final_midword
דאחריםב	3	final_midword
דבריםי	3	final_midword
דגיטיןב	3	final_midword
דיבםא	3	final_midword
דךג	3	final_midword
דםגא	3	final_midword
דםגב	3	final_midword
דנןאמר	3	final_midword
דסימןפא	3	final_midword
דפסימןקא	3	final_midword
דרךט	3	final_midword
דתןואבירם	3	final_midword
האביוןא	3	final_midword
האירוסימןן	3	final_midword
האליןו	3	final_midword
הבןג	3	final_midword
הגויםב	3	final_midword
הכםף	3	final_midword
המסימןת	3	final_midword
הןד	3	final_midword
הנכסימןם	3	final_midword
העולםא	3	final_midword
העוףעולת	3	final_midword
הפסימןדו	3	final_midword
הצפורןד	3	final_midword
הרןואמר	3	final_midword
הרןוח	3	final_midword
השלחיןא	3	final_midword
השםב	3	final_midword
ואחf	3	mixed
ואילךב	3	final_midword
ואםלאו	3	final_midword
וךא	3	final_midword
וךה	3	final_midword
וכןהביאמרים	3	final_midword
ולחןמ	3	final_midword
וםל	3	final_midword
וסימןדרו	3	final_midword
זבולןאלי	3	final_midword
חוליןב	3	final_midword
חוץלפרק	3	final_midword
חוצץד	3	final_midword
חלביםה	3	final_midword
חלףגג	3	final_midword
חלףדי	3	final_midword
חלץגא	3	final_midword
חץגב	3	final_midword
חרםגא	3	final_midword
חרףגב	3	final_midword
חרףגג	3	final_midword
טרףגא	3	final_midword
טרףגה	3	final_midword
ידיםיג	3	final_midword
יוםא	3	final_midword
יוםב	3	final_midword
יייי	3	repeat_letter
יךעל	3	final_midword
יןמ	3	final_midword
יןמימרי	3	final_midword
ךדח	3	final_midword
כאןא	3	final_midword
כיוןדלא	3	final_midword
כמוךג	3	final_midword
כןגא	3	final_midword
כנףגא	3	final_midword
כסףגג	3	final_midword
כףגה	3	final_midword
לארץא	3	final_midword
לבניםא	3	final_midword
להסימןר	3	final_midword
להשבוןא	3	final_midword
לזייןב	3	final_midword
לחכםב	3	final_midword
לךא	3	final_midword
לךב	3	final_midword
לךולא	3	final_midword
לסימןיע	3	final_midword
לעולםא	3	final_midword
לפיןו	3	final_midword
לקדושברוךהוא	3	final_midword
לקדםיי	3	final_midword
לקמןא	3	final_midword
לרחמיןבעיני	3	final_midword
לרעךא	3	final_midword
םם	3	final_midword
םןץףך	3	final_midword
םקדם	3	final_midword
םרה	3	final_midword
מאןדמ	3	final_midword
מיםיב	3	final_midword
מךב	3	final_midword
מךג	3	final_midword
מךה	3	final_midword
מכסימןם	3	final_midword
מןחקלא	3	final_midword
מןלמירת	3	final_midword
מןמיא	3	final_midword
מןע	3	final_midword
מנכסימןם	3	final_midword
מסאביןאנ	3	final_midword
מסימןיעים	3	final_midword
מסימןר	3	final_midword
מסימןתו	3	final_midword
מפורסימןם	3	final_midword
מפשתןז	3	final_midword
ןאנא	3	final_midword
ןואמר	3	final_midword
ןואנא	3	final_midword
ןויתיב	3	final_midword
ןוס	3	final_midword
ןות	3	final_midword
ןחמ	3	final_midword
ןיתה	3	final_midword
ןיתי	3	final_midword
ןלאלהא	3	final_midword
ןלד	3	final_midword
ןלמימר	3	final_midword
ןלנא	3	final_midword
ןמנ	3	final_midword
ןנ	3	final_midword
ןקימא	3	final_midword
נוטפיםא	3	final_midword
ניןוא	3	final_midword
נםגג	3	final_midword
נעסימןא	3	final_midword
נקייםא	3	final_midword
סדןגג	3	final_midword
סיםרא	3	final_midword
סימןגש	3	final_midword
סימןוע	3	final_midword
סיפןר	3	final_midword
סךא	3	final_midword
סךגה	3	final_midword
סךד	3	final_midword
סךט	3	final_midword
סלעיןהיא	3	final_midword
סףע	3	final_midword
עכk	3	mixed
עצביםז	3	final_midword
ףה	3	final_midword
ףר	3	final_midword
פגםגג	3	final_midword
פךג	3	final_midword
פלךגא	3	final_midword
פניםז	3	final_midword
פנךגא	3	final_midword
פסוליןט	3	final_midword
צחןגב	3	final_midword
צףגא	3	final_midword
צריךם	3	final_midword
צרףגו	3	final_midword
קu	3	mixed
קדםאל	3	final_midword
קדםאלהא	3	final_midword
קודםי	3	final_midword
קטןגא	3	final_midword
קמץגה	3	final_midword
קןגג	3	final_midword
קףגא	3	final_midword
קפץגא	3	final_midword
קפץגג	3	final_midword
קצםה	3	final_midword
קרןגג	3	final_midword
רביםב	3	final_midword
רחמיןקדמך	3	final_midword
רחןדתקנן	3	final_midword
ריןל	3	final_midword
רךו	3	final_midword
רקםגב	3	final_midword
רשh	3	mixed
שאיןי	3	final_midword
שבחוץג	3	final_midword
שחןגא	3	final_midword
שםגא	3	final_midword
שמותריןו	3	final_midword
שמסימןים	3	final_midword
שמסימןתים	3	final_midword
שןגב	3	final_midword
שניםא	3	final_midword
שסימןים	3	final_midword
שףגב	3	final_midword
שףגה	3	final_midword
שףגי	3	final_midword
שץגא	3	final_midword
שרףגא	3	final_midword
שתיהןח	3	final_midword
שתיםח	3	final_midword
שתיםט	3	final_midword
תהליםלד	3	final_midword
תהליםקמז	3	final_midword
תךגא	3	final_midword
תךד	3	final_midword
תםגג	3	final_midword
תןגא	3	final_midword
תקךז	3	final_midword
תקךט	3	final_midword
תרנגוליםג	3	final_midword
kדעת	2	mixed
אאאאאאאאא	2	repeat_letter
אבלםי	2	final_midword
אבןטבא	2	final_midword
אברםה	2	final_midword
אגףגא	2	final_midword
אגףגב	2	final_midword
אדומיםז	2	final_midword
אהךן	2	final_midword
אונןהאונן	2	final_midword
אוסימןף	2	final_midword
אותםם	2	final_midword
אותןד	2	final_midword
אחריםים	2	final_midword
איןחיוב	2	final_midword
איןמביאין	2	final_midword
אלהךארי	2	final_midword
אלהךדי	2	final_midword
אלהךה	2	final_midword
אלהךלא	2	final_midword
אלהןל	2	final_midword
אלםגא	2	final_midword
אםא	2	final_midword
אםאינו	2	final_midword
אםל	2	final_midword
אמץגב	2	final_midword
אמרינןבסנהדרין	2	final_midword
אןגא	2	final_midword
אןגג	2	final_midword
אןתו	2	final_midword
אסוריןב	2	final_midword
אףעל	2	final_midword
ארךגג	2	final_midword
ארםגא	2	final_midword
אתןלותי	2	final_midword
באוןפ	2	final_midword
בגוףמלאכות	2	final_midword
ביבםה	2	final_midword
בידםג	2	final_midword
ביוםה	2	final_midword
ביןגב	2	final_midword
בךז	2	final_midword
בכךט	2	final_midword
בםה	2	final_midword
בםק	2	final_midword
בסימןים	2	final_midword
בסימןני	2	final_midword
בסימןקרא	2	final_midword
בסךח	2	final_midword
בסםגב	2	final_midword
בעיןד	2	final_midword
בעיןה	2	final_midword
בעיןח	2	final_midword
בפךא	2	final_midword
בפםוק	2	final_midword
בפסימןעה	2	final_midword
בפסימןקתא	2	final_midword
בציםב	2	final_midword
ברהםאב	2	final_midword
ברהםו	2	final_midword
ברהםל	2	final_midword
ברהםקדם	2	final_midword
ברךגד	2	final_midword
ברךגה	2	final_midword
ברךיי	2	final_midword
ברןגב	2	final_midword
ברץגא	2	final_midword
בתןך	2	final_midword
גבןגב	2	final_midword
גדוליםא	2	final_midword
גדףגב	2	final_midword
גידםגידם	2	final_midword
גםא	2	final_midword
גםגג	2	final_midword
גםגד	2	final_midword
גןגא	2	final_midword
גנןגב	2	final_midword
גףגו	2	final_midword
גרםגב	2	final_midword
גרםגד	2	final_midword
גרסימןנן	2	final_midword
דאמרינןבירושלמי	2	final_midword
דאףאם	2	final_midword
דבריםד	2	final_midword
דבריםל	2	final_midword
דבריםלג	2	final_midword
דגיםיג	2	final_midword
דהפסימןדו	2	final_midword
דומסימןא	2	final_midword
דורסימןן	2	final_midword
דיןאם	2	final_midword
דיריןהוית	2	final_midword
דךבב	2	final_midword
דךגא	2	final_midword
דךגב	2	final_midword
דךו	2	final_midword
דךז	2	final_midword
דךך	2	final_midword
דכריןחמ	2	final_midword
דםיב	2	final_midword
דמןא	2	final_midword
דמסימןרת	2	final_midword
דמקדשיןג	2	final_midword
דןגב	2	final_midword
דסימןים	2	final_midword
דףיב	2	final_midword
דףנז	2	final_midword
דףף	2	final_midword
דפןגא	2	final_midword
דפןגג	2	final_midword
דץגא	2	final_midword
דרחםלי	2	final_midword
דרךגא	2	final_midword
הlteren	2	mixed
הsefira	2	mixed
הארץא	2	final_midword
הארץץ	2	final_midword
הברייתץא	2	final_midword
הגאוניםא	2	final_midword
הגדןל	2	final_midword
הדיןו	2	final_midword
הדיןחגא	2	final_midword
הדיןי	2	final_midword
הדיןלא	2	final_midword
הדיןמ	2	final_midword
הההה	2	repeat_letter
הזמןכלל	2	final_midword
החוטיןיג	2	final_midword
הימיםב	2	final_midword
הךה	2	final_midword
הלשןן	2	final_midword
הםם	2	final_midword
הסימןח	2	final_midword
הסימןים	2	final_midword
הסימןרו	2	final_midword
הסימןתהו	2	final_midword
הערוךלנר	2	final_midword
הקרןג	2	final_midword
הרביםא	2	final_midword
הרמןגא	2	final_midword
הרןאח	2	final_midword
הרןארים	2	final_midword
הרןועל	2	final_midword
הרןלות	2	final_midword
השינוייםכל	2	final_midword
השםג	2	final_midword
ואילךא	2	final_midword
ואליליםא	2	final_midword
ואםד	2	final_midword
ואםהביא	2	final_midword
ובטליםא	2	final_midword
וגםג	2	final_midword
והמיניםא	2	final_midword
והסימןח	2	final_midword
והפסימןדו	2	final_midword
והרבךא	2	final_midword
וחותםא	2	final_midword
וחלףח	2	final_midword
ויאםף	2	final_midword
ויוסימןפו	2	final_midword
ויםוב	2	final_midword
ויםובו	2	final_midword
ויםע	2	final_midword
ויסימןר	2	final_midword
וישp	2	mixed
וךז	2	final_midword
וךח	2	final_midword
וךט	2	final_midword
וכאןם	2	final_midword
וכיןן	2	final_midword
וכלביםיב	2	final_midword
וכןמשמע	2	final_midword
ולכןם	2	final_midword
וםגי	2	final_midword
ומסימןת	2	final_midword
וןית	2	final_midword
ונמצt	2	mixed
ועייןשם	2	final_midword
ועיןעגלא	2	final_midword
ועןד	2	final_midword
ותקףרוגזא	2	final_midword
זךגא	2	final_midword
זרףגב	2	final_midword
חוטיןטו	2	final_midword
חייםמלאכה	2	final_midword
חייםשי	2	final_midword
חךגה	2	final_midword
חכמיםם	2	final_midword
חלוןגא	2	final_midword
חלףגא	2	final_midword
חלףגב	2	final_midword
חמץגג	2	final_midword
חנךגא	2	final_midword
חסימןד	2	final_midword
חףגג	2	final_midword
חףגד	2	final_midword
חצןגב	2	final_midword
חרםגד	2	final_midword
חרםגה	2	final_midword
חרףגא	2	final_midword
טהוריםג	2	final_midword
טוביםד	2	final_midword
טטט	2	repeat_letter
טיןותחפי	2	final_midword
טעןגא	2	final_midword
טרףגב	2	final_midword
ידךעל	2	final_midword
יהוןחד	2	final_midword
יוחסימןן	2	final_midword
יוםג	2	final_midword
יוםטוב	2	final_midword
יוםף	2	final_midword
יוסימןף	2	final_midword
יזb	2	mixed
יךמן	2	final_midword
יםא	2	final_midword
יםוב	2	final_midword
יםיי	2	final_midword
יםלאבהתך	2	final_midword
יןה	2	final_midword
יןועבד	2	final_midword
יןטב	2	final_midword
יןסטרוהי	2	final_midword
יןעזקן	2	final_midword
יןעם	2	final_midword
יןצ	2	final_midword
יןקדם	2	final_midword
ינךו	2	final_midword
יסימןר	2	final_midword
יסימןת	2	final_midword
יףנהרא	2	final_midword
יקייםא	2	final_midword
יריעןדב	2	final_midword
ישןא	2	final_midword
יתהוןבמיא	2	final_midword
יתכוןוית	2	final_midword
ךארי	2	final_midword
ךדי	2	final_midword
ךהך	2	final_midword
ךוא	2	final_midword
ךוסתה	2	final_midword
ךטא	2	final_midword
ךיה	2	final_midword
ךית	2	final_midword
ךך	2	final_midword
ךמן	2	final_midword
ךסןףץ	2	final_midword
ךעולם	2	final_midword
ךפי	2	final_midword
ךתה	2	final_midword
כגוןן	2	final_midword
כדיןא	2	final_midword
כדםגא	2	final_midword
כהןים	2	final_midword
כוןנת	2	final_midword
כםף	2	final_midword
כמa	2	mixed
כמוךא	2	final_midword
כןגד	2	final_midword
כןגו	2	final_midword
כןהא	2	final_midword
כןם	2	final_midword
כןמ	2	final_midword
כנםי	2	final_midword
כנסימןות	2	final_midword
כנףגב	2	final_midword
כסימןמטא	2	final_midword
כסףב	2	final_midword
כסףגא	2	final_midword
כסףגב	2	final_midword
כעןר	2	final_midword
כףגח	2	final_midword
כףגט	2	final_midword
כפוליןא	2	final_midword
כרךגא	2	final_midword
כרןי	2	final_midword
כתמיםה	2	final_midword
לאבהתךל	2	final_midword
לאבהתךלמ	2	final_midword
לארץיד	2	final_midword
לביןחדא	2	final_midword
לגןף	2	final_midword
להםג	2	final_midword
לחוץא	2	final_midword
לחינוךא	2	final_midword
לחןטעות	2	final_midword
ליורשםי	2	final_midword
ליםד	2	final_midword
לךארי	2	final_midword
לךגב	2	final_midword
לךיי	2	final_midword
לךמ	2	final_midword
לכאןרה	2	final_midword
לכםא	2	final_midword
לכןלי	2	final_midword
לכןף	2	final_midword
ללחוץא	2	final_midword
לםל	2	final_midword
לםלא	2	final_midword
למסימןרה	2	final_midword
לןמר	2	final_midword
לףגא	2	final_midword
לפיןומאתן	2	final_midword
לפעמיםהעושה	2	final_midword
לצוךר	2	final_midword
לקיםעלם	2	final_midword
לקמןג	2	final_midword
לשןן	2	final_midword
לתריןצירוהי	2	final_midword
םאין	2	final_midword
םאנא	2	final_midword
םארי	2	final_midword
םוית	2	final_midword
םועמ	2	final_midword
םוף	2	final_midword
םחד	2	final_midword
םטרא	2	final_midword
םי	2	final_midword
םיסרא	2	final_midword
םמיכל	2	final_midword
םפירות	2	final_midword
םק	2	final_midword
םרק	2	final_midword
מאןדעא	2	final_midword
מאתןוחמ	2	final_midword
מדםא	2	final_midword
מהרםבד	2	final_midword
מודיםא	2	final_midword
מוקדםג	2	final_midword
מותריםב	2	final_midword
מותריןא	2	final_midword
מותריןב	2	final_midword
מיןסגיאין	2	final_midword
מיןעל	2	final_midword
מךגב	2	final_midword
מךגד	2	final_midword
מכנסיןדב	2	final_midword
מכסיפיןב	2	final_midword
מלךרב	2	final_midword
מםה	2	final_midword
מםתברא	2	final_midword
מםתמא	2	final_midword
ממןן	2	final_midword
ממסימןרת	2	final_midword
ממקןם	2	final_midword
מןאנ	2	final_midword
מןגב	2	final_midword
מןגד	2	final_midword
מןדמא	2	final_midword
מןטורא	2	final_midword
מןעל	2	final_midword
מןעלמא	2	final_midword
מןעמא	2	final_midword
מןציאין	2	final_midword
מןק	2	final_midword
מןקדמ	2	final_midword
מןקדמיה	2	final_midword
מסימןדור	2	final_midword
מסימןח	2	final_midword
מסימןים	2	final_midword
מסימןיעין	2	final_midword
מסנךלא	2	final_midword
מעייםי	2	final_midword
מפסיקיןא	2	final_midword
מפקדךלמע	2	final_midword
מציריןבקניא	2	final_midword
מקרעיןא	2	final_midword
מרפסימןן	2	final_midword
מתוםך	2	final_midword
מתחמןעובד	2	final_midword
מתיםב	2	final_midword
מתןגב	2	final_midword
מתןגג	2	final_midword
ןאזלו	2	final_midword
ןאינו	2	final_midword
ןאינם	2	final_midword
ןאמר	2	final_midword
ןגבר	2	final_midword
ןואנ	2	final_midword
ןוח	2	final_midword
ןוט	2	final_midword
ןוי	2	final_midword
ןויה	2	final_midword
ןויהב	2	final_midword
ןויהי	2	final_midword
ןוכל	2	final_midword
ןועל	2	final_midword
ןור	2	final_midword
ןזב	2	final_midword
ןחז	2	final_midword
ןטבתא	2	final_midword
ןיהב	2	final_midword
ןיק	2	final_midword
ןיש	2	final_midword
ןיתהון	2	final_midword
ןכאשר	2	final_midword
ןכיון	2	final_midword
ןכן	2	final_midword
ןלאל	2	final_midword
ןלהון	2	final_midword
ןלהנל	2	final_midword
ןלי	2	final_midword
ןללואי	2	final_midword
ןלמהך	2	final_midword
ןלר	2	final_midword
ןלת	2	final_midword
ןלתמן	2	final_midword
ןמוכח	2	final_midword
ןממ	2	final_midword
ןממסקי	2	final_midword
ןממצר	2	final_midword
ןמנך	2	final_midword
ןמס	2	final_midword
ןמרחק	2	final_midword
ןמת	2	final_midword
ןנראה	2	final_midword
ןעבדו	2	final_midword
ןעברין	2	final_midword
ןעוד	2	final_midword
ןעם	2	final_midword
ןעתה	2	final_midword
ןצדיא	2	final_midword
ןצר	2	final_midword
ןקט	2	final_midword
ןקים	2	final_midword
ןקרבא	2	final_midword
ןש	2	final_midword
נאמןן	2	final_midword
נחa	2	mixed
נכסימןהם	2	final_midword
נםא	2	final_midword
נסימןעתו	2	final_midword
נקיםי	2	final_midword
נקףגא	2	final_midword
נקףגב	2	final_midword
סהa	2	mixed
סוםר	2	final_midword
סחףגג	2	final_midword
סטוסימןא	2	final_midword
סימןא	2	final_midword
סימןבת	2	final_midword
סימןום	2	final_midword
סימןומא	2	final_midword
סימןיעתא	2	final_midword
סימןלק	2	final_midword
סימןני	2	final_midword
סימןפרא	2	final_midword
סימןרקא	2	final_midword
סיףע	2	final_midword
סךגז	2	final_midword
סםגא	2	final_midword
סןגג	2	final_midword
סעיףק	2	final_midword
סףעל	2	final_midword
ספןגב	2	final_midword
סרךגב	2	final_midword
עa	2	mixed
עדיףא	2	final_midword
עדןגב	2	final_midword
עטףגג	2	final_midword
עטףגד	2	final_midword
עיוןז	2	final_midword
עיןיממין	2	final_midword
עיןלילון	2	final_midword
עינךוחזי	2	final_midword
עלוןונכסת	2	final_midword
עליךה	2	final_midword
עלםמן	2	final_midword
עלןג	2	final_midword
עםירמיה	2	final_midword
עםלוי	2	final_midword
עםמל	2	final_midword
עמהםא	2	final_midword
עןגב	2	final_midword
עןד	2	final_midword
עןי	2	final_midword
עןלי	2	final_midword
עסריןד	2	final_midword
עףגא	2	final_midword
עץא	2	final_midword
ערוךלנר	2	final_midword
ףאנא	2	final_midword
ףהא	2	final_midword
ףלנא	2	final_midword
פךגב	2	final_midword
פךד	2	final_midword
פץגב	2	final_midword
פרןגא	2	final_midword
פרןגד	2	final_midword
פרסימןים	2	final_midword
ץו	2	final_midword
צוךר	2	final_midword
צלםדמ	2	final_midword
צנםגא	2	final_midword
צרףגד	2	final_midword
צרףגה	2	final_midword
קדםאלהי	2	final_midword
קדםגא	2	final_midword
קדםעמא	2	final_midword
קדמךה	2	final_midword
קודםב	2	final_midword
קווץגא	2	final_midword
קולףא	2	final_midword
קטןגז	2	final_midword
קטןו	2	final_midword
קטףגב	2	final_midword
קידושיןב	2	final_midword
קיףלחדא	2	final_midword
קיצםד	2	final_midword
קלןגד	2	final_midword
קלףגב	2	final_midword
קםב	2	final_midword
קמץגב	2	final_midword
קףגג	2	final_midword
קףגטז	2	final_midword
קץגג	2	final_midword
קץגי	2	final_midword
קרבןא	2	final_midword
קרויןרברבן	2	final_midword
קרםגב	2	final_midword
קרםגג	2	final_midword
קרןגב	2	final_midword
קרןל	2	final_midword
רk	2	mixed
ראובןולבני	2	final_midword
ראובןלזרעיתה	2	final_midword
רבעיםב	2	final_midword
רבעיןיממין	2	final_midword
רגליםד	2	final_midword
ריןודכר	2	final_midword
ריןי	2	final_midword
ריןמ	2	final_midword
רםז	2	final_midword
רעךעד	2	final_midword
רץגד	2	final_midword
רקםמד	2	final_midword
שn	2	mixed
שאיןלהם	2	final_midword
שאיןם	2	final_midword
שהםמ	2	final_midword
שויןה	2	final_midword
שוםהו	2	final_midword
שחןגב	2	final_midword
שטףגא	2	final_midword
שטףגב	2	final_midword
שייךם	2	final_midword
שךב	2	final_midword
שךגא	2	final_midword
שךד	2	final_midword
שלמיםג	2	final_midword
שםא	2	final_midword
שםגד	2	final_midword
שםז	2	final_midword
שםיט	2	final_midword
שםכג	2	final_midword
שםכד	2	final_midword
שםכה	2	final_midword
שםל	2	final_midword
שםלג	2	final_midword
שםן	2	final_midword
שםש	2	final_midword
שםשם	2	final_midword
שמעןן	2	final_midword
שמתכסימןת	2	final_midword
שןם	2	final_midword
שנאןאדהכי	2	final_midword
שףגד	2	final_midword
תj	2	mixed
תהליםח	2	final_midword
תהליםטז	2	final_midword
תהליםצא	2	final_midword
תהליםקד	2	final_midword
תוספןת	2	final_midword
תיךוא	2	final_midword
תךג	2	final_midword
תךו	2	final_midword
תךוית	2	final_midword
תםב	2	final_midword
תןגב	2	final_midword
תקךד	2	final_midword
תריןסמכין	2	final_midword
תרךח	2	final_midword
תרךט	2	final_midword
aולחן	1	mixed
aךשו	1	mixed
aמט	1	mixed
aתפה	1	mixed
berlהng	1	mixed
brbאיש	1	mixed
bגד	1	mixed
bהhr	1	mixed
bהנה	1	mixed
bחמן	1	mixed
bטל	1	mixed
bיבאר	1	mixed
bיחקור	1	mixed
bל	1	mixed
bלמשמרת	1	mixed
bלסרוק	1	mixed
bמ	1	mixed
bמי	1	mixed
bעתר	1	mixed
bצ	1	mixed
bראה	1	mixed
cloistreחצר	1	mixed
coursesמלה	1	mixed
cרייתא	1	mixed
dbשל	1	mixed
dcא	1	mixed
ducksולא	1	mixed
esbaneiementאו	1	mixed
feltrק	1	mixed
fדאמר	1	mixed
fדאמרינן	1	mixed
gabbeעל	1	mixed
gxeהגרחק	1	mixed
gוד	1	mixed
gל	1	mixed
gעב	1	mixed
hhאין	1	mixed
hהא	1	mixed
hהושע	1	mixed
hכלו	1	mixed
ignoreכ	1	mixed
ignoreכא	1	mixed
iהריבש	1	mixed
iמוטעמת	1	mixed
iשלא	1	mixed
jjבשוע	1	mixed
jיבת	1	mixed
jשב	1	mixed
jשוב	1	mixed
kצrmend	1	mixed
kצrצs	1	mixed
kצורך	1	mixed
listerineהוא	1	mixed
lצb	1	mixed
lתפילין	1	mixed
markerיריעות	1	mixed
mczצ	1	mixed
milbeאקרית	1	mixed
nדמה	1	mixed
nים	1	mixed
nכוונית	1	mixed
nספרו	1	mixed
nשד	1	mixed
onפניו	1	mixed
perdixי	1	mixed
pטור	1	mixed
pן	1	mixed
pתח	1	mixed
refבענין	1	mixed
refוראה	1	mixed
rל	1	mixed
smallהגהה	1	mixed
smallועל	1	mixed
smallעל	1	mixed
stצhr	1	mixed
sבהנאה	1	mixed
sלאכול	1	mixed
sש	1	mixed
tאלהים	1	mixed
tלא	1	mixed
tצrףk	1	mixed
uע	1	mixed
vוהמה	1	mixed
vזרם	1	mixed
vמכביים	1	mixed
vנה	1	mixed
wהלכה	1	mixed
wכל	1	mixed
wמאלו	1	mixed
wרויה	1	mixed
xאה	1	mixed
xאל	1	mixed
xוף	1	mixed
xי	1	mixed
xעי	1	mixed
xפי	1	mixed
xפרים	1	mixed
xתאוותיו	1	mixed
zכר	1	mixed
אaר	1	mixed
אih	1	mixed
אjר	1	mixed
אk	1	mixed
אl	1	mixed
אmakoth	1	mixed
אnת	1	mixed
אo	1	mixed
אp	1	mixed
אr	1	mixed
אuר	1	mixed
אxחcד	1	mixed
אzחzד	1	mixed
אאאאאא	1	repeat_letter
אאאאאאא	1	repeat_letter
אאאאאאאאאאאא	1	repeat_letter
אאאאאאאאאאאאאאאא	1	repeat_letter
אאהכןך	1	final_midword
אאהןשאאא	1	final_midword
אאןלכף	1	final_midword
אבהתךוא	1	final_midword
אבהתכוןביומא	1	final_midword
אבוךו	1	final_midword
אבותםבנים	1	final_midword
אביךלעולם	1	final_midword
אבימלךעל	1	final_midword
אבינעםמ	1	final_midword
אבלםאש	1	final_midword
אבןמה	1	final_midword
אבןשאינו	1	final_midword
אבןתקומה	1	final_midword
אבניםכ	1	final_midword
אבעבעיןסגי	1	final_midword
אברהםהם	1	final_midword
אברהםשנעשה	1	final_midword
אבריםוקופים	1	final_midword
אדםבריא	1	final_midword
אדםגא	1	final_midword
אדםד	1	final_midword
אדםהבאת	1	final_midword
אדםהדירה	1	final_midword
אדםהוה	1	final_midword
אדםומה	1	final_midword
אדםחיוד	1	final_midword
אדםיד	1	final_midword
אדםלכרע	1	final_midword
אדםלמחזי	1	final_midword
אדםלמימר	1	final_midword
אדםמעט	1	final_midword
אדםנפ	1	final_midword
אדםעפרא	1	final_midword
אהרןבספר	1	final_midword
אהרןברכו	1	final_midword
אוt	1	mixed
אולוףו	1	final_midword
אומדיןכמה	1	final_midword
אומיןסי	1	final_midword
אומריםאין	1	final_midword
אומריםעישהיתה	1	final_midword
אומריםשלא	1	final_midword
אונןד	1	final_midword
אונסיםילא	1	final_midword
אונסימןן	1	final_midword
אוסיףעוד	1	final_midword
אותםזבחישלמים	1	final_midword
אותםשנים	1	final_midword
אותםשראו	1	final_midword
אותןך	1	final_midword
אותןלומר	1	final_midword
אותקבאותוגוןשלה	1	final_midword
אזליןותיבין	1	final_midword
אזלינןתיקו	1	final_midword
אזמןמימרי	1	final_midword
אזנךבזעיר	1	final_midword
אחדיםודעתו	1	final_midword
אחיםך	1	final_midword
אחךי	1	final_midword
אחןרים	1	final_midword
אחרוןבלבד	1	final_midword
אחרוןלית	1	final_midword
אחריהםדתקון	1	final_midword
אחריכםאותם	1	final_midword
אחריםאכ	1	final_midword
אחריםי	1	final_midword
אחרינt	1	mixed
אחרןבר	1	final_midword
אחרניןו	1	final_midword
אחרניןוא	1	final_midword
איבהםוהוי	1	final_midword
איבריםא	1	final_midword
איבריםב	1	final_midword
אייןמיירער	1	final_midword
איךולמה	1	final_midword
איךיביא	1	final_midword
איךימות	1	final_midword
איךך	1	final_midword
איךמטרא	1	final_midword
איךנאמנת	1	final_midword
איכווןלמרור	1	final_midword
אילןחקלא	1	final_midword
אילןלמיכל	1	final_midword
איםוא	1	final_midword
איםורין	1	final_midword
אימוריםטמא	1	final_midword
איןאשה	1	final_midword
איןבו	1	final_midword
איןדם	1	final_midword
איןזה	1	final_midword
איןט	1	final_midword
איןיחמנן	1	final_midword
איןכאן	1	final_midword
איןכהדא	1	final_midword
איןלה	1	final_midword
איןלהם	1	final_midword
איןלו	1	final_midword
איןלוקין	1	final_midword
איןלחוש	1	final_midword
איןלך	1	final_midword
איןלנו	1	final_midword
איןלשמוח	1	final_midword
איןם	1	final_midword
איןמביא	1	final_midword
איןמן	1	final_midword
איןמקיים	1	final_midword
איןמתקררין	1	final_midword
איןסליק	1	final_midword
איןעכשיו	1	final_midword
איןצריך	1	final_midword
איןקיום	1	final_midword
איןקרבנו	1	final_midword
איןראיה	1	final_midword
איןרשעים	1	final_midword
איןשבועות	1	final_midword
אינוןלעלמא	1	final_midword
איפןך	1	final_midword
איפשיטאx	1	mixed
איצטריךב	1	final_midword
איצטריךמאחת	1	final_midword
איצטריךקרא	1	final_midword
אירוסיןנכנסו	1	final_midword
אךp	1	mixed
אךא	1	final_midword
אךאאדמור	1	final_midword
אךאינו	1	final_midword
אךב	1	final_midword
אךברי	1	final_midword
אךד	1	final_midword
אךו	1	final_midword
אךך	1	final_midword
אךלפז	1	final_midword
אךם	1	final_midword
אךמ	1	final_midword
אךנדר	1	final_midword
אכליןו	1	final_midword
אכןז	1	final_midword
אלאאפילוהאיךנמי	1	final_midword
אלההוןדי	1	final_midword
אלהיךואתה	1	final_midword
אלהיכםשכך	1	final_midword
אלהיםבשמים	1	final_midword
אלהיםואמר	1	final_midword
אלהיםז	1	final_midword
אלהיםיי	1	final_midword
אלהיםלמצר	1	final_midword
אלהיםמ	1	final_midword
אלהיםעבד	1	final_midword
אלהיםעקא	1	final_midword
אלהיםצבא	1	final_midword
אלהיםקר	1	final_midword
אלהיןאנא	1	final_midword
אלהךא	1	final_midword
אלהךולא	1	final_midword
אלהךותחדי	1	final_midword
אלהךלבן	1	final_midword
אלהךלכל	1	final_midword
אלהךלמגנא	1	final_midword
אלהךלמהך	1	final_midword
אלהךלפרעה	1	final_midword
אלהךלתמן	1	final_midword
אלהךמ	1	final_midword
אלהךממצר	1	final_midword
אלהךמן	1	final_midword
אלהךמעל	1	final_midword
אלהךמתרכה	1	final_midword
אלהךנדב	1	final_midword
אלהךעל	1	final_midword
אלהןיתיך	1	final_midword
אלהןלמע	1	final_midword
אלהןעל	1	final_midword
אלוףר	1	final_midword
אליהםאלא	1	final_midword
אלייריןגא	1	final_midword
אליךה	1	final_midword
אליךך	1	final_midword
אליליםף	1	final_midword
אליןאנון	1	final_midword
אליןארי	1	final_midword
אליןדחל	1	final_midword
אליןהיכא	1	final_midword
אליןזרעית	1	final_midword
אליןילידת	1	final_midword
אליןליעקב	1	final_midword
אליןרברבי	1	final_midword
אליניךויימר	1	final_midword
אלםא	1	final_midword
אלףגמלדלתלמד	1	final_midword
אלףואו	1	final_midword
אלףכףפיקוף	1	final_midword
אלףסלעין	1	final_midword
אלףף	1	final_midword
אלפיןבית	1	final_midword
אלקוךו	1	final_midword
אלקיךמ	1	final_midword
אםאז	1	final_midword
אםאיש	1	final_midword
אםאית	1	final_midword
אםאס	1	final_midword
אםב	1	final_midword
אםבר	1	final_midword
אםגב	1	final_midword
אםגד	1	final_midword
אםגו	1	final_midword
אםדכר	1	final_midword
אםה	1	final_midword
אםהביא	1	final_midword
אםונמה	1	final_midword
אםוריו	1	final_midword
אםורים	1	final_midword
אםחורתך	1	final_midword
אםטרטיג	1	final_midword
אםטרטיגים	1	final_midword
אםי	1	final_midword
אםיבא	1	final_midword
אםיה	1	final_midword
אםיהא	1	final_midword
אםיזיל	1	final_midword
אםיכול	1	final_midword
אםילו	1	final_midword
אםיק	1	final_midword
אםירצה	1	final_midword
אםית	1	final_midword
אםכ	1	final_midword
אםלה	1	final_midword
אםלית	1	final_midword
אםלמקרי	1	final_midword
אםלעשות	1	final_midword
אםמ	1	final_midword
אםמכוון	1	final_midword
אםמן	1	final_midword
אםמס	1	final_midword
אםמעשרין	1	final_midword
אםמת	1	final_midword
אםמתיבין	1	final_midword
אםנאנס	1	final_midword
אםנגוי	1	final_midword
אםנסיב	1	final_midword
אםס	1	final_midword
אםסוף	1	final_midword
אםף	1	final_midword
אםפשר	1	final_midword
אםרי	1	final_midword
אםרינן	1	final_midword
אםש	1	final_midword
אםשוויתי	1	final_midword
אםשלענין	1	final_midword
אםתטיב	1	final_midword
אםתר	1	final_midword
אםתשכבון	1	final_midword
אמךא	1	final_midword
אמךבדיל	1	final_midword
אמןבשלשה	1	final_midword
אמןגב	1	final_midword
אמןוכמ	1	final_midword
אמןיעבד	1	final_midword
אמןנתם	1	final_midword
אמןעבד	1	final_midword
אמנםיש	1	final_midword
אמרu	1	mixed
אמריןדרחלין	1	final_midword
אמריןנ	1	final_midword
אמריןעל	1	final_midword
אמרינןאף	1	final_midword
אמרינןביה	1	final_midword
אמרינןבסוגיין	1	final_midword
אמרינןדלא	1	final_midword
אמרינןכמ	1	final_midword
אמרינןכן	1	final_midword
אמרכליןב	1	final_midword
אמרכליןג	1	final_midword
אמרןן	1	final_midword
אמרנןי	1	final_midword
אןב	1	final_midword
אןגד	1	final_midword
אןחוריהם	1	final_midword
אןחרת	1	final_midword
אןך	1	final_midword
אןכל	1	final_midword
אןשששן	1	final_midword
אןתה	1	final_midword
אנוןדקימין	1	final_midword
אנוןמתרעמין	1	final_midword
אנוןעדא	1	final_midword
אנטיויוויסעקצאניסטןוכבר	1	final_midword
אנשיםב	1	final_midword
אסוריןא	1	final_midword
אסימןנטירונג	1	final_midword
אסימןפת	1	final_midword
אסימןק	1	final_midword
אסימןקו	1	final_midword
אסיריןוחמרין	1	final_midword
אסןר	1	final_midword
אסןרין	1	final_midword
אסףכמושגאמר	1	final_midword
אףבהקדש	1	final_midword
אףבמי	1	final_midword
אףבמקום	1	final_midword
אףבעז	1	final_midword
אףבקושי	1	final_midword
אףבשאינו	1	final_midword
אףבשמיני	1	final_midword
אףד	1	final_midword
אףדאינו	1	final_midword
אףדהוי	1	final_midword
אףילו	1	final_midword
אףלמש	1	final_midword
אףמספק	1	final_midword
אףצ	1	final_midword
אףשאינו	1	final_midword
אףשהטעם	1	final_midword
אףשראתה	1	final_midword
אפוטרופסימןן	1	final_midword
אפילךו	1	final_midword
אפיפןם	1	final_midword
אפםס	1	final_midword
אפריוןנמטי	1	final_midword
אפריםים	1	final_midword
אצןם	1	final_midword
אקצןף	1	final_midword
ארבעהימיםוארבעהלילות	1	final_midword
ארבעיםפרסי	1	final_midword
ארבעתןדיין	1	final_midword
ארוםיע	1	final_midword
ארוםמרדו	1	final_midword
ארוןקימא	1	final_midword
ארזןגא	1	final_midword
ארחךואין	1	final_midword
אריןע	1	final_midword
ארךגא	1	final_midword
ארךגה	1	final_midword
ארםבי	1	final_midword
ארםד	1	final_midword
ארםדי	1	final_midword
ארםואת	1	final_midword
ארםוגברא	1	final_midword
ארםוהא	1	final_midword
ארםויתבנא	1	final_midword
ארמןן	1	final_midword
ארןגב	1	final_midword
ארץהית	1	final_midword
ארץשהוציא	1	final_midword
אשכףגא	1	final_midword
אשלםואין	1	final_midword
אשםבית	1	final_midword
אשןגג	1	final_midword
אתווןוכן	1	final_midword
אתווןם	1	final_midword
אתוןן	1	final_midword
אתםא	1	final_midword
אתןלו	1	final_midword
בal	1	mixed
בaluminum	1	mixed
בaד	1	mixed
בfoil	1	mixed
בl	1	mixed
בmag	1	mixed
בnי	1	mixed
בpack	1	mixed
בpeeler	1	mixed
בyיל	1	mixed
באדוםטאט	1	final_midword
באדםאסור	1	final_midword
באוזןהבכור	1	final_midword
באומריםבחקירות	1	final_midword
באונםו	1	final_midword
באונסימןן	1	final_midword
באוסימןיה	1	final_midword
באותןהלכות	1	final_midword
באילןואכ	1	final_midword
באילןצ	1	final_midword
באיםהנ	1	final_midword
באירוסימןן	1	final_midword
באלףך	1	final_midword
באלקיםך	1	final_midword
באםאן	1	final_midword
באםמח	1	final_midword
באםת	1	final_midword
באןבשע	1	final_midword
באןפן	1	final_midword
באנוסימןם	1	final_midword
באסימןן	1	final_midword
באץור	1	final_midword
בארחתהוןור	1	final_midword
בארץו	1	final_midword
בארץישראל	1	final_midword
בארץך	1	final_midword
באשםשכשר	1	final_midword
בבk	1	mixed
בבניךעד	1	final_midword
בגדיהםלשון	1	final_midword
בגדיםביחד	1	final_midword
בגדןלה	1	final_midword
בגווןן	1	final_midword
בגוףהקרקע	1	final_midword
בגורןח	1	final_midword
בגיטיןד	1	final_midword
בגיטןין	1	final_midword
בגרותןועי	1	final_midword
בדבריךאצל	1	final_midword
בדבריםפטור	1	final_midword
בדוןאורחא	1	final_midword
בדוןלעלמא	1	final_midword
בדייניןו	1	final_midword
בדיןהעמדה	1	final_midword
בדיןטבין	1	final_midword
בדיןטומאת	1	final_midword
בדיןמכירי	1	final_midword
בדיניןרברבין	1	final_midword
בדךלי	1	final_midword
בדםהפסולים	1	final_midword
בדםהפסח	1	final_midword
בדמםיק	1	final_midword
בדרבנןו	1	final_midword
בדרוםשולחן	1	final_midword
בהgרת	1	mixed
בהגv	1	mixed
בהגvות	1	mixed
בהגהןת	1	final_midword
בהוןאל	1	final_midword
בהוןבק	1	final_midword
בהוןברם	1	final_midword
בהוןונח	1	final_midword
בהוןחליל	1	final_midword
בהוןיי	1	final_midword
בהוןלעיני	1	final_midword
בהוןלקרבא	1	final_midword
בהוןעוד	1	final_midword
בהחךו	1	final_midword
בהךמשום	1	final_midword
בהםא	1	final_midword
בהםהחשש	1	final_midword
בהםהשם	1	final_midword
בהםויש	1	final_midword
בהםח	1	final_midword
בהםחמי	1	final_midword
בהםי	1	final_midword
בהםמכל	1	final_midword
בהםעינוי	1	final_midword
בהםפ	1	final_midword
בהםשהרי	1	final_midword
בהםשלא	1	final_midword
בהםתכלותם	1	final_midword
בהםתלקות	1	final_midword
בהמשךגירסת	1	final_midword
בהןאר	1	final_midword
בהןה	1	final_midword
בהןו	1	final_midword
בהצלחתךף	1	final_midword
בהצלחתךףך	1	final_midword
בהרמבןן	1	final_midword
בהשךמה	1	final_midword
בהתאםף	1	final_midword
בהתהלכךתנחה	1	final_midword
בהתכוןאתגלי	1	final_midword
בוzה	1	mixed
בויםגארטן	1	final_midword
בוךלי	1	final_midword
בוכיןבחוץ	1	final_midword
בוןח	1	final_midword
בוסםעובד	1	final_midword
בורגניןד	1	final_midword
בורסימןף	1	final_midword
בזזיןיתהון	1	final_midword
בזמןה	1	final_midword
בזמןהזה	1	final_midword
בחברךסהד	1	final_midword
בחוץוזש	1	final_midword
בחורבנןהרואה	1	final_midword
בחזוניןרברבין	1	final_midword
בחזקתןהא	1	final_midword
בחייםאסור	1	final_midword
בחיןלאלהא	1	final_midword
בחירןוכל	1	final_midword
בחיתוךהמלות	1	final_midword
בחםשנגע	1	final_midword
בחמריןוזנ	1	final_midword
בחןל	1	final_midword
בחנםא	1	final_midword
בטיליןיד	1	final_midword
בטכסימןס	1	final_midword
בטלניןאנ	1	final_midword
בידיכוןותיכל	1	final_midword
בידךדתעבד	1	final_midword
בידךך	1	final_midword
בידםכם	1	final_midword
ביהוןלבנוהי	1	final_midword
ביהושןע	1	final_midword
ביוy	1	mixed
ביוםאחד	1	final_midword
ביוםהאחרון	1	final_midword
ביוםשלפניו	1	final_midword
בייןא	1	final_midword
ביךכמא	1	final_midword
ביכוריםהבכורים	1	final_midword
בילדיםאם	1	final_midword
ביםגעפום	1	final_midword
בימיהםב	1	final_midword
ביןאנחנא	1	final_midword
ביןאת	1	final_midword
ביןבית	1	final_midword
ביןג	1	final_midword
ביןהשבתתו	1	final_midword
ביןוייכ	1	final_midword
ביןותקיעת	1	final_midword
ביןחבר	1	final_midword
ביןחירם	1	final_midword
ביןיג	1	final_midword
ביןיתבי	1	final_midword
ביןליליא	1	final_midword
ביןלקריאת	1	final_midword
ביןם	1	final_midword
ביןמ	1	final_midword
ביןמגדול	1	final_midword
ביןמימרי	1	final_midword
ביןמלילן	1	final_midword
ביןמתנה	1	final_midword
ביןן	1	final_midword
ביןנה	1	final_midword
ביןנקמצה	1	final_midword
ביןעדרא	1	final_midword
ביןעזקה	1	final_midword
ביןקדמך	1	final_midword
ביןקודם	1	final_midword
ביןרעותי	1	final_midword
ביניהוןסחור	1	final_midword
ביניהםד	1	final_midword
ביניהםואם	1	final_midword
ביניהןה	1	final_midword
בינךו	1	final_midword
בינתייםת	1	final_midword
בינתיםם	1	final_midword
בירדןוטהר	1	final_midword
בירושליםא	1	final_midword
בישועתl	1	mixed
בךוחסדך	1	final_midword
בךועד	1	final_midword
בךח	1	final_midword
בךיי	1	final_midword
בךמ	1	final_midword
בךמס	1	final_midword
בךרחמי	1	final_midword
בכאןהוא	1	final_midword
בכבכבכםה	1	final_midword
בכהןהדיוט	1	final_midword
בכוןנת	1	final_midword
בכוריםם	1	final_midword
בכיןועזקן	1	final_midword
בכךד	1	final_midword
בכךדכפי	1	final_midword
בכלןף	1	final_midword
בכסףב	1	final_midword
בכריתןןת	1	final_midword
בכרןיומא	1	final_midword
בלאויןא	1	final_midword
בלךא	1	final_midword
בלםרבה	1	final_midword
בלמודיםץ	1	final_midword
בלןגא	1	final_midword
בלןגב	1	final_midword
בלעםוחזא	1	final_midword
בלעםונפק	1	final_midword
בלשןן	1	final_midword
בםבת	1	final_midword
בםוה	1	final_midword
בםז	1	final_midword
בםי	1	final_midword
בםיטל	1	final_midword
בםייעתא	1	final_midword
בםן	1	final_midword
בםע	1	final_midword
בםפדר	1	final_midword
בםפרו	1	final_midword
בםרק	1	final_midword
בםתר	1	final_midword
במאםם	1	final_midword
במהבארנואתהפסוקיםהללו	1	final_midword
במומיi	1	mixed
במוסףאוספין	1	final_midword
במיחזיהוןצ	1	final_midword
במיםי	1	final_midword
במיםיא	1	final_midword
במיץה	1	final_midword
במםכת	1	final_midword
במםכתא	1	final_midword
בממוןאחר	1	final_midword
במסימןלה	1	final_midword
במסימןרה	1	final_midword
במסךהפתח	1	final_midword
במצןת	1	final_midword
במצריםדבר	1	final_midword
במצריםואחזי	1	final_midword
במצריםוית	1	final_midword
במצריםלא	1	final_midword
במצריםלמן	1	final_midword
במצריםם	1	final_midword
במקוםab	1	mixed
במקוםfroit	1	mixed
במקוםד	1	final_midword
במקוםה	1	final_midword
במקוםהטומאה	1	final_midword
במקוםזה	1	final_midword
במקוםן	1	final_midword
במקוםנבזה	1	final_midword
במקוןם	1	final_midword
במקןם	1	final_midword
במקרבהוןלמדבחא	1	final_midword
במשמרתןוקבלו	1	final_midword
במתניתיןדנגע	1	final_midword
במתניתיןשם	1	final_midword
בןא	1	final_midword
בןגא	1	final_midword
בןגמרון	1	final_midword
בןה	1	final_midword
בןהקנה	1	final_midword
בןו	1	final_midword
בןזכאי	1	final_midword
בןזקנים	1	final_midword
בןחרש	1	final_midword
בןלך	1	final_midword
בןם	1	final_midword
בןן	1	final_midword
בןסתות	1	final_midword
בןץ	1	final_midword
בנt	1	mixed
בנגעיםאפילו	1	final_midword
בנותןבמתנה	1	final_midword
בניךבתר	1	final_midword
בניךוענך	1	final_midword
בניכוןמא	1	final_midword
בניםיד	1	final_midword
בניםן	1	final_midword
בנימוסימןן	1	final_midword
בניןועל	1	final_midword
בניןותתע	1	final_midword
בניןלשיטתו	1	final_midword
בניןעל	1	final_midword
בנךעממין	1	final_midword
בנכסיךדצריך	1	final_midword
בנןא	1	final_midword
בנןגע	1	final_midword
בנןי	1	final_midword
בנתהוןבתר	1	final_midword
בנתךוכל	1	final_midword
בסhמפונות	1	mixed
בסוףולמרות	1	final_midword
בסוףלון	1	final_midword
בסוףמעת	1	final_midword
בסוףנראה	1	final_midword
בסוףעל	1	final_midword
בסוףת	1	final_midword
בסופםאדם	1	final_midword
בסטאניםלאב	1	final_midword
בסימןב	1	final_midword
בסימןבת	1	final_midword
בסימןומן	1	final_midword
בסימןי	1	final_midword
בסימןיעל	1	final_midword
בסימןלתא	1	final_midword
בסימןמטא	1	final_midword
בסימןפרא	1	final_midword
בסירןמ	1	final_midword
בסךא	1	final_midword
בסךג	1	final_midword
בסךד	1	final_midword
בסםגא	1	final_midword
בסמוךואמאי	1	final_midword
בסעדךודין	1	final_midword
בסעדךוית	1	final_midword
בסעדךמימרא	1	final_midword
בסעיףק	1	final_midword
בספותךמט	1	final_midword
בספריםדידן	1	final_midword
בסתםצוואות	1	final_midword
בעבותיםוהלך	1	final_midword
בעבירתןי	1	final_midword
בעדיםא	1	final_midword
בעדןמלקדמין	1	final_midword
בעהבamp	1	mixed
בעולםבקניה	1	final_midword
בעולםטומאת	1	final_midword
בעולםם	1	final_midword
בעיןדקלין	1	final_midword
בעיןו	1	final_midword
בעיןוחמ	1	final_midword
בעיןותלתא	1	final_midword
בעיןמן	1	final_midword
בעיןמסבי	1	final_midword
בעיניהוןבית	1	final_midword
בעינןאמר	1	final_midword
בעינןג	1	final_midword
בעינןשלא	1	final_midword
בעינןשנה	1	final_midword
בעירךוית	1	final_midword
בעירךע	1	final_midword
בעכןם	1	final_midword
בעליםבזה	1	final_midword
בעליםונחלקו	1	final_midword
בעמךלא	1	final_midword
בעןהז	1	final_midword
בעניןם	1	final_midword
בערןך	1	final_midword
בפw	1	mixed
בפיםך	1	final_midword
בפךה	1	final_midword
בפלחנהוןוחזא	1	final_midword
בפלןני	1	final_midword
בפןסקים	1	final_midword
בפניםl	1	mixed
בפניםאיסור	1	final_midword
בפניםאף	1	final_midword
בפניםיוצאאור	1	final_midword
בפסימןקת	1	final_midword
בפעסימןא	1	final_midword
בפרעוןאינו	1	final_midword
בפתןח	1	final_midword
בץגג	1	final_midword
בץגד	1	final_midword
בצונןא	1	final_midword
בציבורamp	1	mixed
בציוןולך	1	final_midword
בציםורי	1	final_midword
בציןגב	1	final_midword
בצלותהוןמתרעי	1	final_midword
בצלמיםא	1	final_midword
בצפוןמזבח	1	final_midword
בקדשיםא	1	final_midword
בקורדייקוםס	1	final_midword
בקידושיןישראל	1	final_midword
בקידןושין	1	final_midword
בקימםייון	1	final_midword
בקןא	1	final_midword
בקנןי	1	final_midword
בראשוןן	1	final_midword
ברביםב	1	final_midword
ברביםחיוב	1	final_midword
ברביםלאמר	1	final_midword
ברהםאלה	1	final_midword
ברהםאנא	1	final_midword
ברהםואזל	1	final_midword
ברהםואלה	1	final_midword
ברהםז	1	final_midword
ברהםיצחק	1	final_midword
ברהםית	1	final_midword
ברהםלך	1	final_midword
ברהםלמימר	1	final_midword
ברהםלמס	1	final_midword
ברהםמ	1	final_midword
ברהםעל	1	final_midword
ברהםק	1	final_midword
ברוךב	1	final_midword
ברוךל	1	final_midword
בריךהוא	1	final_midword
בריךיי	1	final_midword
בריךית	1	final_midword
בריךיתהון	1	final_midword
בריןבתרך	1	final_midword
בריןר	1	final_midword
ברךגג	1	final_midword
ברךגו	1	final_midword
ברךעל	1	final_midword
ברכםה	1	final_midword
ברםביומא	1	final_midword
ברםהוה	1	final_midword
ברםזמנא	1	final_midword
ברםלמצר	1	final_midword
ברןך	1	final_midword
ברעתיךן	1	final_midword
ברץגב	1	final_midword
בשבילםא	1	final_midword
בשבתamp	1	mixed
בשבתx	1	mixed
בשוuיה	1	mixed
בשוםן	1	final_midword
בשךסק	1	final_midword
בשלוםף	1	final_midword
בשלםא	1	final_midword
בשםהרב	1	final_midword
בשםישראל	1	final_midword
בשםמהרמרב	1	final_midword
בשםראביה	1	final_midword
בשםרי	1	final_midword
בשםרשבל	1	final_midword
בשמותםל	1	final_midword
בשןם	1	final_midword
בשעw	1	mixed
בששיםריבוא	1	final_midword
בשתיםא	1	final_midword
בתrא	1	mixed
בתוךביתו	1	final_midword
בתוךח	1	final_midword
בתוךך	1	final_midword
בתוךם	1	final_midword
בתוםפתא	1	final_midword
בתיקוןשחיטתו	1	final_midword
בתירןץ	1	final_midword
בתךוספות	1	final_midword
בתכסימןס	1	final_midword
בתןס	1	final_midword
בתפיליןשיש	1	final_midword
בתקוףידא	1	final_midword
גבןגג	1	final_midword
גבריןדחילא	1	final_midword
גבריןח	1	final_midword
גבריןרי	1	final_midword
גגגג	1	repeat_letter
גדםגב	1	final_midword
גויםיא	1	final_midword
גוססימןם	1	final_midword
גוףבגשמיות	1	final_midword
גוףף	1	final_midword
גופךלהתענג	1	final_midword
גורםולפי	1	final_midword
גורמיםלצדיקים	1	final_midword
גורסימןם	1	final_midword
גורסיןם	1	final_midword
גזיםב	1	final_midword
גזךבעמך	1	final_midword
גזםגא	1	final_midword
גזםגב	1	final_midword
גזרתכוןלמרמי	1	final_midword
גיבןן	1	final_midword
גיןזכ	1	final_midword
גירושיןהלכה	1	final_midword
גלויםם	1	final_midword
גלוםקא	1	final_midword
גליוןא	1	final_midword
גליןקדם	1	final_midword
גלםגא	1	final_midword
גםאם	1	final_midword
גםבאכילה	1	final_midword
גםבהושיעה	1	final_midword
גםבטריפה	1	final_midword
גםביחיד	1	final_midword
גםבעהב	1	final_midword
גםגה	1	final_midword
גםגו	1	final_midword
גםה	1	final_midword
גםהחדר	1	final_midword
גםהעולמות	1	final_midword
גםזו	1	final_midword
גםס	1	final_midword
גםצריך	1	final_midword
גםתלישה	1	final_midword
גמליןדא	1	final_midword
גןגג	1	final_midword
גןזי	1	final_midword
גןי	1	final_midword
גןף	1	final_midword
גניןגב	1	final_midword
גנעסימןא	1	final_midword
געגאנגעןאינו	1	final_midword
גףגג	1	final_midword
גףגד	1	final_midword
גףגה	1	final_midword
גףגז	1	final_midword
גףגח	1	final_midword
גףל	1	final_midword
גץגא	1	final_midword
גץגג	1	final_midword
גרuשה	1	mixed
גרדםגא	1	final_midword
גרדםגב	1	final_midword
גרוןומעיו	1	final_midword
גריםאהכי	1	final_midword
גריסימןן	1	final_midword
גרםורק	1	final_midword
גרםקלקול	1	final_midword
גרסינןא	1	final_midword
גרסינןבפרק	1	final_midword
דb	1	mixed
דfחתימתו	1	mixed
דאf	1	mixed
דאבהתךלך	1	final_midword
דאברהםסוד	1	final_midword
דאזלינןלחומרא	1	final_midword
דאיךתני	1	final_midword
דאיןא	1	final_midword
דאיןדיחוי	1	final_midword
דאיןם	1	final_midword
דאיןמבטלים	1	final_midword
דאיןמברכין	1	final_midword
דאיןרשאי	1	final_midword
דאינוןאמרין	1	final_midword
דאיסוריןמבטלין	1	final_midword
דאךתו	1	final_midword
דאלהךאנא	1	final_midword
דאםא	1	final_midword
דאםאומרת	1	final_midword
דאםהמיר	1	final_midword
דאםור	1	final_midword
דאםורים	1	final_midword
דאםחוזר	1	final_midword
דאםיודע	1	final_midword
דאםלא	1	final_midword
דאםר	1	final_midword
דאמריbi	1	mixed
דאמרינןדעובר	1	final_midword
דאמרינןמגו	1	final_midword
דאמרינןמיגו	1	final_midword
דאנוסימןם	1	final_midword
דאסוריןכדרך	1	final_midword
דאסימןר	1	final_midword
דאףדמקלקל	1	final_midword
דאפוטרופסימןן	1	final_midword
דארטיןאיז	1	final_midword
דארםהוה	1	final_midword
דאתיןלא	1	final_midword
דאתיןלצלאה	1	final_midword
דאתעבידןלנא	1	final_midword
דבאנוסימןם	1	final_midword
דבבךדקימין	1	final_midword
דבבךו	1	final_midword
דבבךועל	1	final_midword
דבבךמקדמך	1	final_midword
דבגרושיןן	1	final_midword
דבהןפמ	1	final_midword
דבחיןלבבי	1	final_midword
דבחיןעל	1	final_midword
דביכוריםדיש	1	final_midword
דביןר	1	final_midword
דבכסףנשתעבדו	1	final_midword
דבלעםואמר	1	final_midword
דבמקוםאמי	1	final_midword
דבניךלמרחם	1	final_midword
דבנימןארי	1	final_midword
דבסימןים	1	final_midword
דבסימןפא	1	final_midword
דבעינךעל	1	final_midword
דבעןא	1	final_midword
דבעצםהוא	1	final_midword
דבקדשיםלא	1	final_midword
דבראחרלאתעשהלךפסלוגו	1	final_midword
דבראךיעקב	1	final_midword
דבריהםואומרים	1	final_midword
דבריהםויש	1	final_midword
דבריםבעלמא	1	final_midword
דבריםגוף	1	final_midword
דבריםה	1	final_midword
דבריםהם	1	final_midword
דבריםז	1	final_midword
דבריםח	1	final_midword
דבריםט	1	final_midword
דבריםטו	1	final_midword
דבריםטז	1	final_midword
דבריםיב	1	final_midword
דבריםיח	1	final_midword
דבריםכ	1	final_midword
דבריםכב	1	final_midword
דבריםכה	1	final_midword
דבריםכו	1	final_midword
דבריםכט	1	final_midword
דגיטןין	1	final_midword
דגםיש	1	final_midword
דגםלבוד	1	final_midword
דגםם	1	final_midword
דגםמדברי	1	final_midword
דגןן	1	final_midword
דגרסימןנן	1	final_midword
דדיריןעמכ	1	final_midword
דהטעםדמבמ	1	final_midword
דהךדינא	1	final_midword
דהמברךכו	1	final_midword
דהמיםמצד	1	final_midword
דהןנ	1	final_midword
דהנךתכשיטין	1	final_midword
דהשx	1	mixed
דהתוסםות	1	final_midword
דהתםמשום	1	final_midword
דוגשןן	1	final_midword
דוכתיןבגמרא	1	final_midword
דומיץזקק	1	final_midword
דוןל	1	final_midword
דוןלחד	1	final_midword
דוןעל	1	final_midword
דונםכיהם	1	final_midword
דזv	1	mixed
דזבחיםב	1	final_midword
דזמיןלמהך	1	final_midword
דחברךעד	1	final_midword
דחיישינןלכשפים	1	final_midword
דחליןל	1	final_midword
דחלןדי	1	final_midword
דחןזר	1	final_midword
דחקיןלהון	1	final_midword
דחתוםהכשר	1	final_midword
דטןהנ	1	final_midword
דטעיםטעמא	1	final_midword
דטענינןמזוייף	1	final_midword
דיהוןמ	1	final_midword
דיהוןעסרין	1	final_midword
דיהושuע	1	mixed
דייניןואיכא	1	final_midword
דיךפינן	1	final_midword
דיכריןו	1	final_midword
דילןוכמו	1	final_midword
דילףלמדחל	1	final_midword
דילפינןמהפסוק	1	final_midword
דיןאלהי	1	final_midword
דיןאצלי	1	final_midword
דיןארי	1	final_midword
דיןב	1	final_midword
דיןבידך	1	final_midword
דיןבעולם	1	final_midword
דיןדי	1	final_midword
דיןדקט	1	final_midword
דיןונהי	1	final_midword
דיןוריש	1	final_midword
דיןיהי	1	final_midword
דיןימינא	1	final_midword
דיןית	1	final_midword
דיןלדייטב	1	final_midword
דיןלדריכ	1	final_midword
דיןלמהוי	1	final_midword
דיןלמרחם	1	final_midword
דיןלקדם	1	final_midword
דיןמ	1	final_midword
דיןמדחל	1	final_midword
דיןמלבד	1	final_midword
דיןמן	1	final_midword
דיןמסרבין	1	final_midword
דיןן	1	final_midword
דיןסטי	1	final_midword
דיןעמא	1	final_midword
דיןף	1	final_midword
דיןקדם	1	final_midword
דיןקדמ	1	final_midword
דיןקדמאין	1	final_midword
דיןקדמי	1	final_midword
דיןרחים	1	final_midword
דיןשותפין	1	final_midword
דיניהםשופטיהם	1	final_midword
דיניםחמץעיסת	1	final_midword
דיניןאנ	1	final_midword
דיתביןבהון	1	final_midword
דךאא	1	final_midword
דךאב	1	final_midword
דךבים	1	final_midword
דךד	1	final_midword
דךה	1	final_midword
דךזא	1	final_midword
דךזב	1	final_midword
דךח	1	final_midword
דךט	1	final_midword
דךר	1	final_midword
דכונסימןן	1	final_midword
דכופיןאותו	1	final_midword
דכיוןדבעל	1	final_midword
דכיוןדהאיסור	1	final_midword
דכיוןדהאשה	1	final_midword
דכיוןדהתובע	1	final_midword
דכיוןדחתימת	1	final_midword
דכיוןדיכולה	1	final_midword
דכיוןדלא	1	final_midword
דכיוןדמסית	1	final_midword
דכיוןדעוקבן	1	final_midword
דכיוןדקייל	1	final_midword
דכיוןן	1	final_midword
דכיןו	1	final_midword
דכיריןית	1	final_midword
דכלאיםבציצית	1	final_midword
דכלזמןשלא	1	final_midword
דכנעןדי	1	final_midword
דכנעןויהבת	1	final_midword
דכנעןית	1	final_midword
דכנעןעד	1	final_midword
דכסףו	1	final_midword
דכסףואנ	1	final_midword
דכסףודחלן	1	final_midword
דכסףחדא	1	final_midword
דכסףנגיד	1	final_midword
דכרמךלא	1	final_midword
דכתןבות	1	final_midword
דלבןאר	1	final_midword
דלדיךיה	1	final_midword
דלחםמ	1	final_midword
דליוחסימןן	1	final_midword
דלכךחוששין	1	final_midword
דלעיןנ	1	final_midword
דלעניןדמצוה	1	final_midword
דלעניןהזיוף	1	final_midword
דלעניןעיבור	1	final_midword
דלףל	1	final_midword
דלקמןבפ	1	final_midword
דלתבועd	1	mixed
דלתיןה	1	final_midword
דםד	1	final_midword
דםדכ	1	final_midword
דםזרעין	1	final_midword
דםיהי	1	final_midword
דםית	1	final_midword
דםכין	1	final_midword
דםלידה	1	final_midword
דםמיך	1	final_midword
דםן	1	final_midword
דםפדר	1	final_midword
דםפסלא	1	final_midword
דםקדמ	1	final_midword
דםר	1	final_midword
דםרוץ	1	final_midword
דםתמיה	1	final_midword
דמnש	1	mixed
דמאןדמוקי	1	final_midword
דמבסםלכל	1	final_midword
דמגליןלנא	1	final_midword
דמוליכיןנ	1	final_midword
דמחייביםבשל	1	final_midword
דמטטרוןוהוא	1	final_midword
דמיךיי	1	final_midword
דמיםאמר	1	final_midword
דמיםובפרק	1	final_midword
דמיםכו	1	final_midword
דמיתנוןל	1	final_midword
דמםבדרום	1	final_midword
דמםתייה	1	final_midword
דמןהאירוסין	1	final_midword
דמןקדמ	1	final_midword
דמןרחיק	1	final_midword
דמפסימןד	1	final_midword
דמצריםבחיל	1	final_midword
דמצריםית	1	final_midword
דמצריםל	1	final_midword
דמצריםלגבבא	1	final_midword
דמצריםמאנ	1	final_midword
דמצריםמב	1	final_midword
דמצריםמעדן	1	final_midword
דמריםידי	1	final_midword
דמשוםתיקון	1	final_midword
דמתיליןלחיות	1	final_midword
דמתניתיןמשום	1	final_midword
דמתנןא	1	final_midword
דמתנןוכל	1	final_midword
דמתעטףויושב	1	final_midword
דןאחיעזר	1	final_midword
דןה	1	final_midword
דןי	1	final_midword
דןל	1	final_midword
דןלזרעיתה	1	final_midword
דןמכני	1	final_midword
דןס	1	final_midword
דןק	1	final_midword
דןקא	1	final_midword
דןר	1	final_midword
דןת	1	final_midword
דנגדןממעמקי	1	final_midword
דנדריםהמתקן	1	final_midword
דנטליןית	1	final_midword
דניןלכ	1	final_midword
דנךלפתגמי	1	final_midword
דנכנסימןן	1	final_midword
דנןחיכת	1	final_midword
דנןימאיך	1	final_midword
דנןע	1	final_midword
דנצחיןבקרבא	1	final_midword
דסומכוםס	1	final_midword
דסוףוגבורן	1	final_midword
דסימיןסברה	1	final_midword
דסמיךעד	1	final_midword
דסןף	1	final_midword
דעאןנבני	1	final_midword
דעדייןלפירות	1	final_midword
דעדיםהחתומים	1	final_midword
דעדןלמפלח	1	final_midword
דעץא	1	final_midword
דעתםמתיישבת	1	final_midword
דעתןבורח	1	final_midword
דףג	1	final_midword
דףגא	1	final_midword
דףה	1	final_midword
דףזקן	1	final_midword
דףטז	1	final_midword
דףכ	1	final_midword
דףכה	1	final_midword
דףכז	1	final_midword
דףלח	1	final_midword
דףמב	1	final_midword
דףנו	1	final_midword
דףקיז	1	final_midword
דףקלד	1	final_midword
דפארןעל	1	final_midword
דפחותיםהם	1	final_midword
דפילןבמ	1	final_midword
דפןגב	1	final_midword
דפסימןקתא	1	final_midword
דפריךהשס	1	final_midword
דפריךשם	1	final_midword
דצדיקיןננטר	1	final_midword
דצריךשיחדש	1	final_midword
דקu	1	mixed
דקאםוממלל	1	final_midword
דקאםל	1	final_midword
דקדושיןא	1	final_midword
דקונמןת	1	final_midword
דקוריןאותה	1	final_midword
דקיקיןויעל	1	final_midword
דקםברי	1	final_midword
דקמסימןיע	1	final_midword
דקריביןלך	1	final_midword
דקריביןלקטילא	1	final_midword
דקתמיןזא	1	final_midword
דרh	1	mixed
דרj	1	mixed
דרn	1	mixed
דרבןנ	1	final_midword
דרבנןבריך	1	final_midword
דרבנןבשוגג	1	final_midword
דרבנןואיכא	1	final_midword
דרבנןכל	1	final_midword
דרבנןליכא	1	final_midword
דרבנןלקולא	1	final_midword
דרדףבתר	1	final_midword
דרדףסריק	1	final_midword
דרדףצדקתא	1	final_midword
דריםיח	1	final_midword
דרךחיבה	1	final_midword
דרעףי	1	final_midword
דשייךשמא	1	final_midword
דשםוכב	1	final_midword
דשמעוןקידושין	1	final_midword
דשןגא	1	final_midword
דשניהםאמת	1	final_midword
דתהפיךמלתא	1	final_midword
דתוךך	1	final_midword
דתריךיי	1	final_midword
הb	1	mixed
הhא	1	mixed
הjול	1	mixed
הjשש	1	mixed
הl	1	mixed
הlagos	1	mixed
הnחבר	1	mixed
הnיתו	1	mixed
הnצות	1	mixed
הp	1	mixed
הtelescope	1	mixed
הusda	1	mixed
הuא	1	mixed
הxעמה	1	mixed
הyוב	1	mixed
האhשקוטו	1	mixed
האjד	1	mixed
האבןששלחו	1	final_midword
האדnה	1	mixed
האדo	1	mixed
האדםאו	1	final_midword
האדםאמר	1	final_midword
האדםבשעה	1	final_midword
האדםלהיות	1	final_midword
האוכליןאין	1	final_midword
האוכליןהא	1	final_midword
האורךא	1	final_midword
האורךה	1	final_midword
האותשלהנתקנהבתקוןשלהאותה	1	final_midword
האחרוניםמצטרפין	1	final_midword
האימוריםבמה	1	final_midword
האליליםב	1	final_midword
האליןדרא	1	final_midword
האליןהמ	1	final_midword
האליןואקם	1	final_midword
האליןית	1	final_midword
האליןלא	1	final_midword
האליןלכל	1	final_midword
האליןמקדמך	1	final_midword
האליןעבד	1	final_midword
האםפותירי	1	final_midword
האנוןדאזלו	1	final_midword
האנשיםהעומדים	1	final_midword
האסוריםאלמא	1	final_midword
האפיקורסימןם	1	final_midword
הארחוןף	1	final_midword
האריךבמדרש	1	final_midword
האריךוהרחיב	1	final_midword
הארץובכלךררץ	1	final_midword
הארץוה	1	final_midword
הארץוממ	1	final_midword
הארץעם	1	final_midword
הארץרץ	1	final_midword
הבj	1	mixed
הבאיםמקרקע	1	final_midword
הביניםבמלה	1	final_midword
הבןא	1	final_midword
הבניםא	1	final_midword
הבניןאמלתרא	1	final_midword
הבעליםלא	1	final_midword
הברכההייןיין	1	final_midword
הגn	1	mixed
הגאוןן	1	final_midword
הגאוניםגזל	1	final_midword
הגוףבעפר	1	final_midword
הגוףהשם	1	final_midword
הגוףוזה	1	final_midword
הגוףף	1	final_midword
הגוףקסבר	1	final_midword
הגםשרא	1	final_midword
הגןגא	1	final_midword
הגרעיןב	1	final_midword
הדjי	1	mixed
הדבריםנכונים	1	final_midword
הדבריםשעד	1	final_midword
הדורסימןן	1	final_midword
הדייביםם	1	final_midword
הדיןאח	1	final_midword
הדיןאחיד	1	final_midword
הדיןאם	1	final_midword
הדיןארי	1	final_midword
הדיןאת	1	final_midword
הדיןאתיהב	1	final_midword
הדיןב	1	final_midword
הדיןביומא	1	final_midword
הדיןבכמה	1	final_midword
הדיןג	1	final_midword
הדיןדנן	1	final_midword
הדיןהניח	1	final_midword
הדיןואקטול	1	final_midword
הדיןובו	1	final_midword
הדיןועד	1	final_midword
הדיןועסרא	1	final_midword
הדיןיי	1	final_midword
הדיןלה	1	final_midword
הדיןלעמך	1	final_midword
הדיןמחיצות	1	final_midword
הדיןנ	1	final_midword
הדיןנפק	1	final_midword
הדיןף	1	final_midword
הדיןשילם	1	final_midword
הדיניםבמערכת	1	final_midword
הדלךפוס	1	final_midword
הדםא	1	final_midword
הדםבדורות	1	final_midword
הדםהאת	1	final_midword
הדמיוןי	1	final_midword
הדןי	1	final_midword
הדןין	1	final_midword
הדרוםה	1	final_midword
הדרוםט	1	final_midword
הדרךמתי	1	final_midword
הדרךשתפסו	1	final_midword
הדשןתרומת	1	final_midword
ההb	1	mixed
ההההההה	1	repeat_letter
ההולכיםעפי	1	final_midword
ההיןו	1	final_midword
ההכרחייםהוא	1	final_midword
ההםה	1	final_midword
הוk	1	mixed
הוגענוךוגו	1	final_midword
הוהץחמק	1	final_midword
הולךף	1	final_midword
הוןדכסף	1	final_midword
הוןה	1	final_midword
הוןזוא	1	final_midword
הוןי	1	final_midword
הוןסדרא	1	final_midword
הוףאו	1	final_midword
הוצאתיךמארץ	1	final_midword
הוצרךלפרש	1	final_midword
הוקםהמשכן	1	final_midword
הוקףא	1	final_midword
הורוויץזל	1	final_midword
הושלםם	1	final_midword
הזיוןיגים	1	final_midword
הזמןפטור	1	final_midword
החוטיןו	1	final_midword
החזןן	1	final_midword
החייםוהשלום	1	final_midword
החכםמהרם	1	final_midword
החכמיםיעשו	1	final_midword
החלuת	1	mixed
החמץעדיין	1	final_midword
החמריןשנכנסולעיר	1	final_midword
החמשיםך	1	final_midword
החפץן	1	final_midword
הטוטיןדשיין	1	final_midword
הטעםא	1	final_midword
הטעםדאין	1	final_midword
הטעםרק	1	final_midword
הטעמיםאם	1	final_midword
היjיד	1	mixed
היאבסתרוהםבגלוי	1	final_midword
היבוםב	1	final_midword
היבוםולכאורה	1	final_midword
היוםבלבד	1	final_midword
היוםהשני	1	final_midword
היוםחובה	1	final_midword
היוםיקדש	1	final_midword
היוםלשעבר	1	final_midword
היורשםי	1	final_midword
הייןא	1	final_midword
הייןה	1	final_midword
הייןואמר	1	final_midword
היךהבל	1	final_midword
היךמאן	1	final_midword
היךמעילא	1	final_midword
היךעובד	1	final_midword
היךצבינא	1	final_midword
היךקריתא	1	final_midword
הילl	1	mixed
הילוליםף	1	final_midword
הילכךד	1	final_midword
היםה	1	final_midword
הימיםבחדרו	1	final_midword
הימיםהאלה	1	final_midword
הימיםפ	1	final_midword
היץומה	1	final_midword
הךא	1	final_midword
הךז	1	final_midword
הךךי	1	final_midword
הךף	1	final_midword
הךץ	1	final_midword
הכהןהזר	1	final_midword
הכהןידבר	1	final_midword
הכהןלטמא	1	final_midword
הכוןן	1	final_midword
הכורךהקוטם	1	final_midword
הכיפוריםגלא	1	final_midword
הכיפוריםז	1	final_midword
הכיפוריםיג	1	final_midword
הכלבלשוןיחיד	1	final_midword
הכםא	1	final_midword
הכןה	1	final_midword
הכןןנה	1	final_midword
הכןקנאתא	1	final_midword
הכסימןל	1	final_midword
הכסףף	1	final_midword
הכפוריםמעכבין	1	final_midword
הכפוריםעכל	1	final_midword
הכפוריםפר	1	final_midword
הכרוזיםבחוץ	1	final_midword
הכתךוב	1	final_midword
הכתןוסילטא	1	final_midword
הלבושיםטור	1	final_midword
הלומדיםאת	1	final_midword
הלחייםמן	1	final_midword
הלחםאם	1	final_midword
הלךגא	1	final_midword
הלכךף	1	final_midword
הלשוןף	1	final_midword
הלשיןו	1	final_midword
הםא	1	final_midword
הםב	1	final_midword
הםגבי	1	final_midword
הםה	1	final_midword
הםוזהו	1	final_midword
הםימנין	1	final_midword
הםלאך	1	final_midword
הםמשלמין	1	final_midword
הםמתגלים	1	final_midword
הםנהדראות	1	final_midword
הםסח	1	final_midword
הםע	1	final_midword
הםעפים	1	final_midword
הםפר	1	final_midword
הםץ	1	final_midword
הםקשורים	1	final_midword
הםרוחים	1	final_midword
הםרחים	1	final_midword
הםת	1	final_midword
המבןל	1	final_midword
המברךלברכת	1	final_midword
המוקדשיןם	1	final_midword
המזוןא	1	final_midword
המזוןב	1	final_midword
המזןן	1	final_midword
המחבריםלהשיג	1	final_midword
המטמאיםבפרה	1	final_midword
המידןדן	1	final_midword
המיםשל	1	final_midword
המיניןו	1	final_midword
המךתא	1	final_midword
המכo	1	mixed
המכונסימןם	1	final_midword
המלךכך	1	final_midword
המלךם	1	final_midword
המלךספרה	1	final_midword
המלךף	1	final_midword
המלךשופט	1	final_midword
המםקנ	1	final_midword
הממוןה	1	final_midword
הממןן	1	final_midword
המןבא	1	final_midword
המןד	1	final_midword
המןזכר	1	final_midword
המןנעת	1	final_midword
המנןנא	1	final_midword
המסימןרת	1	final_midword
המסימןתים	1	final_midword
המעייi	1	mixed
המעןת	1	final_midword
המפורשיםלחלק	1	final_midword
המפןרש	1	final_midword
המפסימןק	1	final_midword
המפרישיןמעשרות	1	final_midword
המציאוןת	1	final_midword
המצןת	1	final_midword
המקבליםף	1	final_midword
המקוםנוחה	1	final_midword
המשלj	1	mixed
המשמשיןשלא	1	final_midword
המשקיןם	1	final_midword
המתאבליןב	1	final_midword
המתיםתמים	1	final_midword
המתכסימןת	1	final_midword
המתנחמיןט	1	final_midword
המתניםה	1	final_midword
הןבאין	1	final_midword
הןבספק	1	final_midword
הןגג	1	final_midword
הןהן	1	final_midword
הןו	1	final_midword
הןוא	1	final_midword
הןחולקין	1	final_midword
הןן	1	final_midword
הןפרש	1	final_midword
הנk	1	mixed
הנאתןמכל	1	final_midword
הנבראיםוהיצורים	1	final_midword
הנגוףף	1	final_midword
הנהןג	1	final_midword
הנוםף	1	final_midword
הנוםתא	1	final_midword
הנותריםעל	1	final_midword
הנזיקיןדנזיקין	1	final_midword
הנטעןמשום	1	final_midword
הניןועם	1	final_midword
הנכוןמאי	1	final_midword
הנםיון	1	final_midword
הנםקל	1	final_midword
הנמרץעדי	1	final_midword
הנןבלהףי	1	final_midword
הנןל	1	final_midword
הנןן	1	final_midword
הנסיןן	1	final_midword
הנצרךכגון	1	final_midword
הנשואיןהשם	1	final_midword
הסימןבות	1	final_midword
הסימןחו	1	final_midword
הסימןפא	1	final_midword
הסימןר	1	final_midword
הסימניםת	1	final_midword
הספניםח	1	final_midword
העדיםהם	1	final_midword
העדיםמוציאין	1	final_midword
העדיםעצמן	1	final_midword
העדיףולא	1	final_midword
העולךם	1	final_midword
העולםכלל	1	final_midword
העולםכמו	1	final_midword
העולםף	1	final_midword
העולןם	1	final_midword
העולןת	1	final_midword
העורףא	1	final_midword
העיןהנגע	1	final_midword
העיןן	1	final_midword
העיניםבחמרים	1	final_midword
העכוםלדעת	1	final_midword
העןזר	1	final_midword
העןף	1	final_midword
העניןהוא	1	final_midword
העניןש	1	final_midword
העשביםהעולין	1	final_midword
העתיךם	1	final_midword
הףצד	1	final_midword
הפועליםודפרק	1	final_midword
הפיהןק	1	final_midword
הפיךמן	1	final_midword
הפךית	1	final_midword
הפלךך	1	final_midword
הפםוק	1	final_midword
הפניםלג	1	final_midword
הפניםנחלקו	1	final_midword
הפסימןדה	1	final_midword
הפסימןקה	1	final_midword
הפסןק	1	final_midword
הפרנםסה	1	final_midword
הפרעוןכוחה	1	final_midword
הצאןתמות	1	final_midword
הצבןר	1	final_midword
הצדדיןא	1	final_midword
הצדדיןב	1	final_midword
הצדיקיםץ	1	final_midword
הצורךואומר	1	final_midword
הצךיק	1	final_midword
הצפוןו	1	final_midword
הצפוןי	1	final_midword
הקדושיםף	1	final_midword
הקדיםש	1	final_midword
הקדןש	1	final_midword
הקדשהישמלךוכהן	1	final_midword
הקדשיםשתי	1	final_midword
הקומץשיירי	1	final_midword
הקונםעל	1	final_midword
הקורקבןב	1	final_midword
הקטןיותר	1	final_midword
הקידושיןהוא	1	final_midword
הקםם	1	final_midword
הקןשיא	1	final_midword
הקנטרסימןם	1	final_midword
הרi	1	mixed
הרnבם	1	mixed
הרnש	1	mixed
הרuטב	1	mixed
הראםם	1	final_midword
הראןי	1	final_midword
הראשוןגפרישת	1	final_midword
הראשוןוהוי	1	final_midword
הראשוןי	1	final_midword
הראשוןמ	1	final_midword
הראשוןנים	1	final_midword
הראשוןשב	1	final_midword
הראשוניםיש	1	final_midword
הראשןון	1	final_midword
הראשןם	1	final_midword
הראשןן	1	final_midword
הרוחןי	1	final_midword
הרומייםכאשר	1	final_midword
הרועיםבמערכה	1	final_midword
הריכתובויצומשהאתהלויםוגולקוח	1	final_midword
הריףדהשמיט	1	final_midword
הריףוהא	1	final_midword
הריףורמבם	1	final_midword
הרםו	1	final_midword
הרמבo	1	mixed
הרמבםב	1	final_midword
הרמבםגזל	1	final_midword
הרמבםד	1	final_midword
הרמבםדגם	1	final_midword
הרמבםדסל	1	final_midword
הרמבםם	1	final_midword
הרמבםנ	1	final_midword
הרמבםשפוסק	1	final_midword
הרמבןדה	1	final_midword
הרמבןואם	1	final_midword
הרמבןמלחמות	1	final_midword
הרמבץם	1	final_midword
הרמבץן	1	final_midword
הרןאב	1	final_midword
הרןבר	1	final_midword
הרןדא	1	final_midword
הרןדהוי	1	final_midword
הרןדימינא	1	final_midword
הרןו	1	final_midword
הרןואכ	1	final_midword
הרןואמרו	1	final_midword
הרןואתקבר	1	final_midword
הרןובנ	1	final_midword
הרןוד	1	final_midword
הרןוי	1	final_midword
הרןולבנ	1	final_midword
הרןולמרים	1	final_midword
הרןוקדם	1	final_midword
הרןושם	1	final_midword
הרןית	1	final_midword
הרןלאסב	1	final_midword
הרןנדב	1	final_midword
הרןסב	1	final_midword
הרןק	1	final_midword
הרןשם	1	final_midword
הרצוןהזה	1	final_midword
הרצוןן	1	final_midword
הרשןמים	1	final_midword
הרשעיםויכול	1	final_midword
השבטיםעמהם	1	final_midword
השביםתיקנו	1	final_midword
השבןיים	1	final_midword
השולחןולמזבח	1	final_midword
השוליםב	1	final_midword
השיבלורמיברחמאשצריךלהחזיר	1	final_midword
השיבםאהבת	1	final_midword
השיריםא	1	final_midword
השיריםב	1	final_midword
השיריםותיכההלתסתרזראברי	1	final_midword
השיריםז	1	final_midword
השיתןף	1	final_midword
השךלדבריו	1	final_midword
השלחןבאות	1	final_midword
השלחןג	1	final_midword
השםכי	1	final_midword
השמיטוxx	1	mixed
השןד	1	final_midword
השןס	1	final_midword
השניםדליכא	1	final_midword
השפעb	1	mixed
השפתיםהדבור	1	final_midword
השקיעהamp	1	mixed
התהוםמקרי	1	final_midword
התוםי	1	final_midword
התומיםמוקשים	1	final_midword
התוןס	1	final_midword
התחתוןה	1	final_midword
התיןואת	1	final_midword
התיקןן	1	final_midword
התירוץדאין	1	final_midword
התםגבי	1	final_midword
התםוכן	1	final_midword
התםם	1	final_midword
התםעכל	1	final_midword
התןאה	1	final_midword
התנאיםשבשס	1	final_midword
התפיליןן	1	final_midword
התקיףהוא	1	final_midword
וb	1	mixed
וfמאמר	1	mixed
וfמבואר	1	mixed
וg	1	mixed
וkכן	1	mixed
וl	1	mixed
וrc	1	mixed
וrק	1	mixed
ואfלת	1	mixed
ואבhי	1	mixed
ואביאסףאלין	1	final_midword
ואבירםהוא	1	final_midword
ואבירםנפקו	1	final_midword
ואבןסגדא	1	final_midword
ואוw	1	mixed
ואולםלפז	1	final_midword
ואחרוניםפ	1	final_midword
ואיהךלות	1	final_midword
ואיךטרפא	1	final_midword
ואיךכתב	1	final_midword
ואיכדיןא	1	final_midword
ואילךם	1	final_midword
ואיןבהאשה	1	final_midword
ואיןבו	1	final_midword
ואיןכמוניבכאן	1	final_midword
ואיןמורין	1	final_midword
ואיןן	1	final_midword
ואיןסיפק	1	final_midword
ואינo	1	mixed
ואךאש	1	final_midword
ואלהיךדעתיד	1	final_midword
ואליןדמתמלכין	1	final_midword
ואלךעה	1	final_midword
ואלףוא	1	final_midword
ואםא	1	final_midword
ואםאנא	1	final_midword
ואםבדבר	1	final_midword
ואםבר	1	final_midword
ואםג	1	final_midword
ואםה	1	final_midword
ואםור	1	final_midword
ואםז	1	final_midword
ואםידע	1	final_midword
ואםיסתרו	1	final_midword
ואםית	1	final_midword
ואםיתפשנה	1	final_midword
ואםכן	1	final_midword
ואםם	1	final_midword
ואםמכוה	1	final_midword
ואםנאמר	1	final_midword
ואםנותן	1	final_midword
ואםשגג	1	final_midword
ואםשהיה	1	final_midword
ואמריןק	1	final_midword
ואמרינןבחולין	1	final_midword
ואןאימרא	1	final_midword
ואןם	1	final_midword
ואנוסימןם	1	final_midword
ואףהוא	1	final_midword
ואףף	1	final_midword
ואףשהשבועה	1	final_midword
ואפv	1	mixed
ואפיךו	1	final_midword
ואקיםזרעא	1	final_midword
וארחםעל	1	final_midword
ואריםית	1	final_midword
ואריםיתה	1	final_midword
וארךו	1	final_midword
וארץן	1	final_midword
ואשםוהוא	1	final_midword
ואתחנןנן	1	final_midword
ואתרכיןמן	1	final_midword
ואתרעםעמא	1	final_midword
ובxx	1	mixed
ובאנדנםלייא	1	final_midword
ובאתנןא	1	final_midword
ובביןבין	1	final_midword
ובגבוליןעונין	1	final_midword
ובגוףפלוגתא	1	final_midword
ובהיםט	1	final_midword
ובוץמ	1	final_midword
ובזכuת	1	mixed
וביןגאל	1	final_midword
ובכתוביםיב	1	final_midword
ובלבןש	1	final_midword
ובםה	1	final_midword
ובםפ	1	final_midword
ובםרית	1	final_midword
ובמvשכ	1	mixed
ובמוj	1	mixed
ובמסימןרות	1	final_midword
ובמקjמ	1	mixed
ובניןץ	1	final_midword
ובנךובית	1	final_midword
ובסוףן	1	final_midword
ובסימןמטו	1	final_midword
ובעורףהקשה	1	final_midword
ובפםז	1	final_midword
ובקושיw	1	mixed
וברuך	1	mixed
וברמבםא	1	final_midword
וברןך	1	final_midword
ובתומיםכד	1	final_midword
ובתירץן	1	final_midword
וגuמר	1	mixed
וגחיןל	1	final_midword
וגםאביו	1	final_midword
וגםבקדושת	1	final_midword
וגםדאכ	1	final_midword
וגםמדתני	1	final_midword
וגםעד	1	final_midword
וגמליןוחמרין	1	final_midword
וגןם	1	final_midword
ודוחףא	1	final_midword
ודוןלעניי	1	final_midword
ודחלןדמ	1	final_midword
ודיןותמן	1	final_midword
ודיןיקרב	1	final_midword
ודיניםהלשון	1	final_midword
ודכיןמלי	1	final_midword
ודליםוגם	1	final_midword
ודמיםלא	1	final_midword
ודמעקמןא	1	final_midword
ודציןבנתא	1	final_midword
והrמבן	1	mixed
והuלך	1	mixed
והבןשמצד	1	final_midword
והגזםזם	1	final_midword
והדיןעמו	1	final_midword
והדסיןואעין	1	final_midword
והוk	1	mixed
והוינןבה	1	final_midword
והוכhח	1	mixed
והולכיםלהם	1	final_midword
והולכיןב	1	final_midword
והוםיף	1	final_midword
והוסימןפו	1	final_midword
והוסיףעוד	1	final_midword
והוצרךשמואל	1	final_midword
והטעםמבואר	1	final_midword
והטעםשאנו	1	final_midword
והידיןנ	1	final_midword
והיורשיםבאים	1	final_midword
והיךמתגמרין	1	final_midword
והימםואחת	1	final_midword
והלךם	1	final_midword
והםד	1	final_midword
והםהמדברים	1	final_midword
והםיבה	1	final_midword
והםכימו	1	final_midword
והםם	1	final_midword
והםנק	1	final_midword
והםרנים	1	final_midword
והםשגורים	1	final_midword
והמהרסיםולא	1	final_midword
והמסימןרה	1	final_midword
והןי	1	final_midword
והןינן	1	final_midword
והנv	1	mixed
והנכוןבעיני	1	final_midword
והנכנסימןם	1	final_midword
והסימןבה	1	final_midword
והסימןרותי	1	final_midword
והפסימןדה	1	final_midword
והצדיקיo	1	mixed
והרחוקןת	1	final_midword
והריםממנו	1	final_midword
והרןודישרן	1	final_midword
והשךך	1	final_midword
והתפםשטותו	1	final_midword
ווווו	1	repeat_letter
וויהוןוחפא	1	final_midword
וויןז	1	final_midword
וזzו	1	mixed
וזופתיןב	1	final_midword
וזמיןלכל	1	final_midword
וזעוןועקן	1	final_midword
וחברוןועזיאל	1	final_midword
וחזרוןוזכון	1	final_midword
וחטריןלענכ	1	final_midword
וחיובםהבא	1	final_midword
וחימצןף	1	final_midword
וחםזרעית	1	final_midword
וחסימןד	1	final_midword
וחסימןדות	1	final_midword
וחסרוןבדבריהם	1	final_midword
וחצרןוכרמי	1	final_midword
וטועניןוכו	1	final_midword
וטיבךלא	1	final_midword
וטעןם	1	final_midword
וטפכםס	1	final_midword
ויאםפוהו	1	final_midword
ויברךית	1	final_midword
ויברכנךולך	1	final_midword
ויברכנךיי	1	final_midword
ויהוןאריחיא	1	final_midword
ויורדיםתרין	1	final_midword
וייןב	1	final_midword
וילידןל	1	final_midword
ויםקנ	1	final_midword
ויןץ	1	final_midword
ויסגנךמאבהתך	1	final_midword
ויסוריםb	1	mixed
ויסימןיע	1	final_midword
ויסימןרו	1	final_midword
ויעלנךלות	1	final_midword
ויפיןעסר	1	final_midword
ויפסימןדה	1	final_midword
ויצןנו	1	final_midword
ויקיםיתה	1	final_midword
ויקיףו	1	final_midword
ויקיףח	1	final_midword
ויקריךלא	1	final_midword
וירדףבתריהון	1	final_midword
וירחםיתך	1	final_midword
וירחםעלך	1	final_midword
ויתקבךו	1	final_midword
ויתרומםם	1	final_midword
וךו	1	final_midword
וךוך	1	final_midword
וךזה	1	final_midword
וךך	1	final_midword
וכf	1	mixed
וכi	1	mixed
וכuלי	1	mixed
וכאi	1	mixed
וכאןאמר	1	final_midword
וכאןנמי	1	final_midword
וכגןן	1	final_midword
וכדיןי	1	final_midword
וכוw	1	mixed
וכועדומסעדיןאותו	1	final_midword
וכיוןדכן	1	final_midword
וכיוןדלכמה	1	final_midword
וכיוןויש	1	final_midword
וכיוןן	1	final_midword
וכיוןשהרמבם	1	final_midword
וכיוןשמורישם	1	final_midword
וכיוןשמשכה	1	final_midword
וכךב	1	final_midword
וכךם	1	final_midword
וכןבדור	1	final_midword
וכןבחולין	1	final_midword
וכןבמצות	1	final_midword
וכןהוא	1	final_midword
וכןהכשירא	1	final_midword
וכןהפי	1	final_midword
וכןו	1	final_midword
וכןיכול	1	final_midword
וכןיע	1	final_midword
וכןכשחושב	1	final_midword
וכןלא	1	final_midword
וכןללוקח	1	final_midword
וכןלרשי	1	final_midword
וכןמבואר	1	final_midword
וכןנראה	1	final_midword
וכןפין	1	final_midword
וכןשמעתי	1	final_midword
ולאויןן	1	final_midword
ולאחןתו	1	final_midword
ולאכןל	1	final_midword
ולבניךא	1	final_midword
ולבניךעד	1	final_midword
ולבניךעמך	1	final_midword
ולבסןף	1	final_midword
ולהיפךיש	1	final_midword
ולהיפךלדעת	1	final_midword
ולהכניםן	1	final_midword
ולהסימןרו	1	final_midword
ולוייםהמדיר	1	final_midword
ולחןלא	1	final_midword
ולחןף	1	final_midword
ולטןמדיב	1	final_midword
ולךה	1	final_midword
ולךהכא	1	final_midword
ולכאןי	1	final_midword
ולכךויבז	1	final_midword
ולכךנראה	1	final_midword
ולכךפירשו	1	final_midword
ולכךפריך	1	final_midword
ולכןבמה	1	final_midword
ולכןהמלוי	1	final_midword
ולכןנטפלו	1	final_midword
ולכןף	1	final_midword
ולכןקשיא	1	final_midword
ולכןשוב	1	final_midword
ולםא	1	final_midword
ולםרניכם	1	final_midword
ולמסימןרה	1	final_midword
ולמעלv	1	mixed
ולמשפחתםיחס	1	final_midword
ולןא	1	final_midword
ולעבדיךאית	1	final_midword
ולענih	1	mixed
ולעניןשוחט	1	final_midword
ולפיכךאין	1	final_midword
ולפניםהוי	1	final_midword
ולפףית	1	final_midword
ולקמןמפרש	1	final_midword
ולתפליןבין	1	final_midword
וםחד	1	final_midword
וםחירתא	1	final_midword
וםטעותא	1	final_midword
וםס	1	final_midword
וםפרין	1	final_midword
וםרמ	1	final_midword
וםשקץ	1	final_midword
וםת	1	final_midword
ומאi	1	mixed
ומגבינןביה	1	final_midword
ומגןן	1	final_midword
ומדמסימןק	1	final_midword
ומוחןא	1	final_midword
ומונחיןא	1	final_midword
ומזייףב	1	final_midword
ומטיןעד	1	final_midword
ומכדביןו	1	final_midword
ומכניםם	1	final_midword
ומכסימןת	1	final_midword
ומםחפא	1	final_midword
ומםסברו	1	final_midword
ומםר	1	final_midword
ומםתה	1	final_midword
ומםתמא	1	final_midword
ומןהמוכר	1	final_midword
ומןזעירי	1	final_midword
ומןענא	1	final_midword
ומןרוגזך	1	final_midword
ומנהגיםבנישואיןביהודה	1	final_midword
ומניןה	1	final_midword
ומסימןיע	1	final_midword
ומסימןרה	1	final_midword
ומסימןרין	1	final_midword
ומסימןתים	1	final_midword
ומעבריםממגה	1	final_midword
ומעןי	1	final_midword
ומעשv	1	mixed
ומפורםם	1	final_midword
ומפורסימןם	1	final_midword
ומץאתי	1	final_midword
ומצןתו	1	final_midword
ומצריםם	1	final_midword
ומקימיןית	1	final_midword
ומריםונפקו	1	final_midword
ומריםלא	1	final_midword
ומרןחידא	1	final_midword
ומשv	1	mixed
ומשוםזהאותההרוח	1	final_midword
ומשוםכך	1	final_midword
ומשוםכךהקםתקים	1	final_midword
ומשםש	1	final_midword
ומשקיןג	1	final_midword
ומשרעv	1	mixed
ומתכסימןת	1	final_midword
ומתמלכיןדהוא	1	final_midword
ומתןך	1	final_midword
וןאחריך	1	final_midword
וןאילו	1	final_midword
וןאלין	1	final_midword
וןבית	1	final_midword
וןגיד	1	final_midword
וןגם	1	final_midword
וןהא	1	final_midword
וןהוי	1	final_midword
וןהוכיחו	1	final_midword
וןואנ	1	final_midword
וןובתר	1	final_midword
וןיען	1	final_midword
וןיתה	1	final_midword
וןיתובון	1	final_midword
וןכ	1	final_midword
וןלי	1	final_midword
וןלתרין	1	final_midword
וןעברין	1	final_midword
וןעל	1	final_midword
וןעלי	1	final_midword
ונאמןולא	1	final_midword
ונדודיםם	1	final_midword
ונדריםבמכר	1	final_midword
ונהנןי	1	final_midword
ונטעתםלמעט	1	final_midword
וניןן	1	final_midword
ונכסימןם	1	final_midword
ונןסח	1	final_midword
ונסכיםלפרים	1	final_midword
ונעמןזרעית	1	final_midword
ונפלםו	1	final_midword
ונרןלזא	1	final_midword
ונשחy	1	mixed
וסגדןלאסר	1	final_midword
וסוףא	1	final_midword
וסייםדלהרמבם	1	final_midword
וסימןיגים	1	final_midword
וסימןכך	1	final_midword
וסימןפור	1	final_midword
וסימנךב	1	final_midword
וסמיןהות	1	final_midword
וסמיןוקמו	1	final_midword
וסמכיהוןחמ	1	final_midword
וסמכיהוןנח	1	final_midword
וסמכיהוןע	1	final_midword
וסרכיןל	1	final_midword
וסתאםורה	1	final_midword
ועfמלו	1	mixed
ועh	1	mixed
ועבדיןו	1	final_midword
ועבדיןלה	1	final_midword
ועבדךו	1	final_midword
ועדיםכמו	1	final_midword
ועוףבאין	1	final_midword
ועייןב	1	final_midword
ועייןביאורים	1	final_midword
ועייןבכמ	1	final_midword
ועייןבמגן	1	final_midword
ועייןבמה	1	final_midword
ועייןבמחנה	1	final_midword
ועייןבמנחות	1	final_midword
ועייןבמע	1	final_midword
ועייןבספרי	1	final_midword
ועייןהיטב	1	final_midword
ועייןמהריט	1	final_midword
ועייןסימן	1	final_midword
ועייןערוך	1	final_midword
ועייןריטבא	1	final_midword
ועךז	1	final_midword
ועליv	1	mixed
ועםאלעזר	1	final_midword
ועםז	1	final_midword
ועםכלזההאילןנתקן	1	final_midword
ועםמ	1	final_midword
ועמךנצינא	1	final_midword
ועניןן	1	final_midword
וענןאמיטתא	1	final_midword
וערביןדנחל	1	final_midword
ועשואתעגלהזהבאנורוציםלשטף	1	final_midword
וףאו	1	final_midword
וףבאו	1	final_midword
ופומיךמלמפלח	1	final_midword
ופטיםו	1	final_midword
ופטןר	1	final_midword
ופרדסיםכתבו	1	final_midword
ופריםמטמאין	1	final_midword
ופריןך	1	final_midword
ופרשיx	1	mixed
וץזקפנו	1	final_midword
וצk	1	mixed
וציוניf	1	mixed
וצלםוקמא	1	final_midword
וצעx	1	mixed
וצריךם	1	final_midword
וצריךקראי	1	final_midword
וצריכיםכ	1	final_midword
וקדםדלא	1	final_midword
וקדםמ	1	final_midword
וקדשיםבזנותבקטנה	1	final_midword
וקומץמנחה	1	final_midword
וקוננןת	1	final_midword
וקטןא	1	final_midword
וקטןבחרש	1	final_midword
וקטניםד	1	final_midword
וקךד	1	final_midword
וקםאבימלך	1	final_midword
וקןנטרס	1	final_midword
וקנםם	1	final_midword
וקנמןבשם	1	final_midword
וקשריםכל	1	final_midword
ורn	1	mixed
וראיםל	1	final_midword
ורביתךב	1	final_midword
ורבנןב	1	final_midword
ורגלךלא	1	final_midword
ורחםגי	1	final_midword
ורחםחדותא	1	final_midword
ורךו	1	final_midword
ורךוחמרך	1	final_midword
ורךז	1	final_midword
ורןליכא	1	final_midword
ורןצה	1	final_midword
ורשעיםמארץ	1	final_midword
ושלוםן	1	final_midword
ושליכתןתקןה	1	final_midword
ושםאביו	1	final_midword
ושםה	1	final_midword
ושםסט	1	final_midword
ושמןנה	1	final_midword
ושמתיךך	1	final_midword
ושןאל	1	final_midword
ושניףך	1	final_midword
ותגלוףעלוהי	1	final_midword
ותדעיןארי	1	final_midword
ותוםף	1	final_midword
ותחגוןחגא	1	final_midword
ותיrץ	1	mixed
ותךאנא	1	final_midword
ותךארי	1	final_midword
ותלךותבוא	1	final_midword
ותםג	1	final_midword
ותםר	1	final_midword
ותמהוןלא	1	final_midword
ותמללוןעם	1	final_midword
ותמריןלא	1	final_midword
ותנןריש	1	final_midword
ותסימןר	1	final_midword
ותפלחוןקדמ	1	final_midword
ותפסימןד	1	final_midword
ותקיםית	1	final_midword
ותקיףית	1	final_midword
ותקףיי	1	final_midword
ותקףלחדא	1	final_midword
ותרגםבארעא	1	final_midword
ותריןמל	1	final_midword
ותריןנפ	1	final_midword
ותרץל	1	final_midword
זk	1	mixed
זאתqf	1	mixed
זבj	1	mixed
זבןגא	1	final_midword
זבןגב	1	final_midword
זדרזוןקדם	1	final_midword
זהz	1	mixed
זהוביםב	1	final_midword
זהםגב	1	final_midword
זובריתאותהקיוםהקדושה	1	final_midword
זוודיןארי	1	final_midword
זויןיהון	1	final_midword
זוסליןף	1	final_midword
זחליןארי	1	final_midword
זייןישבר	1	final_midword
זיןא	1	final_midword
זיןלקבליכ	1	final_midword
זינךויהי	1	final_midword
זינךמנך	1	final_midword
זיףלגברא	1	final_midword
זירוזיןא	1	final_midword
זךגב	1	final_midword
זךןזש	1	final_midword
זךש	1	final_midword
זלx	1	mixed
זמיןיי	1	final_midword
זמםגא	1	final_midword
זמםגב	1	final_midword
זמןגשמים	1	final_midword
זמןדנפקנא	1	final_midword
זמןההיתר	1	final_midword
זמןמע	1	final_midword
זמןרב	1	final_midword
זמןתפילין	1	final_midword
זמניןב	1	final_midword
זמניןונפקו	1	final_midword
זמניןקדם	1	final_midword
זןג	1	final_midword
זןגג	1	final_midword
זןגד	1	final_midword
זןגיה	1	final_midword
זןזי	1	final_midword
זץולפז	1	final_midword
זצןקל	1	final_midword
זקוקיןלשאין	1	final_midword
זקןא	1	final_midword
זקניםנגד	1	final_midword
זרעיםהשם	1	final_midword
זרףגא	1	final_midword
זרףגג	1	final_midword
חa	1	mixed
חc	1	mixed
חkק	1	mixed
חxפא	1	mixed
חzד	1	mixed
חאםחהתשאאש	1	final_midword
חבליןעל	1	final_midword
חבץגג	1	final_midword
חדשיםי	1	final_midword
חובךוח	1	final_midword
חוטיןב	1	final_midword
חוטריןוחוטרא	1	final_midword
חוךין	1	final_midword
חוליןדף	1	final_midword
חוליןחשיבי	1	final_midword
חוליןיג	1	final_midword
חוליןקכח	1	final_midword
חולציןג	1	final_midword
חולציןפתר	1	final_midword
חולקיםג	1	final_midword
חולקיםעל	1	final_midword
חומסימןם	1	final_midword
חומץץ	1	final_midword
חוןמעהא	1	final_midword
חוןץ	1	final_midword
חונןb	1	mixed
חוץייצא	1	final_midword
חוץלתחום	1	final_midword
חוץן	1	final_midword
חוץץ	1	final_midword
חוצציןג	1	final_midword
חורבןהבית	1	final_midword
חוריןלנפ	1	final_midword
חושיםבן	1	final_midword
חזיךית	1	final_midword
חזןונפלו	1	final_midword
חחח	1	repeat_letter
חטאיןא	1	final_midword
חטטיןבראשו	1	final_midword
חטטיןח	1	final_midword
חיוןקלן	1	final_midword
חייביםא	1	final_midword
חייביםבטומאת	1	final_midword
חייביםלהמרי	1	final_midword
חייכםם	1	final_midword
חייםחוט	1	final_midword
חייםשהוא	1	final_midword
חיךוי	1	final_midword
חיךרען	1	final_midword
חילוקםף	1	final_midword
חיליכוןמ	1	final_midword
חילקביןהנושאים	1	final_midword
חיןאנחנא	1	final_midword
חיןאת	1	final_midword
חיןלי	1	final_midword
חיןקדם	1	final_midword
חינוךדעלמא	1	final_midword
חינםא	1	final_midword
חירוםו	1	final_midword
חירםלמעבד	1	final_midword
חירםף	1	final_midword
חיתיןשהם	1	final_midword
חךגא	1	final_midword
חךגג	1	final_midword
חכיםולא	1	final_midword
חכםא	1	final_midword
חכםמאמרים	1	final_midword
חכמיםב	1	final_midword
חכמיםדסל	1	final_midword
חכמיםהוא	1	final_midword
חלבןא	1	final_midword
חלבןב	1	final_midword
חלונןת	1	final_midword
חלוקותיםה	1	final_midword
חלוקיםגבו	1	final_midword
חלוקיןא	1	final_midword
חלזוןגא	1	final_midword
חלזוןגג	1	final_midword
חלזוןן	1	final_midword
חליןמן	1	final_midword
חלמיןאנא	1	final_midword
חלןואי	1	final_midword
חלףגד	1	final_midword
חלףח	1	final_midword
חלףנפ	1	final_midword
חלףעינ	1	final_midword
חלףעינא	1	final_midword
חלףר	1	final_midword
חלץגב	1	final_midword
חלקיןיהא	1	final_midword
חלקךוחלק	1	final_midword
חםגא	1	final_midword
חםגב	1	final_midword
חםגג	1	final_midword
חםגד	1	final_midword
חםגו	1	final_midword
חםד	1	final_midword
חםוית	1	final_midword
חםידו	1	final_midword
חמיןאף	1	final_midword
חמיןבבי	1	final_midword
חמךץ	1	final_midword
חמץגא	1	final_midword
חמץגב	1	final_midword
חמץגד	1	final_midword
חמץך	1	final_midword
חמץעדלת	1	final_midword
חמץשיירי	1	final_midword
חמריןטעינין	1	final_midword
חמשיםוצל	1	final_midword
חןגד	1	final_midword
חןזרת	1	final_midword
חןטא	1	final_midword
חןמ	1	final_midword
חןנן	1	final_midword
חןנפ	1	final_midword
חןצה	1	final_midword
חןקת	1	final_midword
חנךגב	1	final_midword
חנןת	1	final_midword
חסידיםך	1	final_midword
חסימןא	1	final_midword
חסימןם	1	final_midword
חסימןן	1	final_midword
חסיןית	1	final_midword
חסרוןן	1	final_midword
חסרוןנות	1	final_midword
חףגא	1	final_midword
חףיי	1	final_midword
חפץך	1	final_midword
חפץץ	1	final_midword
חפציםבכמה	1	final_midword
חץגא	1	final_midword
חץגד	1	final_midword
חץגה	1	final_midword
חצןגא	1	final_midword
חצןגג	1	final_midword
חקלךלא	1	final_midword
חרםגב	1	final_midword
חרןועינך	1	final_midword
חרןץ	1	final_midword
חרניןחקלתה	1	final_midword
חרףגד	1	final_midword
חרץגא	1	final_midword
חרץגב	1	final_midword
חרץגו	1	final_midword
חשבוןא	1	final_midword
חשבוןן	1	final_midword
חשבוןשל	1	final_midword
חשןבי	1	final_midword
טw	1	mixed
טבוןדי	1	final_midword
טביןלטביא	1	final_midword
טוr	1	mixed
טובt	1	mixed
טוביםובספר	1	final_midword
טועןהוי	1	final_midword
טועןן	1	final_midword
טורףממשעבדי	1	final_midword
טושןע	1	final_midword
טחןגא	1	final_midword
טיחיןסח	1	final_midword
טיןוחפא	1	final_midword
טיןוחפנ	1	final_midword
טיןחמ	1	final_midword
טיפיןם	1	final_midword
טירןדפילן	1	final_midword
טמאיםף	1	final_midword
טמוןן	1	final_midword
טןב	1	final_midword
טןגא	1	final_midword
טןגב	1	final_midword
טןגד	1	final_midword
טןגה	1	final_midword
טןגו	1	final_midword
טןגז	1	final_midword
טןמאת	1	final_midword
טןר	1	final_midword
טעוןהוא	1	final_midword
טעותךיתי	1	final_midword
טעםג	1	final_midword
טעםזה	1	final_midword
טעםי	1	final_midword
טעםיש	1	final_midword
טעםכעיקר	1	final_midword
טעםלגידם	1	final_midword
טעםמי	1	final_midword
טעםף	1	final_midword
טעןגב	1	final_midword
טףגב	1	final_midword
טףגד	1	final_midword
טףגה	1	final_midword
טפחיםג	1	final_midword
טרטןגב	1	final_midword
טרןגא	1	final_midword
יb	1	mixed
יs	1	mixed
יshv	1	mixed
יsעתי	1	mixed
יuדה	1	mixed
יאc	1	mixed
יאהאוךה	1	final_midword
יאיןאקרב	1	final_midword
יאיןמזחלא	1	final_midword
יאםף	1	final_midword
יבוםקרובה	1	final_midword
יביןוית	1	final_midword
יביןמל	1	final_midword
יביןקדמ	1	final_midword
יבםה	1	final_midword
יבםתו	1	final_midword
יברךאת	1	final_midword
ידועיםכל	1	final_midword
ידיךיך	1	final_midword
ידיךך	1	final_midword
ידיםמעלה	1	final_midword
ידיןעמיא	1	final_midword
ידךואחוד	1	final_midword
ידךל	1	final_midword
ידךלאח	1	final_midword
ידעינןשכיוון	1	final_midword
יהויןחמיע	1	final_midword
יהויקיםבר	1	final_midword
יהוןאסירין	1	final_midword
יהוןדכסף	1	final_midword
יהוןוא	1	final_midword
יהוןלבנוהי	1	final_midword
יהוןלמיסא	1	final_midword
יהוןלמערבא	1	final_midword
יהוןמכונין	1	final_midword
יהונתןזל	1	final_midword
יהםחתה	1	final_midword
יהןד	1	final_midword
יהןה	1	final_midword
יואהצצבירוןו	1	final_midword
יודיןב	1	final_midword
יודיןו	1	final_midword
יודיןשהם	1	final_midword
יוחנןאינו	1	final_midword
יוחנןאני	1	final_midword
יוחנןהכל	1	final_midword
יוחנןק	1	final_midword
יוחנןשאומר	1	final_midword
יוםביומ	1	final_midword
יוםהשביעי	1	final_midword
יוםוהדקל	1	final_midword
יוםולתרומה	1	final_midword
יוםז	1	final_midword
יוםי	1	final_midword
יוםיי	1	final_midword
יוםכפור	1	final_midword
יוםם	1	final_midword
יומיןבמדברא	1	final_midword
יומיןולא	1	final_midword
יומיןס	1	final_midword
יוןגב	1	final_midword
יוןתר	1	final_midword
יונךן	1	final_midword
יוסימןפו	1	final_midword
יוסףבהיותו	1	final_midword
יוסףהוא	1	final_midword
יוסףוהוחזרו	1	final_midword
יוסףלכן	1	final_midword
יוסףמסופק	1	final_midword
יוסףס	1	final_midword
יוסףסף	1	final_midword
יוסףעמ	1	final_midword
יוסףף	1	final_midword
יוסףץ	1	final_midword
יוצtים	1	mixed
יוצאיןלפועל	1	final_midword
יורשםי	1	final_midword
יושיעךו	1	final_midword
יותםבר	1	final_midword
יזליןע	1	final_midword
יחוסימןם	1	final_midword
יחיםקודם	1	final_midword
יחמיץיתך	1	final_midword
יחסימןון	1	final_midword
יחסנוןלכ	1	final_midword
יחרםגבר	1	final_midword
יטיןותחפי	1	final_midword
ייייי	1	repeat_letter
יימםולילי	1	final_midword
יימםוליליא	1	final_midword
ייןא	1	final_midword
ייןב	1	final_midword
ייןג	1	final_midword
ייןונמצא	1	final_midword
ייןעל	1	final_midword
ייןף	1	final_midword
יךו	1	final_midword
יךוהמניכא	1	final_midword
יךוזעיר	1	final_midword
יךית	1	final_midword
יךל	1	final_midword
יךלהון	1	final_midword
יךלחוד	1	final_midword
יךמסיא	1	final_midword
יךס	1	final_midword
יכוליןלהזימם	1	final_midword
יכוליןלחטוף	1	final_midword
יכוןארי	1	final_midword
יכוןלאס	1	final_midword
יכוןן	1	final_midword
יכךלמס	1	final_midword
יכליןלמ	1	final_midword
יכןל	1	final_midword
יכןלים	1	final_midword
ילדךולא	1	final_midword
יליןלאב	1	final_midword
ילךיה	1	final_midword
ילפנךועל	1	final_midword
יםגרך	1	final_midword
יםודדנים	1	final_midword
יםוח	1	final_midword
יםיבה	1	final_midword
יםמתערע	1	final_midword
יםס	1	final_midword
יםפיק	1	final_midword
יםתר	1	final_midword
ימותוןאלין	1	final_midword
ימיo	1	mixed
ימיךם	1	final_midword
ימיםיוד	1	final_midword
ימיםעל	1	final_midword
ימיםקודם	1	final_midword
ימיםשלושה	1	final_midword
ימיןומח	1	final_midword
ימיןט	1	final_midword
ימיןניקב	1	final_midword
ימיןעם	1	final_midword
ימינךיי	1	final_midword
ימםולילי	1	final_midword
ימםש	1	final_midword
יממיןו	1	final_midword
ימןאנ	1	final_midword
ימןוטבן	1	final_midword
ימןר	1	final_midword
יןא	1	final_midword
יןאי	1	final_midword
יןאיב	1	final_midword
יןאע	1	final_midword
יןארי	1	final_midword
יןאתית	1	final_midword
יןבטלין	1	final_midword
יןגברא	1	final_midword
יןגולתא	1	final_midword
יןדא	1	final_midword
יןדלא	1	final_midword
יןדמ	1	final_midword
יןדר	1	final_midword
יןהיא	1	final_midword
יןהעדי	1	final_midword
יןואת	1	final_midword
יןוגבורן	1	final_midword
יןוגמלין	1	final_midword
יןוחפא	1	final_midword
יןוחקלין	1	final_midword
יןויצב	1	final_midword
יןוית	1	final_midword
יןועד	1	final_midword
יןותרין	1	final_midword
יןזמנין	1	final_midword
יןחדא	1	final_midword
יןחמר	1	final_midword
יןיהיב	1	final_midword
יןיומא	1	final_midword
יןלא	1	final_midword
יןלאעקא	1	final_midword
יןלות	1	final_midword
יןלחינתא	1	final_midword
יןלי	1	final_midword
יןלית	1	final_midword
יןלך	1	final_midword
יןלמהוי	1	final_midword
יןלעינא	1	final_midword
יןלרעוא	1	final_midword
יןמלכין	1	final_midword
יןמן	1	final_midword
יןמעל	1	final_midword
יןמתיבא	1	final_midword
יןסריגתא	1	final_midword
יןע	1	final_midword
יןעד	1	final_midword
יןעזקתא	1	final_midword
יןעליכ	1	final_midword
יןענ	1	final_midword
יןצא	1	final_midword
יןצרעה	1	final_midword
יןקדמי	1	final_midword
יןקרוין	1	final_midword
יןקרח	1	final_midword
יןר	1	final_midword
יןרברבין	1	final_midword
יןתר	1	final_midword
ינוןולבניך	1	final_midword
ינחנןו	1	final_midword
ינךוכל	1	final_midword
ינךולא	1	final_midword
יסימןיעו	1	final_midword
יסימןרו	1	final_midword
יסימןרם	1	final_midword
יסימןתנו	1	final_midword
יסתוםו	1	final_midword
יעידוךג	1	final_midword
יעייןבו	1	final_midword
יעלינוןולא	1	final_midword
יעןכיעליותיהם	1	final_midword
יעןש	1	final_midword
יףימא	1	final_midword
יףירדנא	1	final_midword
יףית	1	final_midword
יףלא	1	final_midword
יפיןא	1	final_midword
יפיןיפליג	1	final_midword
יפםד	1	final_midword
יפןל	1	final_midword
יפסימןדו	1	final_midword
יץום	1	final_midword
יץל	1	final_midword
יצדיןמ	1	final_midword
יקובהדיןאתההר	1	final_midword
יקוםד	1	final_midword
יקומוןאם	1	final_midword
יקומוןומן	1	final_midword
יקומוןעמכ	1	final_midword
יקיםלך	1	final_midword
יקליןביריחו	1	final_midword
יקרבוןית	1	final_midword
ירוןמ	1	final_midword
ירושליםבחיל	1	final_midword
ירחיןו	1	final_midword
ירחיןקדמאי	1	final_midword
ירחםעליהון	1	final_midword
יריןול	1	final_midword
ירןלמחזי	1	final_midword
ישבוןוגו	1	final_midword
ישיםה	1	final_midword
ישיניםא	1	final_midword
ישףאל	1	final_midword
ישריםיבורך	1	final_midword
יתבינןג	1	final_midword
יתברךאבל	1	final_midword
יתהוןארמ	1	final_midword
יתהוןבבי	1	final_midword
יתהוןוחלוני	1	final_midword
יתהוןוי	1	final_midword
יתהוןמ	1	final_midword
יתהוןעל	1	final_midword
יתהלךאיש	1	final_midword
יתוםבהעדר	1	final_midword
יתומיםא	1	final_midword
יתיךואם	1	final_midword
יתךית	1	final_midword
יתךלות	1	final_midword
יתךלעם	1	final_midword
יתךלצדו	1	final_midword
יתךעל	1	final_midword
יתכוןותדבח	1	final_midword
יתכוןמ	1	final_midword
יתןבעתו	1	final_midword
יתןלו	1	final_midword
יתריםעל	1	final_midword
יתרךיתכון	1	final_midword
ךאמר	1	final_midword
ךאנא	1	final_midword
ךאתר	1	final_midword
ךבא	1	final_midword
ךבקוגטרסים	1	final_midword
ךברם	1	final_midword
ךגב	1	final_midword
ךדא	1	final_midword
ךדחלן	1	final_midword
ךדרוש	1	final_midword
ךהיות	1	final_midword
ךהכעיס	1	final_midword
ךהפסיק	1	final_midword
ךהשו	1	final_midword
ךואבידע	1	final_midword
ךואמרית	1	final_midword
ךוב	1	final_midword
ךודחל	1	final_midword
ךויהב	1	final_midword
ךויח	1	final_midword
ךויס	1	final_midword
ךוית	1	final_midword
ךוכל	1	final_midword
ךוכנל	1	final_midword
ךומר	1	final_midword
ךונה	1	final_midword
ךועבדך	1	final_midword
ךועד	1	final_midword
ךועי	1	final_midword
ךועל	1	final_midword
ךות	1	final_midword
ךותיכ	1	final_midword
ךזא	1	final_midword
ךזער	1	final_midword
ךחדר	1	final_midword
ךחסינין	1	final_midword
ךחצר	1	final_midword
ךחק	1	final_midword
ךי	1	final_midword
ךיאין	1	final_midword
ךיברך	1	final_midword
ךיטוך	1	final_midword
ךיי	1	final_midword
ךינפ	1	final_midword
ךיעבד	1	final_midword
ךיענה	1	final_midword
ךיעקב	1	final_midword
ךכד	1	final_midword
ךכלבו	1	final_midword
ךלאס	1	final_midword
ךלהתה	1	final_midword
ךלזמן	1	final_midword
ךלזרעא	1	final_midword
ךלחדא	1	final_midword
ךלי	1	final_midword
ךליקר	1	final_midword
ךלמ	1	final_midword
ךלמימר	1	final_midword
ךלמקרב	1	final_midword
ךלסהיד	1	final_midword
ךם	1	final_midword
ךמא	1	final_midword
ךמהלכא	1	final_midword
ךמחייבים	1	final_midword
ךמימר	1	final_midword
ךמכ	1	final_midword
ךמלמק	1	final_midword
ךממלל	1	final_midword
ךמקום	1	final_midword
ךמרמתא	1	final_midword
ךנזמן	1	final_midword
ךסלק	1	final_midword
ךססג	1	final_midword
ךעורז	1	final_midword
ךעין	1	final_midword
ךעליהון	1	final_midword
ךף	1	final_midword
ךפיוס	1	final_midword
ךפיכך	1	final_midword
ךפני	1	final_midword
ךץ	1	final_midword
ךץךש	1	final_midword
ךצ	1	final_midword
ךצךכא	1	final_midword
ךק	1	final_midword
ךקבלין	1	final_midword
ךקדושין	1	final_midword
ךקדם	1	final_midword
ךקו	1	final_midword
ךרבות	1	final_midword
ךרבנן	1	final_midword
ךרחליך	1	final_midword
ךרך	1	final_midword
ךרשות	1	final_midword
ךשל	1	final_midword
כh	1	mixed
כhון	1	mixed
כj	1	mixed
כjות	1	mixed
כkיו	1	mixed
כnו	1	mixed
כt	1	mixed
כאילךו	1	final_midword
כאןבגט	1	final_midword
כאןג	1	final_midword
כאןוו	1	final_midword
כאןזה	1	final_midword
כאןכנל	1	final_midword
כאןם	1	final_midword
כאןמשום	1	final_midword
כאןף	1	final_midword
כאנןסהדי	1	final_midword
כבודםבתבנית	1	final_midword
כבשןגא	1	final_midword
כגוןאם	1	final_midword
כגוןאשה	1	final_midword
כגוןב	1	final_midword
כגוןשהיה	1	final_midword
כגזלןאלמא	1	final_midword
כגןן	1	final_midword
כדg	1	mixed
כדאמרינןבפרק	1	final_midword
כדאשכחןבעז	1	final_midword
כדבםמוך	1	final_midword
כדוןגג	1	final_midword
כדיןאמנה	1	final_midword
כדיןב	1	final_midword
כדינןחסרות	1	final_midword
כדישתךע	1	final_midword
כדמיןן	1	final_midword
כדמסימןים	1	final_midword
כדןגה	1	final_midword
כדפh	1	mixed
כדרךבהנאה	1	final_midword
כדתנןבפרק	1	final_midword
כהאומריםתצפה	1	final_midword
כהןא	1	final_midword
כהןבחלה	1	final_midword
כהןשירצו	1	final_midword
כהניםא	1	final_midword
כוa	1	mixed
כווןגא	1	final_midword
כוךו	1	final_midword
כולםב	1	final_midword
כולםם	1	final_midword
כולןד	1	final_midword
כולןם	1	final_midword
כולןשלם	1	final_midword
כוןונת	1	final_midword
כוןתיה	1	final_midword
כותביוןבארות	1	final_midword
כותביןואמר	1	final_midword
כזהz	1	mixed
כחןמהימנא	1	final_midword
כחתםן	1	final_midword
כיוןi	1	mixed
כיוןגג	1	final_midword
כיוןדאמר	1	final_midword
כיוןדאמרה	1	final_midword
כיוןדאשתרוף	1	final_midword
כיוןדבזמן	1	final_midword
כיוןדבשעה	1	final_midword
כיוןדליתליה	1	final_midword
כיוןדלל	1	final_midword
כיוןדלת	1	final_midword
כיוןדמבלעדו	1	final_midword
כיוןדמשך	1	final_midword
כיוןדצריך	1	final_midword
כיוןדתורה	1	final_midword
כיוןהמרדכי	1	final_midword
כיוןשאינו	1	final_midword
כיוןשגשאלמאדונו	1	final_midword
כיוןשכתבו	1	final_midword
כיוןשרא	1	final_midword
כיםוי	1	final_midword
כיןו	1	final_midword
כיןם	1	final_midword
כיןן	1	final_midword
כיןעזקן	1	final_midword
כיןר	1	final_midword
כיףגיב	1	final_midword
כךz	1	mixed
כךאף	1	final_midword
כךבני	1	final_midword
כךג	1	final_midword
כךגדרהמאורע	1	final_midword
כךהיה	1	final_midword
כךויהא	1	final_midword
כךטמא	1	final_midword
כךישראל	1	final_midword
כךכך	1	final_midword
כךעש	1	final_midword
כךפתיחהטובת	1	final_midword
כךר	1	final_midword
כךשאסור	1	final_midword
כךשוב	1	final_midword
כככ	1	repeat_letter
ככסףף	1	final_midword
כלוo	1	mixed
כלוםדאם	1	final_midword
כלוםופי	1	final_midword
כלוםעכל	1	final_midword
כלוםצריך	1	final_midword
כליהםמד	1	final_midword
כליוםויוםמתברך	1	final_midword
כליםבכלים	1	final_midword
כליםיש	1	final_midword
כליםמקבלים	1	final_midword
כליםף	1	final_midword
כלישרתמקדשיןשלא	1	final_midword
כלןד	1	final_midword
כלפןן	1	final_midword
כלתןוח	1	final_midword
כלתןוידעינ	1	final_midword
כםאו	1	final_midword
כםוית	1	final_midword
כםן	1	final_midword
כםש	1	final_midword
כםתם	1	final_midword
כמאןדפריסא	1	final_midword
כמדt	1	mixed
כמוןגא	1	final_midword
כמןגב	1	final_midword
כמצוייןבשוליהגליון	1	final_midword
כןamp	1	mixed
כןאומר	1	final_midword
כןאלא	1	final_midword
כןאליבא	1	final_midword
כןאמרת	1	final_midword
כןאשר	1	final_midword
כןב	1	final_midword
כןבזכירה	1	final_midword
כןבכל	1	final_midword
כןבמתניתין	1	final_midword
כןג	1	final_midword
כןדהרי	1	final_midword
כןהוא	1	final_midword
כןהי	1	final_midword
כןו	1	final_midword
כןולא	1	final_midword
כןוצע	1	final_midword
כןזה	1	final_midword
כןיהב	1	final_midword
כןכ	1	final_midword
כןל	1	final_midword
כןלא	1	final_midword
כןלזרעיתה	1	final_midword
כןלי	1	final_midword
כןמהני	1	final_midword
כןן	1	final_midword
כןןתיה	1	final_midword
כןעש	1	final_midword
כןשאם	1	final_midword
כןתבו	1	final_midword
כנk	1	mixed
כנגרamp	1	mixed
כנםת	1	final_midword
כנעןארץ	1	final_midword
כנעןואכ	1	final_midword
כנעןוהא	1	final_midword
כנעןלות	1	final_midword
כנעןמן	1	final_midword
כנתחמץן	1	final_midword
כסןגב	1	final_midword
כסףגד	1	final_midword
כסףלא	1	final_midword
כסףממ	1	final_midword
כסףקינ	1	final_midword
כעיןסברת	1	final_midword
כעןא	1	final_midword
כעןה	1	final_midword
כעןידעית	1	final_midword
כעןלותי	1	final_midword
כעןמן	1	final_midword
כעןמנעני	1	final_midword
כעןעל	1	final_midword
כעןעמי	1	final_midword
כףבגימטריא	1	final_midword
כףגג	1	final_midword
כףגד	1	final_midword
כףגי	1	final_midword
כףגיב	1	final_midword
כףמאזנים	1	final_midword
כףסמך	1	final_midword
כפוריםה	1	final_midword
כפיןד	1	final_midword
כפיןה	1	final_midword
כפןעל	1	final_midword
כפןף	1	final_midword
כקניןאישות	1	final_midword
כרבןגמליאל	1	final_midword
כרבנןד	1	final_midword
כרבנןורנ	1	final_midword
כרוךותני	1	final_midword
כרחךדפטרו	1	final_midword
כרחךשבקיה	1	final_midword
כריכןעד	1	final_midword
כריןחמ	1	final_midword
כרךגב	1	final_midword
כרךע	1	final_midword
כרכוםגא	1	final_midword
כרםגג	1	final_midword
כרםשלוקין	1	final_midword
כרסךונ	1	final_midword
כרףבם	1	final_midword
כרףגא	1	final_midword
כרףגב	1	final_midword
כרצוןאונס	1	final_midword
כרצוןאיש	1	final_midword
כשבאיםלעולם	1	final_midword
כשהפסימןדו	1	final_midword
כשיוהןש	1	final_midword
כשםשמלךעל	1	final_midword
כשמדליקיןגבו	1	final_midword
כשמסיריןב	1	final_midword
כשמתםלל	1	final_midword
כשנאםף	1	final_midword
כשרואיןאחכ	1	final_midword
כשריםהמנחות	1	final_midword
כתץוב	1	final_midword
לapples	1	mixed
לaquarium	1	mixed
לbeauty	1	mixed
לdillmann	1	mixed
לg	1	mixed
לjזור	1	mixed
לl	1	mixed
לpetting	1	mixed
לr	1	mixed
לrבוות	1	mixed
לsבר	1	mixed
לאa	1	mixed
לאc	1	mixed
לאf	1	mixed
לאבדוןברגע	1	final_midword
לאבהתךו	1	final_midword
לאבריםגכ	1	final_midword
לאדםלחטא	1	final_midword
לאהרןומחצה	1	final_midword
לאהרןן	1	final_midword
לאודןעיה	1	final_midword
לאויןא	1	final_midword
לאורהעליוןולאשוכך	1	final_midword
לאותןמפרשים	1	final_midword
לאחירםזרעית	1	final_midword
לאחריםג	1	final_midword
לאכוןל	1	final_midword
לאכםנאי	1	final_midword
לאליןי	1	final_midword
לאלףך	1	final_midword
לאםנלעל	1	final_midword
לאםף	1	final_midword
לאנןחי	1	final_midword
לאסימןנטירונג	1	final_midword
לאפןקי	1	final_midword
לארץב	1	final_midword
לבkי	1	mixed
לבבכךם	1	final_midword
לבהוןעמהון	1	final_midword
לביכוריםלא	1	final_midword
לביתךאסג	1	final_midword
לבךך	1	final_midword
לבכיןמעזלא	1	final_midword
לבלביןו	1	final_midword
לבםבוער	1	final_midword
לבםו	1	final_midword
לבםוף	1	final_midword
לבןא	1	final_midword
לבןגא	1	final_midword
לבןגג	1	final_midword
לבןגה	1	final_midword
לבןגרתי	1	final_midword
לבןואתיב	1	final_midword
לבןלרחל	1	final_midword
לבןעבד	1	final_midword
לבןר	1	final_midword
לבניךא	1	final_midword
לבניםב	1	final_midword
לבנךא	1	final_midword
לבסוףכדגמתזה	1	final_midword
לבסןף	1	final_midword
לבעליךה	1	final_midword
לבעליםמתנות	1	final_midword
לברכתךו	1	final_midword
לגויםאלו	1	final_midword
לגירושיןולא	1	final_midword
לדc	1	mixed
לדוןעוד	1	final_midword
לדיןגורם	1	final_midword
לדיןין	1	final_midword
לדריכוןלמדע	1	final_midword
לדתהוןגר	1	final_midword
לדתיביןלאורית	1	final_midword
להb	1	mixed
להpתח	1	mixed
להxגיר	1	mixed
להביןאם	1	final_midword
להביןדהא	1	final_midword
להגאוןן	1	final_midword
להוךיעך	1	final_midword
להוןהגי	1	final_midword
להוןועבד	1	final_midword
להוןלבית	1	final_midword
להוןליקר	1	final_midword
להוןלקד	1	final_midword
להוןן	1	final_midword
להוןקרבין	1	final_midword
להוציאםם	1	final_midword
להיפךדכשבא	1	final_midword
להיפןך	1	final_midword
להכנסבארוןאלאמיששמרלבריתזו	1	final_midword
להםאמור	1	final_midword
להםל	1	final_midword
להםם	1	final_midword
להםן	1	final_midword
להםקרקע	1	final_midword
להםשלחים	1	final_midword
להםשליו	1	final_midword
להםתטהרו	1	final_midword
להמםו	1	final_midword
להמתhן	1	mixed
להןא	1	final_midword
להןית	1	final_midword
להןלא	1	final_midword
להןלפת	1	final_midword
להןציאם	1	final_midword
להןרברב	1	final_midword
להנןהגין	1	final_midword
להסימןת	1	final_midword
להספיs	1	mixed
להפםד	1	final_midword
להפסימןק	1	final_midword
להקיףאת	1	final_midword
להקרhב	1	mixed
להקשןת	1	final_midword
להרבניםשמן	1	final_midword
להשליםלי	1	final_midword
להשםיתברך	1	final_midword
לוw	1	mixed
לווףד	1	final_midword
לוסימןף	1	final_midword
לוףי	1	final_midword
לוקיןעליו	1	final_midword
לותיךלביתא	1	final_midword
לותיךמת	1	final_midword
לותךולא	1	final_midword
לותךית	1	final_midword
לותךלמצר	1	final_midword
לותךרברביא	1	final_midword
לזוןלבחי	1	final_midword
לזכותץו	1	final_midword
לחוןמן	1	final_midword
לחזיקיןמהי	1	final_midword
לחייבסןל	1	final_midword
לחכםויחכם	1	final_midword
לחלןץ	1	final_midword
לחםגב	1	final_midword
לחםהפניס	1	final_midword
לחםלאכול	1	final_midword
לחםעני	1	final_midword
לחןבית	1	final_midword
לחןעבדין	1	final_midword
לחנהוןואפרוק	1	final_midword
לחתנוןואזלו	1	final_midword
ליבםאשה	1	final_midword
ליגיןלתרין	1	final_midword
לידיםטהורות	1	final_midword
ליךהפתגם	1	final_midword
ליךויקר	1	final_midword
ליכיןזרעית	1	final_midword
לילוןוק	1	final_midword
לילףמיני	1	final_midword
ליםארי	1	final_midword
ליםיהי	1	final_midword
ליםלנכסת	1	final_midword
ליםמך	1	final_midword
ליםמן	1	final_midword
ליםקדם	1	final_midword
ליןואלין	1	final_midword
ליסתךו	1	final_midword
ליפשיטץמגאסטינין	1	final_midword
ליץן	1	final_midword
לישןבאוהל	1	final_midword
לישןהיו	1	final_midword
לישתךם	1	final_midword
ליתןלו	1	final_midword
ליתןלנכרי	1	final_midword
לךאלא	1	final_midword
לךאנון	1	final_midword
לךאתקטלא	1	final_midword
לךאתר	1	final_midword
לךד	1	final_midword
לךדאתמר	1	final_midword
לךה	1	final_midword
לךואקימ	1	final_midword
לךוחזת	1	final_midword
לךולאבהתך	1	final_midword
לךולבניך	1	final_midword
לךונדרך	1	final_midword
לךוקח	1	final_midword
לךותימר	1	final_midword
לךחכמים	1	final_midword
לךי	1	final_midword
לךיה	1	final_midword
לךל	1	final_midword
לךלא	1	final_midword
לךלאל	1	final_midword
לךלך	1	final_midword
לךלערעא	1	final_midword
לךם	1	final_midword
לךמה	1	final_midword
לךמכילן	1	final_midword
לךמן	1	final_midword
לךנ	1	final_midword
לךסנ	1	final_midword
לךעבודה	1	final_midword
לךעל	1	final_midword
לךקדמי	1	final_midword
לךקליא	1	final_midword
לךקר	1	final_midword
לךשהנביאים	1	final_midword
לךשלום	1	final_midword
לךשם	1	final_midword
לךשמה	1	final_midword
לךתוס	1	final_midword
לכkי	1	mixed
לכדךנדרה	1	final_midword
לכהםפ	1	final_midword
לכהןחלה	1	final_midword
לכהניםא	1	final_midword
לכהניםאלא	1	final_midword
לכהניםראה	1	final_midword
לכוכביםומזלות	1	final_midword
לכומריםא	1	final_midword
לכוןבין	1	final_midword
לכוןברמ	1	final_midword
לכוןלעבדין	1	final_midword
לכךבארוה	1	final_midword
לכךלא	1	final_midword
לכךן	1	final_midword
לכךף	1	final_midword
לכםב	1	final_midword
לכםיהי	1	final_midword
לכםעד	1	final_midword
לכןאף	1	final_midword
לכןב	1	final_midword
לכןבא	1	final_midword
לכןבחזקת	1	final_midword
לכןבשני	1	final_midword
לכןהנון	1	final_midword
לכןזכו	1	final_midword
לכןן	1	final_midword
לכןנלעד	1	final_midword
לכןפו	1	final_midword
לכנםי	1	final_midword
לכתjילה	1	mixed
לכתןב	1	final_midword
ללמןד	1	final_midword
לםא	1	final_midword
לםאב	1	final_midword
לםאוטי	1	final_midword
לםאם	1	final_midword
לםאנא	1	final_midword
לםארי	1	final_midword
לםארימ	1	final_midword
לםביא	1	final_midword
לםדות	1	final_midword
לםדינא	1	final_midword
לםהאפ	1	final_midword
לםו	1	final_midword
לםולא	1	final_midword
לםח	1	final_midword
לםידי	1	final_midword
לםך	1	final_midword
לםלב	1	final_midword
לםלי	1	final_midword
לםלמרוהי	1	final_midword
לםמב	1	final_midword
לםנינו	1	final_midword
לםס	1	final_midword
לםעל	1	final_midword
לםפועל	1	final_midword
לםקר	1	final_midword
לםריק	1	final_midword
לםת	1	final_midword
למאןדחסף	1	final_midword
למאןדלית	1	final_midword
למדוןן	1	final_midword
למדיןה	1	final_midword
למדןית	1	final_midword
למהךבא	1	final_midword
למילףימים	1	final_midword
למיןארי	1	final_midword
למיןיה	1	final_midword
למיןלמחטי	1	final_midword
למיןלעלתא	1	final_midword
למיקםמן	1	final_midword
למיקנןןחו	1	final_midword
למלפיןה	1	final_midword
למםעיו	1	final_midword
למןדמ	1	final_midword
למעיןטמא	1	final_midword
למעןליערו	1	final_midword
למפרg	1	mixed
למצןת	1	final_midword
למקומםהאוכל	1	final_midword
למרחםיתה	1	final_midword
למתןנצחנא	1	final_midword
לןגא	1	final_midword
לןדן	1	final_midword
לןזוזי	1	final_midword
לןח	1	final_midword
לןידו	1	final_midword
לןך	1	final_midword
לןלהלכה	1	final_midword
לןצערא	1	final_midword
לןקדמ	1	final_midword
לנכוןזקיני	1	final_midword
לנכסימןו	1	final_midword
לנםכים	1	final_midword
לננסיןשמונה	1	final_midword
לנסימןם	1	final_midword
לסימןדור	1	final_midword
לסימןדר	1	final_midword
לסימןלון	1	final_midword
לסמוםך	1	final_midword
לסמןך	1	final_midword
לעבדךל	1	final_midword
לעדןד	1	final_midword
לעוךם	1	final_midword
לעולםאין	1	final_midword
לעולםם	1	final_midword
לעולםמותרת	1	final_midword
לעולםן	1	final_midword
לעכוםשליחות	1	final_midword
לעלםי	1	final_midword
לעלמיןד	1	final_midword
לעםא	1	final_midword
לעםומלילו	1	final_midword
לעםס	1	final_midword
לעםעמ	1	final_midword
לעםרב	1	final_midword
לעממיןסגיאין	1	final_midword
לעןבד	1	final_midword
לעניןזה	1	final_midword
לעניןמוסף	1	final_midword
לעניןמלאכת	1	final_midword
לעניןמשיח	1	final_midword
לעניןשבועה	1	final_midword
לעניןשלא	1	final_midword
לעניןתפלה	1	final_midword
לערךעוד	1	final_midword
לעשותםולכך	1	final_midword
לעשותםשלשה	1	final_midword
לעשייתןא	1	final_midword
לעשןת	1	final_midword
לפטuר	1	mixed
לפיכךאין	1	final_midword
לפיכךאינו	1	final_midword
לפיכךכשנתקלל	1	final_midword
לפיכםך	1	final_midword
לפיןא	1	final_midword
לפיןגברא	1	final_midword
לפיןונסבה	1	final_midword
לפיןותלת	1	final_midword
לפיןל	1	final_midword
לפםחיהם	1	final_midword
לפםרש	1	final_midword
לפןדטב	1	final_midword
לפןמן	1	final_midword
לפןרעו	1	final_midword
לפניםמשורת	1	final_midword
לפסןל	1	final_midword
לפעמיםנקרא	1	final_midword
לפעמיםש	1	final_midword
לפףחדא	1	final_midword
לפתחהראשוןששםהכל	1	final_midword
לץגא	1	final_midword
לצדיקיםם	1	final_midword
לצורךמצוה	1	final_midword
לקבuע	1	mixed
לקדושיםם	1	final_midword
לקדםמד	1	final_midword
לקדשיםלפני	1	final_midword
לקוחיןהן	1	final_midword
לקוםה	1	final_midword
לקטןלכאורה	1	final_midword
לקייםאין	1	final_midword
לקייםנזירותו	1	final_midword
לקיםלך	1	final_midword
לקךם	1	final_midword
לקמןבזה	1	final_midword
לקמןח	1	final_midword
לקמןן	1	final_midword
לקןגא	1	final_midword
לרבוןו	1	final_midword
לרבןנ	1	final_midword
לרושםאסור	1	final_midword
לרחוץא	1	final_midword
לרסימןסימן	1	final_midword
לרשןת	1	final_midword
לרשעיםולצדיקים	1	final_midword
לשuן	1	mixed
לשuתפו	1	mixed
לשוןאוונא	1	final_midword
לשוןהגמרא	1	final_midword
לשוןהמשנה	1	final_midword
לשוןוהחזקת	1	final_midword
לשוןוירא	1	final_midword
לשוןיחיד	1	final_midword
לשוןם	1	final_midword
לשוןנפל	1	final_midword
לשוןסהת	1	final_midword
לשוןספק	1	final_midword
לשוןרשי	1	final_midword
לשיטןת	1	final_midword
לשיךזל	1	final_midword
לשלjה	1	mixed
לשלםחובו	1	final_midword
לשמעוןלערי	1	final_midword
לשמעןן	1	final_midword
לשןמעי	1	final_midword
לשניהםץ	1	final_midword
לתוריןמ	1	final_midword
לתיןי	1	final_midword
לתמןובנ	1	final_midword
לתמןויתב	1	final_midword
לתמןלמירת	1	final_midword
לתמןלתרכא	1	final_midword
לתקוןון	1	final_midword
לתקןאז	1	final_midword
לתריןמלכיא	1	final_midword
לתרךץ	1	final_midword
לתרץדברי	1	final_midword
לתרץולומר	1	final_midword
םאה	1	final_midword
םאזיל	1	final_midword
םאחרים	1	final_midword
םאלהא	1	final_midword
םאלי	1	final_midword
םאסר	1	final_midword
םאתמליא	1	final_midword
םבי	1	final_midword
םבמ	1	final_midword
םברת	1	final_midword
םגי	1	final_midword
םדרו	1	final_midword
םהא	1	final_midword
םהזה	1	final_midword
םהיא	1	final_midword
םהיך	1	final_midword
םהילע	1	final_midword
םואמר	1	final_midword
םואנ	1	final_midword
םוברים	1	final_midword
םוד	1	final_midword
םוחז	1	final_midword
םוחמין	1	final_midword
םוחפא	1	final_midword
םוטר	1	final_midword
םוי	1	final_midword
םויה	1	final_midword
םויהב	1	final_midword
םויהי	1	final_midword
םוילידת	1	final_midword
םוכל	1	final_midword
םוכנגד	1	final_midword
םומין	1	final_midword
םועה	1	final_midword
םועקת	1	final_midword
םופו	1	final_midword
םוררה	1	final_midword
םושטרי	1	final_midword
םותטר	1	final_midword
םותק	1	final_midword
םזכיות	1	final_midword
םזרע	1	final_midword
םחם	1	final_midword
םחמ	1	final_midword
םחמי	1	final_midword
םחת	1	final_midword
םטור	1	final_midword
םטעות	1	final_midword
םטעותכון	1	final_midword
םיבו	1	final_midword
םיה	1	final_midword
םיהו	1	final_midword
םיהלא	1	final_midword
םיט	1	final_midword
םיכתא	1	final_midword
םיםרא	1	final_midword
םימת	1	final_midword
םיפיה	1	final_midword
םית	1	final_midword
םכ	1	final_midword
םלו	1	final_midword
םלחיליה	1	final_midword
םלית	1	final_midword
םליתה	1	final_midword
םלכ	1	final_midword
םלמז	1	final_midword
םלמימר	1	final_midword
םלממת	1	final_midword
םלעות	1	final_midword
םלץ	1	final_midword
םםם	1	final_midword
םמד	1	final_midword
םמכין	1	final_midword
םנב	1	final_midword
םנבלא	1	final_midword
םנפקי	1	final_midword
םס	1	final_midword
םע	1	final_midword
םעבד	1	final_midword
םעבר	1	final_midword
םעד	1	final_midword
םעודתבם	1	final_midword
םעלמא	1	final_midword
םף	1	final_midword
םפדא	1	final_midword
םפי	1	final_midword
םפר	1	final_midword
םפרי	1	final_midword
םקט	1	final_midword
םקטו	1	final_midword
םקן	1	final_midword
םקר	1	final_midword
םר	1	final_midword
םרביעאי	1	final_midword
םרי	1	final_midword
םרתיתא	1	final_midword
םש	1	final_midword
םשהיו	1	final_midword
םשוטין	1	final_midword
םשכן	1	final_midword
םשם	1	final_midword
םתאמר	1	final_midword
םתימא	1	final_midword
םתענית	1	final_midword
מaל	1	mixed
מhbu	1	mixed
מn	1	mixed
מy	1	mixed
מzעכשיו	1	mixed
מאברהםם	1	final_midword
מאותםהליחות	1	final_midword
מאיךא	1	final_midword
מאיםאכ	1	final_midword
מאיםותך	1	final_midword
מאיןשתהא	1	final_midword
מאירוסימןן	1	final_midword
מאכיליןה	1	final_midword
מאלהךאנא	1	final_midword
מאליןאת	1	final_midword
מאליןויודי	1	final_midword
מאליןי	1	final_midword
מאםב	1	final_midword
מאםתס	1	final_midword
מאןו	1	final_midword
מאןיהי	1	final_midword
מאןעבד	1	final_midword
מאנוסימןם	1	final_midword
מאריץז	1	final_midword
מאתיםא	1	final_midword
מאתךם	1	final_midword
מבחוץא	1	final_midword
מבחוץב	1	final_midword
מבחוץג	1	final_midword
מבינךוא	1	final_midword
מבקשיםטבע	1	final_midword
מברכיןב	1	final_midword
מברכינןג	1	final_midword
מברכינןד	1	final_midword
מגzו	1	mixed
מגוהציןא	1	final_midword
מגוףה	1	final_midword
מגניןן	1	final_midword
מדhיק	1	mixed
מדאוןרייתא	1	final_midword
מדבריהםדאם	1	final_midword
מדבריןלהון	1	final_midword
מדגרסימןנין	1	final_midword
מדיןה	1	final_midword
מדיןוית	1	final_midword
מדיןוקסמיא	1	final_midword
מדיןקטלא	1	final_midword
מדליקיןא	1	final_midword
מדליקיןלגבי	1	final_midword
מדםמיך	1	final_midword
מדםקטילין	1	final_midword
מדעםדמתר	1	final_midword
מדעםואמרו	1	final_midword
מדעםלא	1	final_midword
מדעתםא	1	final_midword
מדרבנןא	1	final_midword
מדרבנןוהעמידו	1	final_midword
מדרבנןמטעם	1	final_midword
מדרוףש	1	final_midword
מדרשאb	1	mixed
מדתירץן	1	final_midword
מהגוףיש	1	final_midword
מהיפךלהיפך	1	final_midword
מהלךמסיעת	1	final_midword
מהםב	1	final_midword
מהםגא	1	final_midword
מהםה	1	final_midword
מהםס	1	final_midword
מהמזיןפים	1	final_midword
מהמניןקמל	1	final_midword
מהןג	1	final_midword
מהןהשם	1	final_midword
מהןו	1	final_midword
מהןוהוא	1	final_midword
מהןיתב	1	final_midword
מהןכ	1	final_midword
מהןלגלגלתה	1	final_midword
מהןלה	1	final_midword
מהןמ	1	final_midword
מהןמותר	1	final_midword
מהןקרי	1	final_midword
מהסימןדור	1	final_midword
מהעייןס	1	final_midword
מהראנj	1	mixed
מהתהוןקדם	1	final_midword
מהתוx	1	mixed
מוהרt	1	mixed
מוהרשדםושבות	1	final_midword
מוחhן	1	mixed
מוחיןדלמ	1	final_midword
מוחיןם	1	final_midword
מולךהוא	1	final_midword
מוםב	1	final_midword
מוםבעל	1	final_midword
מוםו	1	final_midword
מוםיף	1	final_midword
מוןב	1	final_midword
מוסיםין	1	final_midword
מוסיפיןעל	1	final_midword
מוספיםהמוספים	1	final_midword
מועליןא	1	final_midword
מוקדםא	1	final_midword
מורםדעת	1	final_midword
מושבץקנים	1	final_midword
מושליםהיו	1	final_midword
מותבינןאהדורי	1	final_midword
מותבניכוןביומא	1	final_midword
מזונןתן	1	final_midword
מזידיןא	1	final_midword
מזיןעליו	1	final_midword
מזלץז	1	final_midword
מזמןקרבנו	1	final_midword
מזןזה	1	final_midword
מזףוזה	1	final_midword
מחובריןלקרקע	1	final_midword
מחולקיןבגרירה	1	final_midword
מחזיךרין	1	final_midword
מחייםף	1	final_midword
מחיםוש	1	final_midword
מחךוקת	1	final_midword
מחליפיןקתני	1	final_midword
מחלקיןג	1	final_midword
מחמץן	1	final_midword
מחמרינןואמרינן	1	final_midword
מחרבךמ	1	final_midword
מחתןלי	1	final_midword
מטוךהטעם	1	final_midword
מטומאתםטבילה	1	final_midword
מטטרוןוסנדלפון	1	final_midword
מטטרוןן	1	final_midword
מטלפןטלפין	1	final_midword
מטמאתםן	1	final_midword
מטמיןבכש	1	final_midword
מטעםדהוי	1	final_midword
מטעםחצר	1	final_midword
מטעםמתוך	1	final_midword
מטעםערבות	1	final_midword
מטעםשיתחרך	1	final_midword
מטעןנב	1	final_midword
מטפחיםומענות	1	final_midword
מיוחדיםיום	1	final_midword
מיוחסימןם	1	final_midword
מיחםי	1	final_midword
מיישנןב	1	final_midword
מיךעד	1	final_midword
מיכןאינו	1	final_midword
מימסרןלשליח	1	final_midword
מימרךארי	1	final_midword
מימרךמלאתנ	1	final_midword
מיןבשאינו	1	final_midword
מיןדב	1	final_midword
מיןדנגדן	1	final_midword
מיןו	1	final_midword
מיןוית	1	final_midword
מיןולא	1	final_midword
מיןח	1	final_midword
מיןיקרב	1	final_midword
מיןירק	1	final_midword
מיןלחם	1	final_midword
מיןלי	1	final_midword
מיןמ	1	final_midword
מיןס	1	final_midword
מיןסח	1	final_midword
מיןעמ	1	final_midword
מיןקדם	1	final_midword
מיןקדמאין	1	final_midword
מיןקטולין	1	final_midword
מיןר	1	final_midword
מינץדדוקא	1	final_midword
מיסוריןשאחר	1	final_midword
מיסיןמ	1	final_midword
מיסרךא	1	final_midword
מיעוטיןשלא	1	final_midword
מיתךלת	1	final_midword
מיתךקבר	1	final_midword
מיתםר	1	final_midword
מךבערדעניא	1	final_midword
מךגא	1	final_midword
מךועם	1	final_midword
מךט	1	final_midword
מךעל	1	final_midword
מכאןא	1	final_midword
מכאןז	1	final_midword
מכווניםבפירוש	1	final_midword
מכולםב	1	final_midword
מכולןב	1	final_midword
מכוסימןן	1	final_midword
מכחישיןאותו	1	final_midword
מכילןדק	1	final_midword
מכיריןבלשון	1	final_midword
מכןרה	1	final_midword
מכניסיןן	1	final_midword
מכסיםבמדינות	1	final_midword
מכסןית	1	final_midword
מכסןלי	1	final_midword
מכעםת	1	final_midword
מכפריםויש	1	final_midword
מלאיםכ	1	final_midword
מלוהql	1	mixed
מליןדקלנא	1	final_midword
מליןלמימר	1	final_midword
מליןקטרת	1	final_midword
מלךו	1	final_midword
מלךחפץ	1	final_midword
מלךמלך	1	final_midword
מלכיםהוא	1	final_midword
מלכיןלקביל	1	final_midword
מלםך	1	final_midword
מלןחימתא	1	final_midword
מלצרףדאז	1	final_midword
מלקדמיןו	1	final_midword
מלקדמיןוא	1	final_midword
מלקדמיןלגינתא	1	final_midword
מלקדמיןעביד	1	final_midword
מלקןת	1	final_midword
מלרדוףאחריו	1	final_midword
מםבתנו	1	final_midword
מםי	1	final_midword
מםירשי	1	final_midword
מםכת	1	final_midword
מםני	1	final_midword
מםפיק	1	final_midword
מםפיקין	1	final_midword
מםפרם	1	final_midword
מםתחרא	1	final_midword
מםתכי	1	final_midword
מםתכלי	1	final_midword
מםתפק	1	final_midword
מםתפר	1	final_midword
ממהלךיום	1	final_midword
ממוןאכ	1	final_midword
ממוןבגדר	1	final_midword
ממוןגבוה	1	final_midword
ממוןהמרובה	1	final_midword
ממוןהשם	1	final_midword
ממוןן	1	final_midword
ממיןה	1	final_midword
ממםילותם	1	final_midword
מממממ	1	repeat_letter
ממנןעל	1	final_midword
ממצריםא	1	final_midword
ממצריםמבית	1	final_midword
ממקוםהפגם	1	final_midword
מןאדרא	1	final_midword
מןאחד	1	final_midword
מןאילנ	1	final_midword
מןאלהא	1	final_midword
מןאלין	1	final_midword
מןאמך	1	final_midword
מןאמריא	1	final_midword
מןאנא	1	final_midword
מןאניק	1	final_midword
מןב	1	final_midword
מןבני	1	final_midword
מןגא	1	final_midword
מןגברי	1	final_midword
מןגה	1	final_midword
מןגו	1	final_midword
מןגח	1	final_midword
מןגי	1	final_midword
מןגיב	1	final_midword
מןדחל	1	final_midword
מןדחסף	1	final_midword
מןדינא	1	final_midword
מןדכרא	1	final_midword
מןדשאמ	1	final_midword
מןהבושת	1	final_midword
מןהמים	1	final_midword
מןהקיסר	1	final_midword
מןהרר	1	final_midword
מןהשמים	1	final_midword
מןו	1	final_midword
מןוהא	1	final_midword
מןוכו	1	final_midword
מןותחדי	1	final_midword
מןח	1	final_midword
מןחברך	1	final_midword
מןחברת	1	final_midword
מןחמר	1	final_midword
מןחרמא	1	final_midword
מןט	1	final_midword
מןי	1	final_midword
מןיה	1	final_midword
מןיומא	1	final_midword
מןימינך	1	final_midword
מןיציביא	1	final_midword
מןיקרבנך	1	final_midword
מןכה	1	final_midword
מןכנת	1	final_midword
מןלח	1	final_midword
מןלחמא	1	final_midword
מןלך	1	final_midword
מןלצ	1	final_midword
מןלתמן	1	final_midword
מןמד	1	final_midword
מןמדבחא	1	final_midword
מןמדינאי	1	final_midword
מןמל	1	final_midword
מןמלכי	1	final_midword
מןמע	1	final_midword
מןמתא	1	final_midword
מןנ	1	final_midword
מןסטר	1	final_midword
מןסימתא	1	final_midword
מןסניא	1	final_midword
מןסריקיא	1	final_midword
מןעזיא	1	final_midword
מןעממיא	1	final_midword
מןענא	1	final_midword
מןעקתא	1	final_midword
מןערבא	1	final_midword
מןקדמוהי	1	final_midword
מןקדמי	1	final_midword
מןקדמיכ	1	final_midword
מןקדמך	1	final_midword
מןקדמנא	1	final_midword
מןקסמיא	1	final_midword
מןקר	1	final_midword
מןקרויא	1	final_midword
מןר	1	final_midword
מןרי	1	final_midword
מןריש	1	final_midword
מןשיבין	1	final_midword
מןשמע	1	final_midword
מנביאיםבזה	1	final_midword
מנדוןן	1	final_midword
מנהdם	1	mixed
מנהוןואין	1	final_midword
מנורהושלחןומזבח	1	final_midword
מניךעל	1	final_midword
מניןדדהב	1	final_midword
מניןדרמ	1	final_midword
מניןמן	1	final_midword
מניןע	1	final_midword
מניתךרב	1	final_midword
מנךאלהא	1	final_midword
מנךויהי	1	final_midword
מנךמ	1	final_midword
מנךמן	1	final_midword
מנכוןק	1	final_midword
מנכסימןן	1	final_midword
מנכסיןנכסת	1	final_midword
מנןאי	1	final_midword
מנןאתית	1	final_midword
מנןפת	1	final_midword
מסאביןלטמי	1	final_midword
מסויימיםאדם	1	final_midword
מסויםפרקים	1	final_midword
מסייםה	1	final_midword
מסיםא	1	final_midword
מסימןבה	1	final_midword
מסימןום	1	final_midword
מסימןיעת	1	final_midword
מסימןני	1	final_midword
מסימןנסימןננאטי	1	final_midword
מסימןקריקון	1	final_midword
מסימןרין	1	final_midword
מסימןתים	1	final_midword
מסימןתין	1	final_midword
מסיןו	1	final_midword
מסיריןחלף	1	final_midword
מסךגב	1	final_midword
מסךגג	1	final_midword
מסכןגא	1	final_midword
מסםקא	1	final_midword
מסןיים	1	final_midword
מסקיןית	1	final_midword
מסקיןנ	1	final_midword
מסקןחימרא	1	final_midword
מסתץלקים	1	final_midword
מעוןמצראי	1	final_midword
מעופפיםואיננו	1	final_midword
מעיןולא	1	final_midword
מעיןסלעא	1	final_midword
מעליםקרבנות	1	final_midword
מעליןן	1	final_midword
מעמידיןין	1	final_midword
מעמךלא	1	final_midword
מעןרמתא	1	final_midword
מעןשה	1	final_midword
מעץץ	1	final_midword
מעצםדין	1	final_midword
מערךעצמותו	1	final_midword
מעשהוהיונוחריןערודאות	1	final_midword
מעשיהםיקרבום	1	final_midword
מפיהםאו	1	final_midword
מפלחיןבהון	1	final_midword
מפסימןד	1	final_midword
מפסימןקים	1	final_midword
מפסימןקין	1	final_midword
מפקדךלמימר	1	final_midword
מצטרףא	1	final_midword
מצטרפוןץ	1	final_midword
מצטרפיןאף	1	final_midword
מצירןף	1	final_midword
מצןיה	1	final_midword
מצןין	1	final_midword
מצןמצם	1	final_midword
מצןת	1	final_midword
מצריםב	1	final_midword
מצריםבלח	1	final_midword
מצריםדלא	1	final_midword
מצריםויחזי	1	final_midword
מצריםועל	1	final_midword
מצריםלא	1	final_midword
מצריםמבית	1	final_midword
מצרנןת	1	final_midword
מקבליןמהם	1	final_midword
מקדשיןאלא	1	final_midword
מקוםא	1	final_midword
מקוםהגט	1	final_midword
מקוםום	1	final_midword
מקוםשבו	1	final_midword
מקוםשגלו	1	final_midword
מקוםשלםשראוילהם	1	final_midword
מקוןם	1	final_midword
מקורהl	1	mixed
מקיליןב	1	final_midword
מקיףף	1	final_midword
מקלסימןם	1	final_midword
מקםס	1	final_midword
מקןומות	1	final_midword
מקנסימןן	1	final_midword
מקרויךדיי	1	final_midword
מקרויךמ	1	final_midword
מקריביןאז	1	final_midword
מקשיןנ	1	final_midword
מקשינןל	1	final_midword
מרבנןם	1	final_midword
מרגזיןהוית	1	final_midword
מרוןבר	1	final_midword
מרוסימןא	1	final_midword
מרחקיןמצראי	1	final_midword
מריםואתקברת	1	final_midword
מריןלי	1	final_midword
מריןעל	1	final_midword
מריקיןמ	1	final_midword
מרןדסובר	1	final_midword
מרןכמ	1	final_midword
מרנניןסריקותא	1	final_midword
מרעיןוכל	1	final_midword
מרקםגי	1	final_midword
מרריןיכלנ	1	final_midword
מרתףף	1	final_midword
משהויוסףבסודאחדעומדים	1	final_midword
משולשיןא	1	final_midword
משולשיןו	1	final_midword
משוםאבר	1	final_midword
משוםאנן	1	final_midword
משוםד	1	final_midword
משוםדהוי	1	final_midword
משוםדכתובה	1	final_midword
משוםדליכא	1	final_midword
משוםדמבטל	1	final_midword
משוםדמילי	1	final_midword
משוםדמינה	1	final_midword
משוםדספיקא	1	final_midword
משוםדעל	1	final_midword
משוםדקלישא	1	final_midword
משוםהוציאוה	1	final_midword
משוםומבעיר	1	final_midword
משוםחזקה	1	final_midword
משוםחששא	1	final_midword
משוםטומאה	1	final_midword
משוםלי	1	final_midword
משוםמוקצה	1	final_midword
משוםמקח	1	final_midword
משוםנצל	1	final_midword
משוםס	1	final_midword
משוםקנין	1	final_midword
משוםשאין	1	final_midword
משוםשיש	1	final_midword
משוםשמא	1	final_midword
משוןם	1	final_midword
משיעוריהםדבר	1	final_midword
משךחודש	1	final_midword
משלמיןממון	1	final_midword
משםהקדוש	1	final_midword
משםהרב	1	final_midword
משםיכול	1	final_midword
משםמוכח	1	final_midword
משםע	1	final_midword
משםפרק	1	final_midword
משמןטוב	1	final_midword
משןך	1	final_midword
משקיםבסעודה	1	final_midword
מתאבליןא	1	final_midword
מתוl	1	mixed
מתוךבמדבר	1	final_midword
מתחנניםג	1	final_midword
מתיםפרקים	1	final_midword
מתיריםובחיוב	1	final_midword
מתיריםקודש	1	final_midword
מתיריןולפז	1	final_midword
מתךות	1	final_midword
מתכיןב	1	final_midword
מתןגא	1	final_midword
מתןך	1	final_midword
מתנבןלהון	1	final_midword
מתניתיןם	1	final_midword
מתנןל	1	final_midword
מתעניןא	1	final_midword
מתפרשיןאף	1	final_midword
מתקןקדמי	1	final_midword
מתקרןע	1	final_midword
מתרברביןהו	1	final_midword
מתרחםעל	1	final_midword
מתרחקיןמנך	1	final_midword
מתרץכיון	1	final_midword
מתרציםים	1	final_midword
ןאב	1	final_midword
ןאבאן	1	final_midword
ןאבדנא	1	final_midword
ןאבהתיך	1	final_midword
ןאבהתכ	1	final_midword
ןאבטל	1	final_midword
ןאג	1	final_midword
ןאו	1	final_midword
ןאומר	1	final_midword
ןאומרים	1	final_midword
ןאז	1	final_midword
ןאח	1	final_midword
ןאחד	1	final_midword
ןאחוריים	1	final_midword
ןאי	1	final_midword
ןאיב	1	final_midword
ןאיהך	1	final_midword
ןאילו	1	final_midword
ןאכ	1	final_midword
ןאכלו	1	final_midword
ןאל	1	final_midword
ןאלא	1	final_midword
ןאלהכ	1	final_midword
ןאליסף	1	final_midword
ןאמלא	1	final_midword
ןאמרין	1	final_midword
ןאמרית	1	final_midword
ןאנו	1	final_midword
ןאנכי	1	final_midword
ןאנצחה	1	final_midword
ןאעפ	1	final_midword
ןארחתי	1	final_midword
ןארחתך	1	final_midword
ןארם	1	final_midword
ןארע	1	final_midword
ןאשתרי	1	final_midword
ןאתגלי	1	final_midword
ןאתי	1	final_midword
ןאתע	1	final_midword
ןאתקטלא	1	final_midword
ןבביתך	1	final_midword
ןבדיל	1	final_midword
ןבה	1	final_midword
ןבהגהות	1	final_midword
ןבהגהת	1	final_midword
ןבהערות	1	final_midword
ןבודאי	1	final_midword
ןבזה	1	final_midword
ןביטל	1	final_midword
ןביניה	1	final_midword
ןבית	1	final_midword
ןבכ	1	final_midword
ןבכל	1	final_midword
ןבלתי	1	final_midword
ןבמא	1	final_midword
ןבמלי	1	final_midword
ןבמשנב	1	final_midword
ןבנא	1	final_midword
ןבעינוי	1	final_midword
ןבעיניהון	1	final_midword
ןבפרט	1	final_midword
ןבפרק	1	final_midword
ןבפשוטו	1	final_midword
ןבקושטא	1	final_midword
ןבקש	1	final_midword
ןבריטבא	1	final_midword
ןבריך	1	final_midword
ןבתוי	1	final_midword
ןבתנחומ	1	final_midword
ןגו	1	final_midword
ןגם	1	final_midword
ןגמרא	1	final_midword
ןגר	1	final_midword
ןדאתנ	1	final_midword
ןדבית	1	final_midword
ןדבלתימה	1	final_midword
ןדבני	1	final_midword
ןדברי	1	final_midword
ןדהוו	1	final_midword
ןדיח	1	final_midword
ןדימינא	1	final_midword
ןדינא	1	final_midword
ןדלמא	1	final_midword
ןדמלפין	1	final_midword
ןדמת	1	final_midword
ןדמתק	1	final_midword
ןדנן	1	final_midword
ןדסוברת	1	final_midword
ןדצ	1	final_midword
ןדצדיקיא	1	final_midword
ןדת	1	final_midword
ןהבח	1	final_midword
ןהגרוגרות	1	final_midword
ןהדבר	1	final_midword
ןהה	1	final_midword
ןהחותר	1	final_midword
ןהטובה	1	final_midword
ןהטיבו	1	final_midword
ןהיינו	1	final_midword
ןהיכל	1	final_midword
ןהךןש	1	final_midword
ןהכא	1	final_midword
ןהלא	1	final_midword
ןהלב	1	final_midword
ןהם	1	final_midword
ןהמכונה	1	final_midword
ןהמעיין	1	final_midword
ןהנ	1	final_midword
ןהסברא	1	final_midword
ןהפרח	1	final_midword
ןהקדישו	1	final_midword
ןהקטיר	1	final_midword
ןהראש	1	final_midword
ןהרי	1	final_midword
ןהרמ	1	final_midword
ןהשליח	1	final_midword
ןהתוח	1	final_midword
ןהתוס	1	final_midword
ןוא	1	final_midword
ןואזיל	1	final_midword
ןואזל	1	final_midword
ןואימר	1	final_midword
ןואימתכ	1	final_midword
ןואס	1	final_midword
ןואתח	1	final_midword
ןובני	1	final_midword
ןובניה	1	final_midword
ןוגברא	1	final_midword
ןוד	1	final_midword
ןודינכ	1	final_midword
ןוחא	1	final_midword
ןוחז	1	final_midword
ןוחלת	1	final_midword
ןוחמריה	1	final_midword
ןויחסנון	1	final_midword
ןויחת	1	final_midword
ןוייטב	1	final_midword
ןויימר	1	final_midword
ןוילפ	1	final_midword
ןוינ	1	final_midword
ןויעבד	1	final_midword
ןויקטל	1	final_midword
ןויתב	1	final_midword
ןויתבון	1	final_midword
ןוכו	1	final_midword
ןולית	1	final_midword
ןולנ	1	final_midword
ןולנס	1	final_midword
ןולק	1	final_midword
ןומ	1	final_midword
ןומסר	1	final_midword
ןומצינו	1	final_midword
ןומתקנין	1	final_midword
ןונדריכ	1	final_midword
ןונטלו	1	final_midword
ןונטלינ	1	final_midword
ןוניהי	1	final_midword
ןונימ	1	final_midword
ןונפ	1	final_midword
ןוסביכ	1	final_midword
ןוסימא	1	final_midword
ןועקן	1	final_midword
ןופרסא	1	final_midword
ןוצדיקי	1	final_midword
ןוצפירי	1	final_midword
ןותזער	1	final_midword
ןותחד	1	final_midword
ןותטר	1	final_midword
ןותידעין	1	final_midword
ןותיתב	1	final_midword
ןותמן	1	final_midword
ןותס	1	final_midword
ןותסב	1	final_midword
ןותסט	1	final_midword
ןותסק	1	final_midword
ןותעירק	1	final_midword
ןותרים	1	final_midword
ןותת	1	final_midword
ןותתקעון	1	final_midword
ןזדון	1	final_midword
ןזומר	1	final_midword
ןזיניהון	1	final_midword
ןזיתיך	1	final_midword
ןזמן	1	final_midword
ןזנ	1	final_midword
ןזעירא	1	final_midword
ןזפ	1	final_midword
ןזרעית	1	final_midword
ןזרק	1	final_midword
ןזש	1	final_midword
ןחא	1	final_midword
ןחבר	1	final_midword
ןחד	1	final_midword
ןחובא	1	final_midword
ןחוות	1	final_midword
ןחות	1	final_midword
ןחזן	1	final_midword
ןחי	1	final_midword
ןחייב	1	final_midword
ןחיים	1	final_midword
ןחיל	1	final_midword
ןחיתא	1	final_midword
ןחמר	1	final_midword
ןחןזר	1	final_midword
ןחס	1	final_midword
ןחסינא	1	final_midword
ןחצירות	1	final_midword
ןחרבא	1	final_midword
ןטעותנא	1	final_midword
ןטען	1	final_midword
ןיגמרינ	1	final_midword
ןידיכ	1	final_midword
ןידנא	1	final_midword
ןידע	1	final_midword
ןיה	1	final_midword
ןיהא	1	final_midword
ןיהוין	1	final_midword
ןיהון	1	final_midword
ןיהכ	1	final_midword
ןיחדי	1	final_midword
ןייז	1	final_midword
ןייע	1	final_midword
ןיכו	1	final_midword
ןימינא	1	final_midword
ןינקיה	1	final_midword
ןיסע	1	final_midword
ןיעבד	1	final_midword
ןיצהר	1	final_midword
ןיתבין	1	final_midword
ןיתגלה	1	final_midword
ןיתיך	1	final_midword
ןיתך	1	final_midword
ןיתכ	1	final_midword
ןך	1	final_midword
ןכ	1	final_midword
ןכח	1	final_midword
ןככ	1	final_midword
ןכמש	1	final_midword
ןכסמן	1	final_midword
ןכעיז	1	final_midword
ןכעין	1	final_midword
ןכר	1	final_midword
ןכשהקבה	1	final_midword
ןכשנזכר	1	final_midword
ןכתב	1	final_midword
ןלאגחא	1	final_midword
ןלאוסרה	1	final_midword
ןלאתב	1	final_midword
ןלאתע	1	final_midword
ןלאתק	1	final_midword
ןלבני	1	final_midword
ןלבניך	1	final_midword
ןלבעיל	1	final_midword
ןלג	1	final_midword
ןלדידי	1	final_midword
ןלדיע	1	final_midword
ןלדכרן	1	final_midword
ןלדמא	1	final_midword
ןלדריה	1	final_midword
ןלהושיט	1	final_midword
ןלהןסיף	1	final_midword
ןלהתחיל	1	final_midword
ןלואי	1	final_midword
ןלומר	1	final_midword
ןלותך	1	final_midword
ןלזרעיתה	1	final_midword
ןלח	1	final_midword
ןלחדא	1	final_midword
ןלחילוק	1	final_midword
ןלחיליה	1	final_midword
ןלחמא	1	final_midword
ןליושבים	1	final_midword
ןלכ	1	final_midword
ןלכהניא	1	final_midword
ןלכך	1	final_midword
ןלכל	1	final_midword
ןלכנ	1	final_midword
ןלכק	1	final_midword
ןללאה	1	final_midword
ןלמאן	1	final_midword
ןלמבעי	1	final_midword
ןלמד	1	final_midword
ןלמדחל	1	final_midword
ןלמה	1	final_midword
ןלמחזי	1	final_midword
ןלמיא	1	final_midword
ןלמידע	1	final_midword
ןלמימרי	1	final_midword
ןלמל	1	final_midword
ןלמסק	1	final_midword
ןלמעלה	1	final_midword
ןלמעשה	1	final_midword
ןלמקוח	1	final_midword
ןלמרגמנא	1	final_midword
ןלנ	1	final_midword
ןלנה	1	final_midword
ןלנטרי	1	final_midword
ןלניח	1	final_midword
ןלס	1	final_midword
ןלסברות	1	final_midword
ןלסגיאי	1	final_midword
ןלע	1	final_midword
ןלעא	1	final_midword
ןלעולם	1	final_midword
ןלעין	1	final_midword
ןלעיני	1	final_midword
ןלעלם	1	final_midword
ןלענד	1	final_midword
ןלערל	1	final_midword
ןלפיד	1	final_midword
ןלפיכך	1	final_midword
ןלפסוק	1	final_midword
ןלפרעה	1	final_midword
ןלצ	1	final_midword
ןלק	1	final_midword
ןלקבל	1	final_midword
ןלקדם	1	final_midword
ןלקים	1	final_midword
ןלקרבא	1	final_midword
ןלקרבנות	1	final_midword
ןלרבונ	1	final_midword
ןלרעוא	1	final_midword
ןלשאר	1	final_midword
ןלשיטתו	1	final_midword
ןלתפלין	1	final_midword
ןמא	1	final_midword
ןמאה	1	final_midword
ןמאז	1	final_midword
ןמאידך	1	final_midword
ןמבואות	1	final_midword
ןמבואר	1	final_midword
ןמביני	1	final_midword
ןמג	1	final_midword
ןמד	1	final_midword
ןמדדייק	1	final_midword
ןמדהות	1	final_midword
ןמדוע	1	final_midword
ןמהם	1	final_midword
ןמהרשא	1	final_midword
ןמותר	1	final_midword
ןמזינין	1	final_midword
ןמזעירי	1	final_midword
ןמח	1	final_midword
ןמחוביהון	1	final_midword
ןמחת	1	final_midword
ןמיא	1	final_midword
ןמיגאש	1	final_midword
ןמיהו	1	final_midword
ןמית	1	final_midword
ןמכ	1	final_midword
ןמכוין	1	final_midword
ןמכריז	1	final_midword
ןמלך	1	final_midword
ןמלן	1	final_midword
ןממעיקתה	1	final_midword
ןממצרים	1	final_midword
ןמןתרת	1	final_midword
ןמנה	1	final_midword
ןמנכ	1	final_midword
ןמנע	1	final_midword
ןמסאבין	1	final_midword
ןמסגי	1	final_midword
ןמסירין	1	final_midword
ןמסלעמך	1	final_midword
ןמסרנ	1	final_midword
ןמסתימת	1	final_midword
ןמעש	1	final_midword
ןמפרשינן	1	final_midword
ןמצלהבה	1	final_midword
ןמצרים	1	final_midword
ןמקבל	1	final_midword
ןמקדמין	1	final_midword
ןמקפן	1	final_midword
ןמקרבין	1	final_midword
ןמקריבין	1	final_midword
ןמרד	1	final_midword
ןמרי	1	final_midword
ןמש	1	final_midword
ןמשום	1	final_midword
ןמשכ	1	final_midword
ןמשלי	1	final_midword
ןמשלם	1	final_midword
ןמשמע	1	final_midword
ןמשמעות	1	final_midword
ןמתעטף	1	final_midword
ןמתרגפין	1	final_midword
ןן	1	final_midword
ןנב	1	final_midword
ןנבי	1	final_midword
ןנגון	1	final_midword
ןנוטה	1	final_midword
ןנחבט	1	final_midword
ןנחתן	1	final_midword
ןנטלין	1	final_midword
ןנטרין	1	final_midword
ןניחא	1	final_midword
ןניכוי	1	final_midword
ןנימוקי	1	final_midword
ןנכראין	1	final_midword
ןנמע	1	final_midword
ןנעו	1	final_midword
ןנפ	1	final_midword
ןנשים	1	final_midword
ןנתהני	1	final_midword
ןנתן	1	final_midword
ןסבי	1	final_midword
ןסביכ	1	final_midword
ןסגי	1	final_midword
ןסגיעין	1	final_midword
ןסי	1	final_midword
ןסע	1	final_midword
ןסק	1	final_midword
ןעבד	1	final_midword
ןעבדי	1	final_midword
ןעבדיא	1	final_midword
ןעדיין	1	final_midword
ןעזקן	1	final_midword
ןעטר	1	final_midword
ןעי	1	final_midword
ןעיש	1	final_midword
ןעלוהי	1	final_midword
ןעלתא	1	final_midword
ןעמ	1	final_midword
ןעמא	1	final_midword
ןעמיא	1	final_midword
ןעממין	1	final_midword
ןעע	1	final_midword
ןעפמש	1	final_midword
ןעקא	1	final_midword
ןעקרבין	1	final_midword
ןעקתא	1	final_midword
ןערדעניא	1	final_midword
ןעש	1	final_midword
ןעשרין	1	final_midword
ןעתידין	1	final_midword
ןפוטרה	1	final_midword
ןפטריות	1	final_midword
ןפי	1	final_midword
ןפנימית	1	final_midword
ןפרכינן	1	final_midword
ןפתחי	1	final_midword
ןץףך	1	final_midword
ןצדיתא	1	final_midword
ןצל	1	final_midword
ןצריכין	1	final_midword
ןקברית	1	final_midword
ןקדי	1	final_midword
ןקדמ	1	final_midword
ןקדמיכ	1	final_midword
ןקחו	1	final_midword
ןקימין	1	final_midword
ןקלך	1	final_midword
ןקלפין	1	final_midword
ןקר	1	final_midword
ןקרו	1	final_midword
ןקריבין	1	final_midword
ןראה	1	final_midword
ןרברבי	1	final_midword
ןרגל	1	final_midword
ןרחימין	1	final_midword
ןרען	1	final_midword
ןרק	1	final_midword
ןשחוטין	1	final_midword
ןשיבולי	1	final_midword
ןשלישי	1	final_midword
ןשמלה	1	final_midword
ןשני	1	final_midword
ןשנשתנה	1	final_midword
ןשץש	1	final_midword
ןתוס	1	final_midword
ןתי	1	final_midword
ןתימא	1	final_midword
ןתנו	1	final_midword
נz	1	mixed
נzחzש	1	mixed
נאחזיםן	1	final_midword
נאמןו	1	final_midword
נאמןלומר	1	final_midword
נאמןעכ	1	final_midword
נאמןשוב	1	final_midword
נאמניםג	1	final_midword
נאמניןגם	1	final_midword
נביאןי	1	final_midword
נבלתהוןמ	1	final_midword
נגוביםז	1	final_midword
נגעיםגר	1	final_midword
נהירןי	1	final_midword
נהמיןלמקטל	1	final_midword
נוi	1	mixed
נוםסה	1	final_midword
נוםף	1	final_midword
נוןג	1	final_midword
נוןוית	1	final_midword
נוןוקדי	1	final_midword
נוןחלין	1	final_midword
נוןית	1	final_midword
נוןללבו	1	final_midword
נוןללואי	1	final_midword
נוןמני	1	final_midword
נוןקדם	1	final_midword
נוניןס	1	final_midword
נוסףבהם	1	final_midword
נוסףף	1	final_midword
נוסףפיסמדברי	1	final_midword
נועליןאת	1	final_midword
נוקיםבחזקתיה	1	final_midword
נורןת	1	final_midword
נושךכן	1	final_midword
נותןטעם	1	final_midword
נזהריןרים	1	final_midword
נחמןבר	1	final_midword
נחמןד	1	final_midword
נחתןמ	1	final_midword
נטליןבהון	1	final_midword
נטליןבכתפא	1	final_midword
נטליןבני	1	final_midword
נטליןבתריהון	1	final_midword
נטליןעל	1	final_midword
נטףגא	1	final_midword
ניהןקדמאין	1	final_midword
ניךיר	1	final_midword
ניךלנ	1	final_midword
ניךעל	1	final_midword
ניםומ	1	final_midword
ניםיב	1	final_midword
ניםן	1	final_midword
נימיןאח	1	final_midword
נימיןואמר	1	final_midword
נימיןועל	1	final_midword
נימיןית	1	final_midword
ניןא	1	final_midword
ניןאחרנין	1	final_midword
ניןאם	1	final_midword
ניןו	1	final_midword
ניןוהו	1	final_midword
ניןויהי	1	final_midword
ניןולעילא	1	final_midword
ניןולעלא	1	final_midword
ניןומא	1	final_midword
ניןורביאו	1	final_midword
ניןותקר	1	final_midword
ניןיהב	1	final_midword
ניןיהי	1	final_midword
ניןלדכרא	1	final_midword
ניןלו	1	final_midword
ניןלמירת	1	final_midword
ניןלמפק	1	final_midword
ניןסל	1	final_midword
ניצוץף	1	final_midword
נישואיןואפי	1	final_midword
נישואיןולומד	1	final_midword
ניתוםף	1	final_midword
נךגא	1	final_midword
נךגג	1	final_midword
נךמ	1	final_midword
נךס	1	final_midword
נכוןגידל	1	final_midword
נכוןן	1	final_midword
נכוניםליישב	1	final_midword
נכמr	1	mixed
נכןם	1	final_midword
נכןן	1	final_midword
נכנסיםבשניהם	1	final_midword
נכנסיםל	1	final_midword
נכנסימןם	1	final_midword
נכנסימןן	1	final_midword
נכנסיןלפני	1	final_midword
נכסיןמס	1	final_midword
נלקj	1	mixed
נםה	1	final_midword
נםות	1	final_midword
נםים	1	final_midword
נםכים	1	final_midword
נמלךא	1	final_midword
נמריןובית	1	final_midword
נמשןי	1	final_midword
נןגעות	1	final_midword
נןגעים	1	final_midword
נןדיהב	1	final_midword
נןוא	1	final_midword
נןכל	1	final_midword
נןליך	1	final_midword
נןשע	1	final_midword
ננךלכנ	1	final_midword
נננ	1	repeat_letter
נסיבןלה	1	final_midword
נסימןב	1	final_midword
נסימןים	1	final_midword
נסימןם	1	final_midword
נסימןעתם	1	final_midword
נסיןמן	1	final_midword
נסךא	1	final_midword
נסכיםא	1	final_midword
נסכיםנסכים	1	final_midword
נסםפרים	1	final_midword
נסמךעל	1	final_midword
נסניךאכיס	1	final_midword
נעשu	1	mixed
נפולחיםםםם	1	final_midword
נפןץ	1	final_midword
נפקןלממלי	1	final_midword
נפקןמליתא	1	final_midword
נפשךלהגיד	1	final_midword
נפשךנ	1	final_midword
נץגא	1	final_midword
נץגג	1	final_midword
נץגד	1	final_midword
נצןעמי	1	final_midword
נקוןו	1	final_midword
נקייםב	1	final_midword
נקןדןץ	1	final_midword
נקניםעם	1	final_midword
נקריןולא	1	final_midword
נרכןלי	1	final_midword
נשבעיןעל	1	final_midword
נשוףי	1	final_midword
נשיםא	1	final_midword
נשיםהמלך	1	final_midword
נתוםף	1	final_midword
נתוםפה	1	final_midword
נתכוןלהרוג	1	final_midword
נתןאת	1	final_midword
נתןגב	1	final_midword
נתןנב	1	final_midword
נתקיםם	1	final_midword
נתרןץ	1	final_midword
נתתיךי	1	final_midword
סt	1	mixed
סאיןמשום	1	final_midword
סאיןסול	1	final_midword
סאיןסל	1	final_midword
סאיןקמחא	1	final_midword
סבךגא	1	final_midword
סבךגב	1	final_midword
סגuלתך	1	mixed
סגיאיןדקימין	1	final_midword
סגיאיןו	1	final_midword
סגיאיןותקיפין	1	final_midword
סגיאיןלאגחא	1	final_midword
סגיעיןלוטתיה	1	final_midword
סגיעיןמחתין	1	final_midword
סגןוכן	1	final_midword
סדוםמאחר	1	final_midword
סדןגד	1	final_midword
סדןגה	1	final_midword
סדןגו	1	final_midword
סהדיןדתבירא	1	final_midword
סהדיןקדמי	1	final_midword
סודשםהקדושזהייאלהים	1	final_midword
סומךעז	1	final_midword
סומכיןץ	1	final_midword
סומכןת	1	final_midword
סוןולא	1	final_midword
סוןקל	1	final_midword
סוסיםאסור	1	final_midword
סוסימןא	1	final_midword
סוףו	1	final_midword
סוףלמתקל	1	final_midword
סוףן	1	final_midword
סוףסי	1	final_midword
סופןבתחלתן	1	final_midword
סזa	1	mixed
סחףגב	1	final_midword
סטיתוןמבתר	1	final_midword
סטעסימןא	1	final_midword
סידריןסחור	1	final_midword
סיהוןבסיפין	1	final_midword
סיוםם	1	final_midword
סימןב	1	final_midword
סימןבה	1	final_midword
סימןג	1	final_midword
סימןגא	1	final_midword
סימןגק	1	final_midword
סימןה	1	final_midword
סימןהרוה	1	final_midword
סימןון	1	final_midword
סימןח	1	final_midword
סימןט	1	final_midword
סימןיג	1	final_midword
סימןין	1	final_midword
סימןלח	1	final_midword
סימןלתא	1	final_midword
סימןמא	1	final_midword
סימןננן	1	final_midword
סימןפטא	1	final_midword
סימןפרה	1	final_midword
סימןר	1	final_midword
סימןרוגין	1	final_midword
סימןתקצה	1	final_midword
סיףאבעיני	1	final_midword
סיףלמ	1	final_midword
סיפךוק	1	final_midword
סיריןוחל	1	final_midword
סךב	1	final_midword
סךגב	1	final_midword
סךגג	1	final_midword
סךגו	1	final_midword
סךגח	1	final_midword
סכיןגא	1	final_midword
סכיןמקדשתכ	1	final_midword
סלםנתאמת	1	final_midword
סלעיןהוה	1	final_midword
סלעםגא	1	final_midword
סםב	1	final_midword
סםינה	1	final_midword
סםרא	1	final_midword
סמוכיןובבבל	1	final_midword
סמוםך	1	final_midword
סמוןיתי	1	final_midword
סמיךעל	1	final_midword
סמיןבצפר	1	final_midword
סמיןנ	1	final_midword
סמיןקדמך	1	final_midword
סמךגא	1	final_midword
סמךדאמר	1	final_midword
סמךדמפורש	1	final_midword
סמךלי	1	final_midword
סמךקניא	1	final_midword
סמכינןעל	1	final_midword
סמןבא	1	final_midword
סמןהלא	1	final_midword
סמעסימןא	1	final_midword
סמפוןגא	1	final_midword
סמפוןגב	1	final_midword
סמפוןגג	1	final_midword
סןברים	1	final_midword
סןברין	1	final_midword
סןמכין	1	final_midword
סןסי	1	final_midword
סןפרים	1	final_midword
ססךב	1	final_midword
ססססס	1	repeat_letter
סעיףה	1	final_midword
סעפףצץ	1	final_midword
סףאו	1	final_midword
סףאח	1	final_midword
סףגב	1	final_midword
סףגה	1	final_midword
סףגז	1	final_midword
סףהו	1	final_midword
סףהלא	1	final_midword
סףהעד	1	final_midword
סףו	1	final_midword
סףואלין	1	final_midword
סףואמר	1	final_midword
סףואמרת	1	final_midword
סףוה	1	final_midword
סףוהוה	1	final_midword
סףויהב	1	final_midword
סףזבינ	1	final_midword
סףי	1	final_midword
סףיי	1	final_midword
סףלמה	1	final_midword
סףלמילט	1	final_midword
סףמכ	1	final_midword
סףעם	1	final_midword
סףר	1	final_midword
ספוןעלך	1	final_midword
ספיןאנחנא	1	final_midword
ספןגג	1	final_midword
ספןגד	1	final_midword
ספןגה	1	final_midword
ספןר	1	final_midword
סקךא	1	final_midword
סרדיןחמ	1	final_midword
סרדיןמאה	1	final_midword
סרדיןעמ	1	final_midword
סרחיןישראל	1	final_midword
סריסימןם	1	final_midword
סריסימןן	1	final_midword
סתםג	1	final_midword
סתןמים	1	final_midword
עb	1	mixed
עc	1	mixed
עh	1	mixed
עk	1	mixed
עp	1	mixed
עt	1	mixed
עuשה	1	mixed
עz	1	mixed
עאןועב	1	final_midword
עבb	1	mixed
עבדוןית	1	final_midword
עבדיךדי	1	final_midword
עבדיךלקן	1	final_midword
עבדיךם	1	final_midword
עבדיןי	1	final_midword
עבדיןמ	1	final_midword
עבדיןעבדי	1	final_midword
עבדיןעילא	1	final_midword
עבדךו	1	final_midword
עבדךע	1	final_midword
עבידיןלי	1	final_midword
עדוץו	1	final_midword
עדותןן	1	final_midword
עדייןהול	1	final_midword
עדיךי	1	final_midword
עדיםדבעל	1	final_midword
עדיםה	1	final_midword
עדיםלא	1	final_midword
עדיףואכ	1	final_midword
עדיףואפי	1	final_midword
עדיףשעבוד	1	final_midword
עדןגא	1	final_midword
עדןדא	1	final_midword
עדןדע	1	final_midword
עדןויהי	1	final_midword
עדןית	1	final_midword
עדןם	1	final_midword
עדניןיחלפו	1	final_midword
עוnדת	1	mixed
עוהc	1	mixed
עולםכמבוארלעיל	1	final_midword
עומדיםב	1	final_midword
עוןארי	1	final_midword
עוןד	1	final_midword
עונןת	1	final_midword
עושיםב	1	final_midword
עותהוןויקר	1	final_midword
עזa	1	mixed
עזבןם	1	final_midword
עזקןדדהב	1	final_midword
עזקןעל	1	final_midword
עטףגב	1	final_midword
עיוןג	1	final_midword
עייןבסימן	1	final_midword
עייןבפרח	1	final_midword
עייןהלקט	1	final_midword
עיישamp	1	mixed
עיםק	1	final_midword
עיןא	1	final_midword
עיןגא	1	final_midword
עיןלי	1	final_midword
עיניךלמערבא	1	final_midword
עיניםומסיחים	1	final_midword
עינךו	1	final_midword
עינךוחזא	1	final_midword
עינךסניתא	1	final_midword
עירוביןסה	1	final_midword
עירוביןפו	1	final_midword
עירוביןק	1	final_midword
עירוביןשם	1	final_midword
עירןבין	1	final_midword
עךב	1	final_midword
עךל	1	final_midword
עךק	1	final_midword
עךקר	1	final_midword
עכןם	1	final_midword
עלאבןאחתשבעהעינים	1	final_midword
עלויהוןמלעילא	1	final_midword
עלוןוקריב	1	final_midword
עלוןקדם	1	final_midword
עליהוןביום	1	final_midword
עליהוןברדא	1	final_midword
עליהוןית	1	final_midword
עליהוןלא	1	final_midword
עליהוןמדברא	1	final_midword
עליהוןרבני	1	final_midword
עליהםג	1	final_midword
עליהםדברים	1	final_midword
עליהםרל	1	final_midword
עליהןא	1	final_midword
עליהןוית	1	final_midword
עליהקרבןעולה	1	final_midword
עליוניםישבהם	1	final_midword
עליךוארי	1	final_midword
עליכוןוית	1	final_midword
עליכוןיומא	1	final_midword
עליםנים	1	final_midword
עליןלאתרברבא	1	final_midword
עלךיו	1	final_midword
עלךירושלם	1	final_midword
עלךית	1	final_midword
עלםגא	1	final_midword
עלםלדריהון	1	final_midword
עלםלדריכ	1	final_midword
עלםלכ	1	final_midword
עלתךוכ	1	final_midword
עםאב	1	final_midword
עםאחז	1	final_midword
עםאלהן	1	final_midword
עםאם	1	final_midword
עםארי	1	final_midword
עםגיותני	1	final_midword
עםד	1	final_midword
עםזרעי	1	final_midword
עםי	1	final_midword
עםיו	1	final_midword
עםמ	1	final_midword
עםמלאכא	1	final_midword
עםמלכין	1	final_midword
עםנדב	1	final_midword
עםס	1	final_midword
עםע	1	final_midword
עםעבראי	1	final_midword
עםק	1	final_midword
עםקטולא	1	final_midword
עםר	1	final_midword
עםרב	1	final_midword
עמa	1	mixed
עמהוןוענא	1	final_midword
עמהוןלמ	1	final_midword
עמהםב	1	final_midword
עמהןבחכמא	1	final_midword
עמהןמל	1	final_midword
עמוסימןם	1	final_midword
עמךדי	1	final_midword
עמךוכו	1	final_midword
עמךי	1	final_midword
עמךקדם	1	final_midword
עמךקים	1	final_midword
עמםלהראות	1	final_midword
עממיןאת	1	final_midword
עממיןס	1	final_midword
עמןדי	1	final_midword
עמקוםולידע	1	final_midword
עמריןלחד	1	final_midword
עןאד	1	final_midword
עןביד	1	final_midword
עןבר	1	final_midword
עןברים	1	final_midword
עןג	1	final_midword
עןגא	1	final_midword
עןגג	1	final_midword
עןגד	1	final_midword
עןגה	1	final_midword
עןואית	1	final_midword
עןואמ	1	final_midword
עןוחז	1	final_midword
עןויסעד	1	final_midword
עןל	1	final_midword
עןלא	1	final_midword
עןלבית	1	final_midword
עןלה	1	final_midword
עןלות	1	final_midword
עןלח	1	final_midword
עןלעב	1	final_midword
עןלק	1	final_midword
עןנות	1	final_midword
עןעב	1	final_midword
עןעמא	1	final_midword
עןעתרנא	1	final_midword
עןשים	1	final_midword
ענביןלא	1	final_midword
ענייםבמתנות	1	final_midword
עניןהמדרש	1	final_midword
עניןהפרשה	1	final_midword
עניןועמך	1	final_midword
עניןזה	1	final_midword
עניןלהממעה	1	final_midword
עניןלהני	1	final_midword
ענךמסירין	1	final_midword
ענךעל	1	final_midword
ענכוןותורכון	1	final_midword
ענניןקלילין	1	final_midword
עסריןועירי	1	final_midword
עסריןט	1	final_midword
עףגב	1	final_midword
עץארז	1	final_midword
עץב	1	final_midword
עצוריןלא	1	final_midword
עצםהנזירות	1	final_midword
עצמםואת	1	final_midword
עצמןת	1	final_midword
ערכיןהאומר	1	final_midword
ערלויבניo	1	mixed
ערמוןגא	1	final_midword
ערןת	1	final_midword
עתידיןדיחסנון	1	final_midword
עתידיןלמח	1	final_midword
עתךסיהרא	1	final_midword
ףא	1	final_midword
ףאזדקפת	1	final_midword
ףאלהן	1	final_midword
ףאנ	1	final_midword
ףאנחנא	1	final_midword
ףארי	1	final_midword
ףאשית	1	final_midword
ףבזיע	1	final_midword
ףבזמנא	1	final_midword
ףבך	1	final_midword
ףד	1	final_midword
ףדי	1	final_midword
ףדילה	1	final_midword
ףהיא	1	final_midword
ףוהא	1	final_midword
ףולא	1	final_midword
ףועד	1	final_midword
ףחזקת	1	final_midword
ףחלמ	1	final_midword
ףט	1	final_midword
ףיהב	1	final_midword
ףיי	1	final_midword
ףימינך	1	final_midword
ףך	1	final_midword
ףלאזגדך	1	final_midword
ףלבי	1	final_midword
ףלות	1	final_midword
ףלי	1	final_midword
ףלך	1	final_midword
ףלתרין	1	final_midword
ףמלילן	1	final_midword
ףמלעילא	1	final_midword
ףמסינא	1	final_midword
ףמעדן	1	final_midword
ףס	1	final_midword
ףעבדי	1	final_midword
ףעל	1	final_midword
ףעלמי	1	final_midword
ףעמא	1	final_midword
ףק	1	final_midword
ףקנא	1	final_midword
פjת	1	mixed
פy	1	mixed
פביםת	1	final_midword
פגוםאכתי	1	final_midword
פגםגב	1	final_midword
פגןגא	1	final_midword
פגןגד	1	final_midword
פודיןאבל	1	final_midword
פודיןבו	1	final_midword
פולחןטעותא	1	final_midword
פוסקיםדהוי	1	final_midword
פועןל	1	final_midword
פוריםדיק	1	final_midword
פזa	1	mixed
פחיםל	1	final_midword
פטםגא	1	final_midword
פיטםמתו	1	final_midword
פיךלא	1	final_midword
פיפיןצ	1	final_midword
פךב	1	final_midword
פךגא	1	final_midword
פךו	1	final_midword
פךת	1	final_midword
פלחינךועם	1	final_midword
פלךגב	1	final_midword
פלךגג	1	final_midword
פםה	1	final_midword
פםח	1	final_midword
פםחייא	1	final_midword
פםחים	1	final_midword
פןחדא	1	final_midword
פןיפגעו	1	final_midword
פןיקחם	1	final_midword
פןלין	1	final_midword
פןשיש	1	final_midword
פןתחים	1	final_midword
פניםא	1	final_midword
פניםהדין	1	final_midword
פניםחשוב	1	final_midword
פניניןא	1	final_midword
פסוליןדרל	1	final_midword
פסולןמהן	1	final_midword
פסוקיםיט	1	final_midword
פסוקיםכז	1	final_midword
פסוקיןם	1	final_midword
פסימןדה	1	final_midword
פסימןם	1	final_midword
פסימןעה	1	final_midword
פסימןק	1	final_midword
פסימןקא	1	final_midword
פסןקים	1	final_midword
פעםג	1	final_midword
פעםגב	1	final_midword
פעםעשאו	1	final_midword
פעםשנית	1	final_midword
פעמיךהנל	1	final_midword
פעמיםא	1	final_midword
פעמיםד	1	final_midword
פעמיםה	1	final_midword
פעמיםואות	1	final_midword
פעמיםואותיות	1	final_midword
פעמיםכי	1	final_midword
פעמיםכתובה	1	final_midword
פעסימןא	1	final_midword
פערךייגט	1	final_midword
פץא	1	final_midword
פץגג	1	final_midword
פקדוןא	1	final_midword
פקסןגא	1	final_midword
פריךא	1	final_midword
פריךם	1	final_midword
פרןע	1	final_midword
פרסוןלבו	1	final_midword
פרסוןעל	1	final_midword
פרסמv	1	mixed
פרסןמי	1	final_midword
פרץגב	1	final_midword
פרץחצרן	1	final_midword
פרקיךמת	1	final_midword
פרקינוןמן	1	final_midword
פשוןגא	1	final_midword
פשעךם	1	final_midword
פתגםעם	1	final_midword
פתגמךר	1	final_midword
פתוםגב	1	final_midword
ץב	1	final_midword
ץגד	1	final_midword
ץואו	1	final_midword
ץוה	1	final_midword
ץורי	1	final_midword
ץזש	1	final_midword
ץטבה	1	final_midword
ץיקון	1	final_midword
ץל	1	final_midword
ץמות	1	final_midword
ץףך	1	final_midword
ץרנב	1	final_midword
ץרצה	1	final_midword
ץרתי	1	final_midword
ץש	1	final_midword
ץשש	1	final_midword
צk	1	mixed
צt	1	mixed
צבןלמתב	1	final_midword
צדקתםורוב	1	final_midword
צוהp	1	mixed
צוחיןלמימר	1	final_midword
ציוןן	1	final_midword
ציוןשדה	1	final_midword
ציריןובנתי	1	final_midword
צירןפם	1	final_midword
צישטירנt	1	mixed
צלותךמליל	1	final_midword
צלףגא	1	final_midword
צלףחד	1	final_midword
צןלין	1	final_midword
צנףגא	1	final_midword
צנףגב	1	final_midword
צףגג	1	final_midword
צףגו	1	final_midword
צףגח	1	final_midword
צףגט	1	final_midword
צףגי	1	final_midword
צףגיא	1	final_midword
צפuן	1	mixed
צפוןוגו	1	final_midword
צפורןגא	1	final_midword
צפורןגב	1	final_midword
צפיריןעדבין	1	final_midword
צפןי	1	final_midword
צפןן	1	final_midword
צפריםחטאת	1	final_midword
צץגב	1	final_midword
צץגט	1	final_midword
צריךב	1	final_midword
צריךבן	1	final_midword
צריךה	1	final_midword
צריךך	1	final_midword
צריךלהחזיר	1	final_midword
צריךלהיות	1	final_midword
צריךלהשלים	1	final_midword
צריךלהתעכבעליו	1	final_midword
צריךלמשמש	1	final_midword
צריךלפורעו	1	final_midword
צריךלפרש	1	final_midword
צריךלפתוח	1	final_midword
צריךלשתות	1	final_midword
צריךנמי	1	final_midword
צריךפרישה	1	final_midword
צריךרק	1	final_midword
צריכיםלבקש	1	final_midword
צריכיןקרא	1	final_midword
צריםך	1	final_midword
צריןדר	1	final_midword
צריפיםומהלכי	1	final_midword
צרכיםבאיסור	1	final_midword
צרףגא	1	final_midword
צרףגג	1	final_midword
קnפלגי	1	mixed
קאנסימןל	1	final_midword
קגץם	1	final_midword
קדושיםויקרא	1	final_midword
קדםאחנא	1	final_midword
קדםאלה	1	final_midword
קדםאמר	1	final_midword
קדםארונא	1	final_midword
קדםביתא	1	final_midword
קדםגזתא	1	final_midword
קדםד	1	final_midword
קדםדקטלין	1	final_midword
קדםו	1	final_midword
קדםחר	1	final_midword
קדםיה	1	final_midword
קדםמד	1	final_midword
קדםמי	1	final_midword
קדםסכלא	1	final_midword
קדםעיל	1	final_midword
קדםקהלא	1	final_midword
קדםשאוכל	1	final_midword
קדמךאתר	1	final_midword
קדמךו	1	final_midword
קדמךות	1	final_midword
קדמךח	1	final_midword
קדמךית	1	final_midword
קדמךלית	1	final_midword
קדמךלמטרך	1	final_midword
קדמךמחזרי	1	final_midword
קדמךעד	1	final_midword
קדשיםא	1	final_midword
קדשיםאף	1	final_midword
קדשיםבטומאת	1	final_midword
קדשיםדם	1	final_midword
קדשיםוחייב	1	final_midword
קדשיםכל	1	final_midword
קהוןמ	1	final_midword
קודםלכן	1	final_midword
קודםם	1	final_midword
קוךם	1	final_midword
קוםאיזיל	1	final_midword
קוןלה	1	final_midword
קופיץובמפסלת	1	final_midword
קוצץויורד	1	final_midword
קחתךאת	1	final_midword
קטיליןקדם	1	final_midword
קטליןבחרבא	1	final_midword
קטםגא	1	final_midword
קטןגד	1	final_midword
קטןגה	1	final_midword
קטןגו	1	final_midword
קטןהקטן	1	final_midword
קטןוזה	1	final_midword
קטןושלמעלה	1	final_midword
קטןיש	1	final_midword
קטניםא	1	final_midword
קטניםליכא	1	final_midword
קטףגא	1	final_midword
קטףגג	1	final_midword
קטףגד	1	final_midword
קיבamp	1	mixed
קידושיןהיא	1	final_midword
קידושיןז	1	final_midword
קיוםולא	1	final_midword
קיטוףא	1	final_midword
קייםא	1	final_midword
קייםודרבן	1	final_midword
קייםלא	1	final_midword
קייםעלם	1	final_midword
קייץואם	1	final_midword
קיכוליןרת	1	final_midword
קילוסימןנו	1	final_midword
קיםליתב	1	final_midword
קיםקדם	1	final_midword
קימיןעלוך	1	final_midword
קימיןעלי	1	final_midword
קימךבני	1	final_midword
קימךלא	1	final_midword
קינדרוסימןן	1	final_midword
קיניןג	1	final_midword
קיסימןן	1	final_midword
קיףלך	1	final_midword
קיפןק	1	final_midword
קךלאגחא	1	final_midword
קךמ	1	final_midword
קךעמפעלן	1	final_midword
קכבa	1	mixed
קלוסימןנו	1	final_midword
קליליןוד	1	final_midword
קליםקדשים	1	final_midword
קליןדלוט	1	final_midword
קליןומטרא	1	final_midword
קליןיהב	1	final_midword
קלןגא	1	final_midword
קלףגא	1	final_midword
קלףגה	1	final_midword
קםגא	1	final_midword
קםד	1	final_midword
קםובסיעת	1	final_midword
קםז	1	final_midword
קםט	1	final_midword
קמדa	1	mixed
קמןלתרי	1	final_midword
קןב	1	final_midword
קןגו	1	final_midword
קןלמידן	1	final_midword
קןנם	1	final_midword
קןרא	1	final_midword
קןרין	1	final_midword
קנוa	1	mixed
קניםד	1	final_midword
קניןכסף	1	final_midword
קנךולא	1	final_midword
קנסןה	1	final_midword
קסאc	1	mixed
קסםגא	1	final_midword
קסםגב	1	final_midword
קסןגב	1	final_midword
קעןמרמצן	1	final_midword
קףארי	1	final_midword
קףגה	1	final_midword
קףגו	1	final_midword
קףגז	1	final_midword
קףגט	1	final_midword
קףגי	1	final_midword
קףגיא	1	final_midword
קףגיב	1	final_midword
קףגיג	1	final_midword
קףגיד	1	final_midword
קףלבא	1	final_midword
קפינוןליד	1	final_midword
קץגב	1	final_midword
קץגה	1	final_midword
קץגז	1	final_midword
קץגיא	1	final_midword
קץגיב	1	final_midword
קץץ	1	final_midword
קצרamp	1	mixed
קקקק	1	repeat_letter
קרבbות	1	mixed
קרבוןלקוד	1	final_midword
קרביןדעבד	1	final_midword
קרבןאמר	1	final_midword
קרבןדלד	1	final_midword
קרבןהוי	1	final_midword
קרבןן	1	final_midword
קרבןץ	1	final_midword
קרויךמס	1	final_midword
קרויךמע	1	final_midword
קרויןלמ	1	final_midword
קרינןבי	1	final_midword
קריתיםבהית	1	final_midword
קרםגד	1	final_midword
קרןגא	1	final_midword
קרןגד	1	final_midword
קרסםגא	1	final_midword
קרץגא	1	final_midword
קרץגב	1	final_midword
קשאיםף	1	final_midword
קשקשיםממעכן	1	final_midword
רj	1	mixed
רy	1	mixed
ראובןאליצור	1	final_midword
ראובןואמרו	1	final_midword
ראובןחנ	1	final_midword
ראובןלבית	1	final_midword
ראובןלמ	1	final_midword
ראובןלמימר	1	final_midword
ראםי	1	final_midword
ראשוןוהתחייבות	1	final_midword
ראשוןי	1	final_midword
ראשוןכדאיתא	1	final_midword
ראשוןכמבואר	1	final_midword
ראשוןמעשר	1	final_midword
ראשןן	1	final_midword
רביםאבל	1	final_midword
רביםאלא	1	final_midword
רביםת	1	final_midword
רבןנ	1	final_midword
רבנחמןאמר	1	final_midword
רבנןא	1	final_midword
רבנןאבל	1	final_midword
רבנןצצצ	1	final_midword
רבעיןביתין	1	final_midword
רבעיןעל	1	final_midword
רברביןותקיפין	1	final_midword
רברביןסגיאין	1	final_midword
רגליםטז	1	final_midword
רגליןמהלכין	1	final_midword
רדידיןח	1	final_midword
רדףעד	1	final_midword
רדפנךעד	1	final_midword
רהביןלמ	1	final_midword
רואיןשנאמן	1	final_midword
רובםוהנה	1	final_midword
רויהוןאם	1	final_midword
רויהוןדי	1	final_midword
רוןמ	1	final_midword
רוןמערבא	1	final_midword
רוסימןא	1	final_midword
רותךויכדב	1	final_midword
רזיןדנצבין	1	final_midword
רחיץוסיפי	1	final_midword
רחליןמאתן	1	final_midword
רחםאב	1	final_midword
רחמיןקדם	1	final_midword
רחןיערק	1	final_midword
רחתךלבנת	1	final_midword
רידןץ	1	final_midword
ריחייםגב	1	final_midword
ריךה	1	final_midword
ריךית	1	final_midword
ריךמיתא	1	final_midword
ריםמ	1	final_midword
ריןגברין	1	final_midword
ריןדבית	1	final_midword
ריןהיך	1	final_midword
ריןו	1	final_midword
ריןואלף	1	final_midword
ריןויהב	1	final_midword
ריןזית	1	final_midword
ריןיהא	1	final_midword
ריןיהי	1	final_midword
ריןיומין	1	final_midword
ריןירהט	1	final_midword
ריןית	1	final_midword
ריןלאתעבדא	1	final_midword
ריןלב	1	final_midword
ריןלקטלא	1	final_midword
ריןעגינין	1	final_midword
ריןעל	1	final_midword
ריןעסר	1	final_midword
ריןרברביא	1	final_midword
ריןשאו	1	final_midword
ריסןבצלו	1	final_midword
ריעךא	1	final_midword
ריצןאד	1	final_midword
ריתךחייה	1	final_midword
רךדי	1	final_midword
רךולא	1	final_midword
רךוממדינה	1	final_midword
רךט	1	final_midword
רךי	1	final_midword
רךית	1	final_midword
רךל	1	final_midword
רךעל	1	final_midword
רםגא	1	final_midword
רםד	1	final_midword
רםהא	1	final_midword
רםח	1	final_midword
רםטב	1	final_midword
רםיה	1	final_midword
רםמקטל	1	final_midword
רםמרגזין	1	final_midword
רמבםהל	1	final_midword
רמבןורשבא	1	final_midword
רמבןידע	1	final_midword
רמבןן	1	final_midword
רמבןפם	1	final_midword
רמלןא	1	final_midword
רמןדלא	1	final_midword
רמץגב	1	final_midword
רןגב	1	final_midword
רןגג	1	final_midword
רןדאתעבידא	1	final_midword
רןח	1	final_midword
רןחלמ	1	final_midword
רןעל	1	final_midword
רןקדומא	1	final_midword
רןקימין	1	final_midword
רנןג	1	final_midword
רנסיןמד	1	final_midword
רעיןא	1	final_midword
רעךדי	1	final_midword
רעךולא	1	final_midword
רעךותכנו	1	final_midword
רעךית	1	final_midword
רףגא	1	final_midword
רפרףגא	1	final_midword
רץאברהם	1	final_midword
רץגא	1	final_midword
רץגב	1	final_midword
רץגג	1	final_midword
רץלזרח	1	final_midword
רצוןהעליון	1	final_midword
רצוןני	1	final_midword
רציןוארם	1	final_midword
רקיךיי	1	final_midword
רקיןו	1	final_midword
רקםגא	1	final_midword
רקםגי	1	final_midword
רקםוית	1	final_midword
רקןדי	1	final_midword
רקןנפ	1	final_midword
רקןעל	1	final_midword
רשםגא	1	final_midword
רשעיםאמר	1	final_midword
רשעיםף	1	final_midword
רשעיםשברת	1	final_midword
שfתב	1	mixed
שhעור	1	mixed
שlisterine	1	mixed
שmouthwash	1	mixed
שnעון	1	mixed
שvnufrבא	1	mixed
שvקל	1	mixed
שxך	1	mixed
שzחzת	1	mixed
שאברהםגייר	1	final_midword
שאוביןו	1	final_midword
שאומריםשכבר	1	final_midword
שאיןב	1	final_midword
שאיןדעתו	1	final_midword
שאיןהלוקח	1	final_midword
שאיןכותבין	1	final_midword
שאיןכן	1	final_midword
שאיןלה	1	final_midword
שאיןלו	1	final_midword
שאיןלכם	1	final_midword
שאיןנ	1	final_midword
שאיןעושין	1	final_midword
שאינםגמורים	1	final_midword
שאינםן	1	final_midword
שאךף	1	final_midword
שאםא	1	final_midword
שאםור	1	final_midword
שאםלא	1	final_midword
שאםתפול	1	final_midword
שאעפh	1	mixed
שאףבדיני	1	final_midword
שאףזו	1	final_midword
שאףף	1	final_midword
שאףשיש	1	final_midword
שבחוץב	1	final_midword
שביןמוציא	1	final_midword
שבירךשהחיינו	1	final_midword
שבךד	1	final_midword
שבכולןח	1	final_midword
שבממוןקיים	1	final_midword
שבסימןקריקון	1	final_midword
שבסכךפסול	1	final_midword
שבעוהz	1	mixed
שבעולםם	1	final_midword
שבעוףגף	1	final_midword
שבעיןר	1	final_midword
שבצלםם	1	final_midword
שברוסימןא	1	final_midword
שברייתאההיאסוברתכמאןדאמר	1	final_midword
שבשעw	1	mixed
שבתןשאי	1	final_midword
שגורo	1	mixed
שגםם	1	final_midword
שדינןלה	1	final_midword
שהi	1	mixed
שהv	1	mixed
שהארוןהי	1	final_midword
שהאריךד	1	final_midword
שהאריךלהוכיח	1	final_midword
שהגמליםלא	1	final_midword
שהוסיףדיו	1	final_midword
שהטעמיםיחלקו	1	final_midword
שהלךם	1	final_midword
שהלךמקודם	1	final_midword
שהםכל	1	final_midword
שהםלר	1	final_midword
שהםמעשרין	1	final_midword
שהםסוד	1	final_midword
שהמלךיגדל	1	final_midword
שהמסימןרה	1	final_midword
שהמסימןרת	1	final_midword
שהןאלף	1	final_midword
שהןלך	1	final_midword
שהנידוןהוא	1	final_midword
שהנשיןם	1	final_midword
שהסולתוהשמןלאנתערבו	1	final_midword
שהסימןדור	1	final_midword
שהסםינה	1	final_midword
שהערבייםהרגוהו	1	final_midword
שהקדמubהו	1	mixed
שהריהואממגהעלכלאותןטובותשל	1	final_midword
שהתןס	1	final_midword
שוo	1	mixed
שווריםג	1	final_midword
שויםכמועדים	1	final_midword
שויןהן	1	final_midword
שויןן	1	final_midword
שוםב	1	final_midword
שוםגוון	1	final_midword
שוםם	1	final_midword
שופטיםה	1	final_midword
שותפיןוביאר	1	final_midword
שותפןת	1	final_midword
שחוןקו	1	final_midword
שחיןא	1	final_midword
שחיןיבמה	1	final_midword
שחיפןבשייש	1	final_midword
שחלםלו	1	final_midword
שחםגא	1	final_midword
שחןטי	1	final_midword
שחףגא	1	final_midword
שחףגב	1	final_midword
שחץן	1	final_midword
שחקיo	1	mixed
שטןנוטריקון	1	final_midword
שטףבמוציא	1	final_midword
שטרt	1	mixed
שטרפוןזבז	1	final_midword
שיאןאנו	1	final_midword
שיאןר	1	final_midword
שידימןח	1	final_midword
שיוxף	1	mixed
שיוy	1	mixed
שיונקיםמן	1	final_midword
שיוסיםו	1	final_midword
שיוסימןפו	1	final_midword
שייךב	1	final_midword
שייךבשחרור	1	final_midword
שייךהפקר	1	final_midword
שייךלמימר	1	final_midword
שיךך	1	final_midword
שיןהי	1	final_midword
שיןכף	1	final_midword
שיןריש	1	final_midword
שיניהםב	1	final_midword
שיניןה	1	final_midword
שיסייםה	1	final_midword
שיעןר	1	final_midword
שיריםשאינו	1	final_midword
שישלםדמים	1	final_midword
שיתןדמים	1	final_midword
שיתןף	1	final_midword
שךפנינו	1	final_midword
שךשה	1	final_midword
שכiב	1	mixed
שכםם	1	final_midword
שכןבעכ	1	final_midword
שכןהא	1	final_midword
שכןהוא	1	final_midword
שכןם	1	final_midword
שכןן	1	final_midword
שכנםי	1	final_midword
שכרx	1	mixed
שכרץך	1	final_midword
שכשםשהשלים	1	final_midword
שלbluebird	1	mixed
שלוחיםלמצרים	1	final_midword
שלוחיןמלאכים	1	final_midword
שלוםב	1	final_midword
שלוםד	1	final_midword
שלוםלמעלה	1	final_midword
שלוףגג	1	final_midword
שלחןדמשה	1	final_midword
שלםה	1	final_midword
שלםו	1	final_midword
שלמיםבשלמים	1	final_midword
שלמיםהשלמים	1	final_midword
שלףגא	1	final_midword
שלףגה	1	final_midword
שלקjו	1	mixed
שלשיםג	1	final_midword
שלשיםסאה	1	final_midword
שםamp	1	mixed
שםאותו	1	final_midword
שםב	1	final_midword
שםבהעלותך	1	final_midword
שםבסי	1	final_midword
שםבשך	1	final_midword
שםגג	1	final_midword
שםד	1	final_midword
שםדבמלוה	1	final_midword
שםדהא	1	final_midword
שםדהפי	1	final_midword
שםדמהירושלמי	1	final_midword
שםהטעם	1	final_midword
שםו	1	final_midword
שםוהוא	1	final_midword
שםוזה	1	final_midword
שםולא	1	final_midword
שםומכין	1	final_midword
שםותר	1	final_midword
שםזההואלמעלה	1	final_midword
שםחד	1	final_midword
שםט	1	final_midword
שםטמא	1	final_midword
שםי	1	final_midword
שםיג	1	final_midword
שםיראה	1	final_midword
שםך	1	final_midword
שםכ	1	final_midword
שםכא	1	final_midword
שםכל	1	final_midword
שםכלות	1	final_midword
שםכלל	1	final_midword
שםלאיש	1	final_midword
שםס	1	final_midword
שםע	1	final_midword
שםעב	1	final_midword
שםעמ	1	final_midword
שםערצא	1	final_midword
שםף	1	final_midword
שםצ	1	final_midword
שםקלב	1	final_midword
שםתחרומה	1	final_midword
שמברךאותו	1	final_midword
שמדוברבאלמנתושלכהןשהוא	1	final_midword
שמוןהרים	1	final_midword
שמונםי	1	final_midword
שמוסימןפין	1	final_midword
שמוריןעליהם	1	final_midword
שמחןץ	1	final_midword
שמחץהקבה	1	final_midword
שמטמאיןובת	1	final_midword
שמיםהוא	1	final_midword
שמיםלב	1	final_midword
שמיםס	1	final_midword
שמיםף	1	final_midword
שמיםץ	1	final_midword
שמךה	1	final_midword
שמכיוןם	1	final_midword
שמכיריןמי	1	final_midword
שמםתכל	1	final_midword
שממוןגבוה	1	final_midword
שמןבתוכה	1	final_midword
שמןגג	1	final_midword
שמןגד	1	final_midword
שמןצאין	1	final_midword
שמסימןק	1	final_midword
שמעוןדאמר	1	final_midword
שמףואל	1	final_midword
שמפחיתןא	1	final_midword
שמפסימןק	1	final_midword
שמצטרפיןלעשרה	1	final_midword
שמקבליןהיסורין	1	final_midword
שמשםש	1	final_midword
שמתורץקושי	1	final_midword
שןבבה	1	final_midword
שןבר	1	final_midword
שןחטין	1	final_midword
שןןכלו	1	final_midword
שןש	1	final_midword
שנnלחה	1	mixed
שנאמןם	1	final_midword
שנופןין	1	final_midword
שניהםנתחייבו	1	final_midword
שניםבה	1	final_midword
שניםבטעם	1	final_midword
שניםד	1	final_midword
שניםי	1	final_midword
שניםיקיים	1	final_midword
שניםמותרת	1	final_midword
שניןה	1	final_midword
שנםכלת	1	final_midword
שנמשךמ	1	final_midword
שנעייןבדין	1	final_midword
שנקrא	1	mixed
שנתעםקו	1	final_midword
שסובריןיב	1	final_midword
שסימןיע	1	final_midword
שסימןננן	1	final_midword
שסימןפר	1	final_midword
שסימןפרו	1	final_midword
שעדייןלא	1	final_midword
שעושיםישראל	1	final_midword
שעושיםנגרים	1	final_midword
שעיריםץ	1	final_midword
שעףי	1	final_midword
שעתןאבל	1	final_midword
שףגג	1	final_midword
שףגט	1	final_midword
שףגיב	1	final_midword
שףגיג	1	final_midword
שףגיד	1	final_midword
שףגיח	1	final_midword
שפבןח	1	final_midword
שפףת	1	final_midword
שץי	1	final_midword
שצריךלדקדק	1	final_midword
שצריךלקיים	1	final_midword
שצריכיןשיהיו	1	final_midword
שקודםמותו	1	final_midword
שקודםשחטאנו	1	final_midword
שקוליןהן	1	final_midword
שקוריןא	1	final_midword
שקןדם	1	final_midword
שקןשית	1	final_midword
שקניןן	1	final_midword
שקףגא	1	final_midword
שקףגב	1	final_midword
שקףגג	1	final_midword
שקףגד	1	final_midword
שרףגב	1	final_midword
שרףגג	1	final_midword
שרףגה	1	final_midword
שרץגא	1	final_midword
שרץהמכניס	1	final_midword
ששםאדם	1	final_midword
ששםר	1	final_midword
ששןגב	1	final_midword
שששששש	1	repeat_letter
שתחשןך	1	final_midword
שתיהןא	1	final_midword
שתייתםהכוס	1	final_midword
שתלךב	1	final_midword
שתםגב	1	final_midword
שתןום	1	final_midword
שתפםק	1	final_midword
שתפסימןד	1	final_midword
שתצטרףותשאר	1	final_midword
תk	1	mixed
תmא	1	mixed
תnוהים	1	mixed
תrומה	1	mixed
תuס	1	mixed
תאבדוןבא	1	final_midword
תאלהופרdie	1	mixed
תאםר	1	final_midword
תאמץא	1	final_midword
תאניןורמ	1	final_midword
תבךדדירין	1	final_midword
תבןאן	1	final_midword
תבןגב	1	final_midword
תברךמברך	1	final_midword
תגםוית	1	final_midword
תגמךמה	1	final_midword
תגןף	1	final_midword
תדנוןגמירא	1	final_midword
תהוןבתריהון	1	final_midword
תהוןמדרי	1	final_midword
תהוןמן	1	final_midword
תהוןעלך	1	final_midword
תהוןעם	1	final_midword
תהךים	1	final_midword
תהליםב	1	final_midword
תהליםים	1	final_midword
תהליםכא	1	final_midword
תהליםכג	1	final_midword
תהליםכט	1	final_midword
תהליםלא	1	final_midword
תהליםמד	1	final_midword
תהליםנז	1	final_midword
תהליםנח	1	final_midword
תהליםצ	1	final_midword
תהליםצב	1	final_midword
תהליםצז	1	final_midword
תהליםקטז	1	final_midword
תהליםקיא	1	final_midword
תהליםקכא	1	final_midword
תהליםקכב	1	final_midword
תהליםקכד	1	final_midword
תהליםקלה	1	final_midword
תהליםקמה	1	final_midword
תהליםקמו	1	final_midword
תוx	1	mixed
תוךך	1	final_midword
תוךכד	1	final_midword
תוךם	1	final_midword
תופסימןם	1	final_midword
תורמיןמשל	1	final_midword
תחוםמ	1	final_midword
תחומיןקרוי	1	final_midword
תחלףליך	1	final_midword
תיבv	1	mixed
תייןאב	1	final_midword
תיךארי	1	final_midword
תילףלמע	1	final_midword
תיןוצא	1	final_midword
תיןלמחג	1	final_midword
תיןמן	1	final_midword
תיקןן	1	final_midword
תירןץ	1	final_midword
תךב	1	final_midword
תךגג	1	final_midword
תךה	1	final_midword
תךוא	1	final_midword
תךואמר	1	final_midword
תךויחזנך	1	final_midword
תךז	1	final_midword
תךט	1	final_midword
תךיה	1	final_midword
תךלא	1	final_midword
תךלמדע	1	final_midword
תךעלוהי	1	final_midword
תכוןאלהן	1	final_midword
תכוןעל	1	final_midword
תלגb	1	mixed
תלויםפ	1	final_midword
תלןי	1	final_midword
תלפףית	1	final_midword
תםגא	1	final_midword
תםה	1	final_midword
תםונולד	1	final_midword
תםלף	1	final_midword
תםפו	1	final_midword
תמידamp	1	mixed
תמיםפעלו	1	final_midword
תמכןר	1	final_midword
תמןבני	1	final_midword
תמןגא	1	final_midword
תמןגב	1	final_midword
תמןדברי	1	final_midword
תמןהוא	1	final_midword
תמןהתורה	1	final_midword
תמןוכן	1	final_midword
תמןמד	1	final_midword
תמןמן	1	final_midword
תמןת	1	final_midword
תמרדוןו	1	final_midword
תןבע	1	final_midword
תןך	1	final_midword
תןלי	1	final_midword
תןפסין	1	final_midword
תןפסס	1	final_midword
תןרת	1	final_midword
תנינןם	1	final_midword
תנןומותר	1	final_midword
תנןטומאת	1	final_midword
תנןטעינן	1	final_midword
תסימןר	1	final_midword
תסרבוןעל	1	final_midword
תעבוךו	1	final_midword
תעצומןת	1	final_midword
תפאךת	1	final_midword
תפוסימןן	1	final_midword
תפיליןמכניסן	1	final_midword
תפיןלהון	1	final_midword
תפךת	1	final_midword
תפסימןד	1	final_midword
תץקפט	1	final_midword
תקוםא	1	final_midword
תקוןבסודאת	1	final_midword
תקיםה	1	final_midword
תקיםקדמ	1	final_midword
תקיףהוא	1	final_midword
תקיףלה	1	final_midword
תקיףעל	1	final_midword
תקךא	1	final_midword
תקךבל	1	final_midword
תקמםל	1	final_midword
תקןל	1	final_midword
תקנךמ	1	final_midword
תקנןונמ	1	final_midword
תקףב	1	final_midword
תקףעל	1	final_midword
תקףרגזא	1	final_midword
תקףרוגזך	1	final_midword
תראיןוית	1	final_midword
תרבץגב	1	final_midword
תרחםעלך	1	final_midword
תריהןו	1	final_midword
תריםעל	1	final_midword
תריםעליה	1	final_midword
תריןאצטל	1	final_midword
תריןב	1	final_midword
תריןיומין	1	final_midword
תריןיערק	1	final_midword
תריציןלאלין	1	final_midword
תרךא	1	final_midword
תרךלדריה	1	final_midword
תרךמגזר	1	final_midword
תרןמלהוי	1	final_midword
תרףגא	1	final_midword
תרףגד	1	final_midword
תרףגה	1	final_midword
תשמעוןא	1	final_midword
תתיבםא	1	final_midword
תתךד	1	final_midword
תתןיב	1	final_midword
תתקךב	1	final_midword
תתקךד	1	final_midword
תתקךט	1	final_midword
תתקףית	1	final_midword
תתרךית	1	final_midword
תתתת	1	repeat_letter
