term	corpus_freq
word	1639
the	1617
to	1464
of	1302
seif	1185
is	1139
and	978
in	950
it	873
that	844
on	781
for	732
not	724
be	667
if	640
with	622
or	575
this	546
comment	521
one	514
are	487
there	441
can	427
as	421
from	420
an	386
shabbos	372
have	362
should	362
by	357
we	339
sheilta	336
do	328
would	320
berkovits	316
even	312
wrote	311
you	302
he	301
when	301
they	289
no	287
may	284
which	281
was	274
only	270
at	266
nahar	266
does	263
since	260
then	257
but	253
however	252
what	247
also	243
so	240
because	237
who	227
will	221
has	218
see	218
his	213
speaking	212
halachically	207
all	203
make	203
them	197
like	195
other	193
before	192
ot	191
out	189
any	186
say	184
rav	179
after	176
therefore	173
png	168
just	167
being	163
says	158
than	158
use	157
two	155
though	151
used	151
where	150
such	148
made	146
up	146
case	145
question	145
into	144
considered	141
she	141
according	137
its	137
gemara	135
her	135
about	134
people	134
permitted	134
more	133
water	133
raster	132
how	130
their	129
during	128
here	125
woman	125
must	124
first	121
could	120
time	120
him	119
why	119
still	115
without	114
person	112
regarding	112
some	111
need	110
cannot	105
reason	105
answer	104
another	103
food	103
said	101
same	101
did	100
get	100
our	100
plant	100
way	100
between	99
my	99
rashi	99
rather	99
place	98
both	97
although	94
take	94
problem	91
well	91
different	90
doing	88
very	88
done	86
us	86
were	86
yes	86
had	85
back	84
off	84
your	84
over	83
part	83
been	82
making	81
oz	81
put	81
tosfos	81
wife	81
three	79
fl	78
know	78
order	78
second	78
thus	77
dh	76
eat	76
give	76
rebbi	76
whether	76
while	76
become	75
these	75
through	75
already	74
cover	74
don	74
opinion	74
torah	74
non	73
someone	73
means	72
explains	71
go	71
might	71
mishnah	71
principle	71
end	70
ivf	70
ones	70
those	70
under	70
until	70
own	69
prohibited	69
many	68
too	68
apply	67
days	67
each	67
new	67
similar	67
possible	66
yom	65
included	64
minhag	64
seems	64
using	64
answers	63
husband	63
yh	63
something	62
light	61
aruch	60
certainly	60
daf	60
halachah	60
most	60
clear	59
day	59
yevamos	59
applies	58
once	58
page	58
difference	57
holds	57
long	57
moshe	57
type	57
wine	57
regard	56
rishonim	56
beis	55
hot	55
music	55
saying	55
above	54
allowed	54
iui	54
night	54
now	54
point	54
act	53
actually	53
asked	53
based	53
de	53
find	53
words	53
year	53
ask	52
better	52
later	52
number	52
referring	52
right	52
fact	51
man	51
milk	51
poskim	51
want	51
free	50
house	50
isur	50
mitzvah	50
status	50
text	50
example	49
nevertheless	49
pesach	49
pgd	49
really	49
think	49
able	48
child	48
children	48
down	48
every	48
footnotes	48
front	48
himself	48
mekil	48
others	48
anything	47
becomes	47
called	47
either	47
going	47
perhaps	47
verse	47
writes	47
beracha	46
dillmann	46
enough	46
father	46
hold	46
mean	46
necessary	46
small	46
tov	46
bread	45
entitled	45
issue	45
jewish	45
me	45
muter	45
understand	45
granted	44
hand	44
indeed	44
married	44
name	44
needs	44
never	44
permission	44
rosh	44
write	44
al	43
am	43
contact	43
distribute	43
forbidden	43
marry	43
meat	43
org	43
simply	43
situation	43
weeks	43
cases	42
eating	42
effect	42
everyone	42
handle	42
law	42
machmir	42
nothing	42
rabbi	42
rule	42
states	42
valid	42
work	42
asks	41
etc	41
left	41
machlokes	41
material	41
section	41
specifically	41
upon	41
version	41
halacha	40
issur	40
large	40
makes	40
specific	40
together	40
women	40
yet	40
asur	39
cause	39
com	39
else	39
explain	39
follows	39
mentioned	39
pct	39
sure	39
written	39
allow	38
away	38
chart	38
come	38
jew	38
meal	38
ruling	38
view	38
died	37
doesn	37
dont	37
half	37
having	37
ish	37
meaning	37
permissible	37
rabanan	37
require	37
shulchan	37
turn	37
wood	37
www	37
around	36
change	36
cut	36
dna	36
due	36
earlier	36
explanation	36
full	36
glass	36
ii	36
kesuvos	36
learn	36
lo	36
oil	36
regular	36
seem	36
terms	36
top	36
true	36
box	35
bring	35
cites	35
cup	35
document	35
eye	35
ice	35
matter	35
normal	35
note	35
plastic	35
prohibition	35
taking	35
things	35
tree	35
unless	35
yibum	35
baby	34
certain	34
din	34
entire	34
ewald	34
explained	34
following	34
https	34
itself	34
kli	34
much	34
normally	34
open	34
permit	34
press	34
reasons	34
red	34
remove	34
suggests	34
again	33
gives	33
israel	33
license	33
longer	33
prevent	33
published	33
remain	33
separate	33
wash	33
add	32
auerbach	32
bar	32
comes	32
family	32
given	32
hard	32
hashem	32
head	32
heter	32
home	32
kosher	32
modify	32
required	32
shoket	32
software	32
assume	31
believe	31
brother	31
common	31
copy	31
documentation	31
egg	31
far	31
gnu	31
juice	31
knobel	31
let	31
liquid	31
metal	31
nine	31
rambam	31
replies	31
requires	31
room	31
sections	31
source	31
table	31
wants	31
yisrael	31
against	30
assur	30
ax	30
bag	30
best	30
cappella	30
clearly	30
copyright	30
exempt	30
foundation	30
friday	30
generally	30
il	30
invariant	30
kollel	30
kornfeld	30
less	30
live	30
next	30
pninim	30
raw	30
removed	30
times	30
amount	29
avoid	29
beraisa	29
follow	29
footnote	29
form	29
found	29
fruit	29
general	29
good	29
involved	29
otherwise	29
outside	29
pot	29
pp	29
practice	29
rules	29
teach	29
try	29
washing	29
ben	28
cited	28
cooked	28
correct	28
discusses	28
door	28
drink	28
few	28
getting	28
insights	28
instead	28
keep	28
kiddush	28
last	28
least	28
leave	28
manner	28
pg	28
pieces	28
proof	28
proper	28
purpose	28
rest	28
son	28
third	28
age	27
animal	27
appears	27
brothers	27
covered	27
difficult	27
discussing	27
giving	27
human	27
laws	27
lighting	27
logic	27
loose	27
maybe	27
merely	27
obligated	27
old	27
play	27
set	27
side	27
soup	27
statement	27
stomach	27
takes	27
tell	27
addition	26
always	26
became	26
black	26
co	26
concludes	26
consider	26
eshes	26
especially	26
falls	26
felt	26
hours	26
http	26
implies	26
item	26
lead	26
learned	26
little	26
marriage	26
mezonos	26
opinions	26
pick	26
piece	26
real	26
reasoning	26
refers	26
remains	26
salt	26
shlomo	26
thing	26
whole	26
yevamah	26
accepted	25
anyone	25
body	25
brought	25
clean	25
clothing	25
garment	25
goes	25
help	25
intention	25
kasher	25
kidushin	25
lenient	25
machine	25
maintain	25
mb	25
paper	25
questions	25
round	25
safek	25
sound	25
steel	25
teaching	25
tefillin	25
thin	25
whom	25
wound	25
yavam	25
actual	24
additional	24
animals	24
area	24
bowl	24
car	24
cmv	24
die	24
eggs	24
fathers	24
feel	24
further	24
heard	24
heat	24
ibid	24
medicine	24
mention	24
money	24
pashtus	24
points	24
preferable	24
process	24
rashba	24
rely	24
rod	24
salad	24
similarly	24
single	24
special	24
strong	24
suggest	24
teaches	24
usually	24
accordingly	23
added	23
adds	23
akiva	23
baked	23
biah	23
birth	23
careful	23
des	23
doesnt	23
eaten	23
en	23
fall	23
floor	23
fully	23
gets	23
hair	23
hilchos	23
hole	23
kohen	23
leather	23
lights	23
marrying	23
needed	23
obviously	23
often	23
rebbe	23
sefirah	23
shaar	23
skin	23
sounds	23
threads	23
writing	23
years	23
basis	22
chachamim	22
close	22
cloth	22
course	22
covering	22
custom	22
dead	22
depends	22
dies	22
discussion	22
foil	22
great	22
inside	22
journal	22
knot	22
lh	22
mind	22
nor	22
pregnant	22
ramban	22
re	22
shovel	22
soap	22
soft	22
stringent	22
teile	22
accept	21
air	21
argue	21
came	21
carpet	21
chevile	21
cleaning	21
cold	21
cream	21
double	21
ein	21
electric	21
elyashiv	21
entirely	21
fosoir	21
four	21
fsh	21
halachic	21
hillel	21
mentions	21
miriam	21
morning	21
mother	21
mouth	21
opening	21
paint	21
present	21
rashis	21
rava	21
recite	21
relations	21
rice	21
sort	21
spoon	21
st	21
stick	21
sugya	21
thank	21
thereby	21
thought	21
wait	21
won	21
agree	20
band	20
berurah	20
bit	20
blade	20
bone	20
buy	20
chaim	20
computer	20
contrast	20
daughter	20
definitely	20
fast	20
fit	20
german	20
halachos	20
hence	20
immediately	20
important	20
leaves	20
lit	20
melacha	20
option	20
pay	20
plate	20
probably	20
pure	20
refrain	20
request	20
shaila	20
size	20
subject	20
understood	20
ve	20
within	20
wooden	20
yisroel	20
afterwards	19
agav	19
alternatively	19
anyway	19
apparently	19
arm	19
asking	19
ball	19
benefit	19
bottle	19
break	19
cake	19
causes	19
chalitzah	19
chazal	19
chazon	19
clothes	19
color	19
cooking	19
death	19
fish	19
foods	19
gave	19
hollander	19
hook	19
instant	19
laner	19
lav	19
letter	19
likely	19
line	19
living	19
ll	19
men	19
nature	19
noheg	19
notes	19
nowadays	19
particular	19
peg	19
perform	19
pills	19
pin	19
possibility	19
prior	19
rishon	19
shimon	19
taught	19
tells	19
types	19
vessel	19
whose	19
aluminum	18
approach	18
assuming	18
big	18
book	18
boxes	18
bracha	18
brocha	18
cheville	18
coffee	18
concerned	18
concerning	18
es	18
explaining	18
goy	18
including	18
issues	18
knife	18
known	18
la	18
length	18
listen	18
look	18
lose	18
minutes	18
mud	18
nuts	18
original	18
pcos	18
places	18
prohibit	18
putting	18
rabeinu	18
rejects	18
requirement	18
ritva	18
sanhedrin	18
seen	18
sefer	18
shiurim	18
shoes	18
show	18
souffl	18
spot	18
start	18
state	18
sushi	18
taken	18
tool	18
walk	18
week	18
zalman	18
acharonim	17
argument	17
av	17
belsky	17
bottom	17
candles	17
chiyuv	17
conclusion	17
consequently	17
dafyomi	17
derived	17
dishwasher	17
divorce	17
earth	17
et	17
fire	17
flame	17
gemaras	17
ha	17
hamikdash	17
hands	17
hear	17
held	17
herself	17
includes	17
jj	17
kashering	17
laundry	17
life	17
ma	17
maharsha	17
obligation	17
onions	17
performed	17
placed	17
pre	17
prove	17
seudah	17
shape	17
shoe	17
stated	17
thread	17
toilet	17
vegetables	17
wording	17
world	17
yeshol	17
attached	16
available	16
bav	16
beer	16
behind	16
besides	16
bishul	16
brings	16
cc	16
chinuch	16
choshesh	16
complete	16
diet	16
directly	16
dishes	16
doubt	16
dough	16
dov	16
erev	16
flax	16
forum	16
fossoir	16
fruits	16
fulfill	16
geschichte	16
gezeirah	16
glue	16
gmail	16
heavy	16
hide	16
high	16
holding	16
husbands	16
isn	16
items	16
justice	16
kares	16
kids	16
marries	16
matters	16
midoraisa	16
mixed	16
mutar	16
oven	16
previous	16
rama	16
read	16
record	16
sense	16
shower	16
sister	16
somech	16
string	16
syndrome	16
system	16
told	16
wear	16
weight	16
wheat	16
wild	16
alive	15
among	15
apple	15
applied	15
approximately	15
argues	15
basic	15
becoming	15
beginning	15
born	15
bringing	15
call	15
chamber	15
chayav	15
check	15
chocolate	15
city	15
concern	15
couriernew	15
create	15
crocus	15
didn	15
drabanan	15
early	15
except	15
exercise	15
extra	15
final	15
fine	15
flat	15
gold	15
guests	15
happened	15
individual	15
iron	15
keil	15
kippur	15
learning	15
low	15
mayonnaise	15
meant	15
menorah	15
mitzvos	15
moreover	15
onto	15
permits	15
powder	15
preferably	15
produce	15
push	15
quoted	15
recited	15
recorded	15
rov	15
serious	15
several	15
sheets	15
shouldn	15
shul	15
simple	15
situations	15
soda	15
sufficient	15
taaseh	15
taste	15
tie	15
today	15
whatever	15
wouldnt	15
yosef	15
zupnik	15
advancement	14
along	14
aware	14
bad	14
belt	14
broom	14
button	14
cap	14
chanuka	14
coming	14
completely	14
container	14
contains	14
crog	14
daven	14
der	14
devarim	14
diaper	14
discussed	14
ervah	14
flesh	14
fluid	14
formed	14
fringes	14
gift	14
grapes	14
green	14
hcg	14
idea	14
im	14
italian	14
labor	14
lamp	14
latter	14
lime	14
maintains	14
male	14
midrabanan	14
mincha	14
mint	14
mix	14
mouthwash	14
neither	14
notice	14
nursing	14
object	14
parts	14
prepare	14
producers	14
quotes	14
recently	14
sa	14
saffron	14
self	14
shall	14
shiur	14
shorash	14
solid	14
sometimes	14
sons	14
suffer	14
supposed	14
swallow	14
swimming	14
tam	14
technically	14
teeth	14
tisha	14
took	14
touch	14
trying	14
tub	14
turns	14
und	14
uses	14
verses	14
vol	14
wall	14
womans	14
works	14
almost	13
alone	13
arent	13
aseh	13
attempt	13
bed	13
board	13
boiled	13
building	13
cant	13
chair	13
chodesh	13
cholent	13
cook	13
discuss	13
disease	13
disposable	13
divorced	13
dry	13
easily	13
elsewhere	13
eretz	13
error	13
ex	13
excludes	13
face	13
faucet	13
folding	13
forgot	13
fulfilled	13
gadol	13
garden	13
glasses	13
grape	13
group	13
gum	13
hadin	13
hat	13
hour	13
information	13
kinyan	13
ladle	13
lenses	13
letters	13
level	13
melachah	13
min	13
minyan	13
mishna	13
narkisim	13
neck	13
netilas	13
personal	13
pits	13
pizza	13
polish	13
porcelain	13
post	13
pour	13
problems	13
property	13
quality	13
related	13
remarry	13
rests	13
result	13
return	13
ruminants	13
run	13
sakana	13
saw	13
se	13
ses	13
shem	13
shlita	13
sink	13
sleeping	13
slicer	13
snow	13
straw	13
talmud	13
tape	13
tea	13
telling	13
teshuvos	13
themselves	13
tuna	13
unlike	13
various	13
vegetable	13
visible	13
volume	13
wanted	13
wax	13
wedding	13
wedge	13
wind	13
wipes	13
yakov	13
yochanan	13
achiv	12
adding	12
alum	12
asserts	12
assumed	12
avraham	12
bas	12
berachos	12
bialik	12
boiling	12
buying	12
cataract	12
chaburah	12
challah	12
chapter	12
chazakah	12
clay	12
coloring	12
concept	12
contemporary	12
couple	12
creating	12
cubes	12
curved	12
dairy	12
depend	12
doledoire	12
doraisa	12
drinking	12
estordison	12
experience	12
eyesight	12
file	12
fishing	12
fork	12
ground	12
growth	12
harness	12
heating	12
hengstenberg	12
iii	12
ikkur	12
ingredients	12
jews	12
julius	12
katan	12
laurel	12
leaving	12
libun	12
lives	12
logical	12
lost	12
maamar	12
meir	12
members	12
microwave	12
middle	12
mixture	12
moment	12
muktzah	12
natural	12
notify	12
oats	12
orach	12
parchment	12
pele	12
per	12
personally	12
petah	12
pointed	12
porch	12
potato	12
practically	12
pressing	12
products	12
provided	12
pvs	12
received	12
refer	12
returned	12
returns	12
ring	12
rjj	12
roll	12
seder	12
seltzer	12
serve	12
shaped	12
short	12
sides	12
society	12
spade	12
stay	12
steam	12
step	12
stitches	12
store	12
sugar	12
talent	12
talking	12
tana	12
temperature	12
term	12
terumah	12
teshuva	12
th	12
thanks	12
thoroughly	12
tikva	12
tradition	12
treatise	12
turned	12
twice	12
understanding	12
understands	12
utensil	12
warp	12
wearing	12
went	12
window	12
wool	12
yehudah	12
yerushalmi	12
abaye	11
absorbed	11
adz	11
agrees	11
alterth	11
american	11
appearance	11
aren	11
begins	11
blood	11
br	11
brca	11
bubbles	11
build	11
business	11
cancer	11
candle	11
card	11
caused	11
chabura	11
changed	11
cheerios	11
cheese	11
chicken	11
commonly	11
continue	11
continues	11
covers	11
cursor	11
davening	11
decide	11
den	11
dental	11
deodorant	11
derive	11
derives	11
diapers	11
dress	11
dye	11
effective	11
eh	11
element	11
evident	11
ey	11
familiar	11
fell	11
fenogre	11
fenugreek	11
fever	11
fill	11
frozen	11
furthermore	11
gloves	11
greater	11
greek	11
guidelines	11
hall	11
harav	11
hiv	11
hormone	11
imply	11
inches	11
include	11
instituted	11
intra	11
jean	11
kashered	11
knee	11
kohanim	11
kol	11
leniency	11
les	11
listening	11
literally	11
lor	11
magazin	11
mailto	11
main	11
majority	11
malant	11
maresc	11
mestier	11
mikvah	11
missing	11
modern	11
mordecai	11
motsai	11
mount	11
move	11
muscles	11
nail	11
necessity	11
nochri	11
noted	11
obvious	11
offer	11
offering	11
opportunity	11
opposed	11
ou	11
pass	11
past	11
performing	11
placing	11
please	11
pleasure	11
possibly	11
potatoes	11
practical	11
prepared	11
presse	11
prevents	11
problematic	11
rabbeinu	11
rabbis	11
reading	11
reb	11
receive	11
rock	11
rubber	11
ruled	11
sack	11
serves	11
shabbat	11
shalom	11
shirt	11
shows	11
shrinking	11
signs	11
sin	11
sit	11
slices	11
smear	11
speak	11
sperm	11
spice	11
spray	11
straps	11
sun	11
temple	11
ten	11
teshuvah	11
testicular	11
thigh	11
tiles	11
tzaros	11
vayikra	11
vine	11
vinegar	11
watch	11
wet	11
wifes	11
witness	11
wrap	11
acceptable	10
accordance	10
ach	10
action	10
additionally	10
adult	10
aid	10
avoided	10
baal	10
bags	10
baking	10
balloon	10
base	10
bava	10
bein	10
bo	10
broad	10
buttons	10
care	10
causing	10
ch	10
chance	10
childless	10
china	10
clasp	10
class	10
coife	10
coin	10
comments	10
company	10
comparable	10
connected	10
contrary	10
copper	10
corelle	10
court	10
cupboard	10
cups	10
current	10
date	10
device	10
diaphragm	10
dirty	10
drain	10
eiger	10
empty	10
ends	10
escrin	10
escume	10
essure	10
exactly	10
explicitly	10
explorer	10
fasting	10
fat	10
feet	10
fold	10
forced	10
forehead	10
forms	10
frame	10
gall	10
garbage	10
geiger	10
god	10
harosh	10
hashulchan	10
health	10
hearing	10
hotel	10
household	10
icsi	10
index	10
intestinal	10
isnt	10
isurim	10
knots	10
korban	10
language	10
learns	10
lemon	10
lettuce	10
lev	10
linen	10
lock	10
lot	10
maariv	10
machines	10
makeup	10
mans	10
market	10
mekubetzes	10
month	10
mothers	10
mounted	10
muktza	10
mushrooms	10
near	10
nedarim	10
needle	10
oaks	10
passage	10
pc	10
permitting	10
physical	10
port	10
prohibits	10
properly	10
proves	10
purim	10
regardless	10
relative	10
relatives	10
relevant	10
relying	10
rema	10
removing	10
retreit	10
ritually	10
roasting	10
saddle	10
sand	10
sea	10
sent	10
separated	10
seuda	10
shehakol	10
shitah	10
shnayim	10
shoulder	10
silver	10
six	10
solution	10
somewhere	10
spread	10
storing	10
substance	10
support	10
surface	10
switch	10
talk	10
temporary	10
testimony	10
theres	10
thermometer	10
throw	10
tied	10
ties	10
tissue	10
tomatoes	10
totally	10
tzorech	10
urn	10
walking	10
waste	10
watermelon	10
werue	10
white	10
wrong	10
yadayim	10
yerushalayim	10
yeshanim	10
zeitschrift	10
adam	9
aledoir	9
allows	9
amina	9
apart	9
arayos	9
aside	9
authority	9
avodah	9
bei	9
below	9
biteplate	9
blech	9
bon	9
bought	9
breath	9
brugsch	9
bum	9
burn	9
category	9
chips	9
chisel	9
chulin	9
cleaners	9
colored	9
cot	9
cotton	9
counter	9
created	9
creson	9
cresson	9
croisol	9
curds	9
dealing	9
definition	9
despite	9
dieved	9
dispute	9
disqualified	9
edible	9
established	9
eventually	9
faldestol	9
feels	9
feltres	9
fertility	9
ff	9
force	9
fresh	9
gales	9
game	9
garlic	9
genetic	9
ger	9
gesenius	9
girsa	9
glant	9
got	9
grain	9
grater	9
groove	9
hammer	9
hanche	9
hanging	9
happens	9
host	9
identical	9
impure	9
infected	9
inner	9
invalid	9
iud	9
kal	9
keeping	9
key	9
kitchen	9
knows	9
late	9
layer	9
leeks	9
list	9
lived	9
loss	9
mail	9
makpid	9
mamash	9
manuscript	9
mark	9
martel	9
matzah	9
mekabel	9
mekilim	9
menu	9
mes	9
mole	9
mos	9
mostly	9
moved	9
mri	9
musical	9
mustard	9
nails	9
neiros	9
nice	9
nidah	9
nonetheless	9
observe	9
ok	9
openly	9
originally	9
ovarian	9
owner	9
pain	9
pair	9
pance	9
parasite	9
parlediz	9
pasmer	9
pasuk	9
pepper	9
picture	9
pictures	9
poliol	9
position	9
pots	9
power	9
pregnancy	9
pressure	9
public	9
punishment	9
quite	9
rabah	9
recommended	9
recording	9
redoile	9
refrigerator	9
regards	9
release	9
respect	9
reuven	9
rif	9
ritual	9
rough	9
sake	9
sale	9
sch	9
scratch	9
secondary	9
seconds	9
served	9
seven	9
shake	9
shamai	9
singing	9
sisters	9
sour	9
star	9
started	9
stop	9
sweet	9
symbolik	9
tablecloth	9
talpe	9
tanaim	9
targum	9
thursday	9
timer	9
tractate	9
trees	9
trefoil	9
truth	9
tzibbur	9
unable	9
urschrift	9
utensils	9
verrue	9
vessels	9
warm	9
wart	9
weaving	9
wives	9
working	9
yd	9
yellow	9
yotzei	9
young	9
accepts	8
afternoon	8
album	8
aliendre	8
america	8
ankle	8
answered	8
apeiement	8
appear	8
appropriate	8
arguing	8
author	8
baies	8
balcony	8
balls	8
bandage	8
basically	8
bay	8
beat	8
bell	8
bells	8
berries	8
beulah	8
binding	8
bloodsoaked	8
blue	8
boat	8
boneh	8
borer	8
branch	8
breakfast	8
breast	8
brit	8
bundles	8
calls	8
candy	8
cervical	8
chalve	8
chanpanie	8
choice	8
chol	8
chumra	8
chumrah	8
circumstances	8
clod	8
closed	8
coat	8
combination	8
compared	8
concentrate	8
cord	8
crust	8
cucumber	8
danger	8
davar	8
deceased	8
didnt	8
difficulty	8
disagree	8
dish	8
disqualify	8
divorces	8
docheh	8
dome	8
drill	8
dryer	8
eats	8
edge	8
edit	8
enjoy	8
enprenment	8
enter	8
entrance	8
eruv	8
eschelons	8
eved	8
ever	8
exposed	8
expressed	8
fabric	8
fan	8
finding	8
finger	8
five	8
floss	8
flour	8
foot	8
forche	8
forjier	8
formula	8
freeze	8
frum	8
fulfilling	8
gentile	8
geocities	8
girl	8
glud	8
gnrh	8
guiding	8
hagahos	8
hagalah	8
hashana	8
havah	8
heald	8
heddle	8
hefsek	8
homlon	8
hops	8
innovations	8
institute	8
invalidate	8
ishto	8
iv	8
jewelry	8
kama	8
kavod	8
kenas	8
kesuvah	8
ketanah	8
ketchup	8
kosel	8
laces	8
lack	8
ladder	8
lashon	8
lchatchilah	8
le	8
levi	8
lines	8
liver	8
lumps	8
mah	8
marche	8
mass	8
materials	8
med	8
meiri	8
mekadesh	8
mikra	8
misah	8
mistake	8
months	8
motzei	8
myself	8
notch	8
nuvaring	8
objects	8
occurs	8
onion	8
orange	8
orties	8
ossur	8
ounces	8
override	8
overrides	8
paid	8
pajamas	8
pas	8
peanuts	8
peeler	8
penetrate	8
pent	8
perche	8
period	8
phone	8
plag	8
plants	8
plug	8
portion	8
positive	8
previously	8
primary	8
prohibiting	8
properties	8
punished	8
purchase	8
puts	8
raavad	8
rabonon	8
ran	8
rare	8
rashash	8
reached	8
reducing	8
reheat	8
reish	8
remaining	8
remarried	8
reproductive	8
research	8
retrait	8
sacrifice	8
sap	8
screw	8
seaport	8
seeds	8
sees	8
separating	8
serving	8
sharp	8
shavah	8
sheni	8
shin	8
shouldnt	8
significant	8
silk	8
slight	8
slightly	8
smaller	8
sold	8
soon	8
spelt	8
spring	8
square	8
starch	8
stem	8
stems	8
sticks	8
stir	8
strainer	8
stroller	8
structure	8
swing	8
tahor	8
tank	8
tasche	8
test	8
thinks	8
tiules	8
tongs	8
traces	8
unique	8
voices	8
waist	8
whey	8
wide	8
wisdom	8
wish	8
witnesses	8
woven	8
xx	8
xy	8
yaakov	8
yad	8
yourself	8
zarah	8
zikah	8
zu	8
zvi	8
absolutely	7
achos	7
activities	7
adrement	7
akum	7
alter	7
annulled	7
antechamber	7
anymore	7
apartment	7
appendix	7
applying	7
arch	7
arzile	7
ashkenaz	7
attempts	7
au	7
bais	7
bars	7
basra	7
bavli	7
beans	7
begin	7
beilah	7
believed	7
belongs	7
bend	7
bendel	7
bereishis	7
besulah	7
beyond	7
biblical	7
bind	7
biur	7
bloodletting	7
blow	7
boards	7
brachos	7
brush	7
camp	7
celery	7
cengle	7
cereals	7
changes	7
cheeks	7
choleh	7
chose	7
cite	7
cleaned	7
cler	7
coating	7
commentary	7
compare	7
condition	7
confusion	7
constitute	7
contradict	7
convert	7
cookie	7
coriander	7
cork	7
count	7
cress	7
cucumbers	7
cuiture	7
cutting	7
cycle	7
dance	7
das	7
david	7
decides	7
defined	7
delay	7
described	7
designed	7
differently	7
disqualifies	7
distinct	7
draw	7
drive	7
drop	7
ed	7
eight	7
ejaculation	7
el	7
elazar	7
enactment	7
enamel	7
encrener	7
equal	7
equals	7
er	7
erusin	7
eschelete	7
exempts	7
existing	7
expensive	7
explanations	7
express	7
favor	7
fear	7
feinstein	7
female	7
film	7
finds	7
flancs	7
flemie	7
floors	7
foam	7
forget	7
france	7
french	7
fried	7
fulfillment	7
gaon	7
garantie	7
gitin	7
glanz	7
gluten	7
grams	7
grass	7
grill	7
gums	7
hakohen	7
hashems	7
hatorah	7
hayfork	7
heads	7
heated	7
herb	7
hip	7
horav	7
hospital	7
houses	7
implying	7
improperly	7
injection	7
instrument	7
intended	7
intent	7
involves	7
ishah	7
isurei	7
iugr	7
ivm	7
jacket	7
joseph	7
kelim	7
kidney	7
kidneys	7
killed	7
kiruv	7
klal	7
kurtz	7
laid	7
lakish	7
leftover	7
lest	7
likovod	7
limace	7
locking	7
love	7
malanz	7
mast	7
master	7
meeting	7
mesge	7
mesgue	7
mirror	7
mistakenly	7
ml	7
modification	7
moi	7
moses	7
motzi	7
narrow	7
neder	7
nosche	7
occurred	7
opened	7
oranges	7
oruge	7
os	7
outdoors	7
outer	7
oxide	7
pages	7
pan	7
pap	7
parshas	7
partially	7
passed	7
pastry	7
patur	7
paweil	7
payment	7
pen	7
perek	7
pesukim	7
pitchfork	7
plan	7
plane	7
plata	7
playing	7
pliers	7
pocket	7
pole	7
pomels	7
pop	7
por	7
porche	7
porels	7
poured	7
prefer	7
preimplantation	7
presumably	7
preventing	7
processor	7
production	7
provide	7
pump	7
puncture	7
qm	7
questionable	7
ra	7
rabbonim	7
ramifications	7
ravas	7
reaches	7
receives	7
records	7
reed	7
referred	7
regularly	7
reisha	7
relates	7
retroactively	7
returning	7
rh	7
rolls	7
roots	7
ros	7
rub	7
ruined	7
running	7
rust	7
samuel	7
saul	7
scrabble	7
screen	7
seeing	7
sell	7
sere	7
service	7
seudos	7
sevarah	7
severe	7
shave	7
shemos	7
shmuel	7
sign	7
sitting	7
sleep	7
soaked	7
sofer	7
sole	7
soriz	7
sourness	7
species	7
spider	7
spindle	7
spiritual	7
spit	7
sprain	7
stainless	7
stand	7
standard	7
starts	7
steps	7
sticking	7
stitch	7
stitching	7
stones	7
stove	7
street	7
strike	7
stronger	7
strongly	7
succah	7
suffice	7
suggested	7
suggestion	7
sulfuric	7
sunday	7
supply	7
taz	7
temporarily	7
tenalies	7
tenves	7
terrible	7
tin	7
toast	7
touching	7
towel	7
transgress	7
transgressed	7
treif	7
trestrest	7
tube	7
tumah	7
turning	7
twist	7
unusual	7
uterine	7
van	7
voice	7
wadil	7
walls	7
washed	7
wasnt	7
ways	7
wesde	7
whenever	7
wig	7
wishes	7
wiz	7
wonder	7
worn	7
wouldn	7
wounds	7
yashresh	7
yeavamos	7
yishmael	7
yitzchak	7
yosi	7
zar	7
zayis	7
ztl	7
achar	6
acidness	6
acquired	6
activity	6
ad	6
address	6
adultery	6
adults	6
advantage	6
advice	6
advise	6
affect	6
afikomen	6
ah	6
aim	6
aisele	6
ako	6
albums	6
amoraim	6
answering	6
arc	6
arsenic	6
arusah	6
arzille	6
aspirin	6
ate	6
avocado	6
background	6
bamboo	6
bands	6
batter	6
battery	6
bd	6
bdieved	6
beam	6
beams	6
beating	6
began	6
beitza	6
beta	6
binoculars	6
bird	6
bite	6
bmakom	6
bogeres	6
bond	6
bothered	6
brine	6
brown	6
burning	6
burnt	6
bush	6
butter	6
cabinets	6
cable	6
caffeine	6
carrot	6
carrots	6
carry	6
cells	6
cereal	6
cf	6
chalcons	6
changing	6
chardons	6
cherries	6
cheshbon	6
chesne	6
chess	6
chevestre	6
cheviles	6
childs	6
chometz	6
chutz	6
citing	6
claim	6
clarify	6
clock	6
clog	6
closing	6
cloths	6
coals	6
coated	6
codoinz	6
coleslaw	6
colors	6
combined	6
command	6
commerce	6
commits	6
community	6
compares	6
compartments	6
completed	6
considers	6
consistent	6
constantly	6
contain	6
converted	6
cookies	6
cople	6
corn	6
cornflakes	6
cosmetic	6
cost	6
coton	6
cradle	6
cro	6
crockpot	6
crumbs	6
cube	6
currently	6
da	6
daas	6
daily	6
deal	6
decision	6
degree	6
degrees	6
describes	6
designate	6
desire	6
details	6
detergent	6
diarrhea	6
digitally	6
discomfort	6
disk	6
divrei	6
domesticated	6
dreidel	6
drinks	6
dvei	6
effort	6
ela	6
elbow	6
eliezer	6
eliyahu	6
engraving	6
ensure	6
escove	6
esmucier	6
estrelier	6
european	6
everything	6
exists	6
extended	6
extremely	6
false	6
fashion	6
feltre	6
fernjes	6
field	6
fields	6
filter	6
finish	6
fladon	6
flanks	6
flavor	6
fleishig	6
flow	6
flying	6
foison	6
folded	6
followed	6
former	6
fosed	6
fosez	6
freezer	6
function	6
funnel	6
gain	6
gamliel	6
gas	6
glace	6
gown	6
goyim	6
gr	6
granola	6
gravel	6
grounds	6
guest	6
haav	6
halter	6
hamichya	6
hamotzi	6
happen	6
harmful	6
havdalah	6
hekdesh	6
hiddur	6
hides	6
hit	6
hotplate	6
hotzoas	6
ices	6
incorrect	6
indicates	6
individuals	6
infertility	6
infiltrate	6
inherits	6
ink	6
insert	6
inserted	6
intend	6
intends	6
intentions	6
interesting	6
international	6
interpretation	6
ironing	6
isatis	6
ive	6
iy	6
jacob	6
jeanette	6
jelly	6
jencives	6
jonc	6
jued	6
kashrus	6
keys	6
ki	6
kind	6
lanterne	6
leading	6
leaf	6
led	6
legal	6
lice	6
licorice	6
lid	6
link	6
lips	6
location	6
looks	6
lord	6
loses	6
lshem	6
lucid	6
maid	6
maille	6
major	6
malkus	6
marsh	6
mashed	6
mechila	6
medical	6
megillah	6
meile	6
member	6
membership	6
meyerhoffer	6
migraine	6
millet	6
minor	6
mishum	6
mizbeach	6
mode	6
modified	6
mortar	6
mortier	6
multiple	6
names	6
navredure	6
nazir	6
necessarily	6
negative	6
neighbor	6
neighborhood	6
ner	6
nesuin	6
net	6
noise	6
none	6
north	6
nusach	6
oat	6
occasionally	6
offers	6
older	6
olive	6
olives	6
oneself	6
opposite	6
orugue	6
outright	6
ovens	6
ownership	6
pack	6
pale	6
papyrus	6
partial	6
parties	6
pastel	6
paveil	6
peacock	6
peanut	6
pelote	6
penalty	6
perforated	6
performance	6
pesulah	6
pets	6
phlegm	6
pickled	6
pickling	6
pine	6
plaine	6
pleine	6
plomer	6
pockets	6
pointure	6
poison	6
poles	6
potential	6
prese	6
preserve	6
printed	6
privez	6
procedure	6
processes	6
punishable	6
punishments	6
pus	6
pushed	6
que	6
rabbinic	6
rabbinical	6
reach	6
redoille	6
reference	6
relationship	6
religious	6
removal	6
removes	6
reproduction	6
response	6
review	6
rings	6
risk	6
rocket	6
row	6
rush	6
sages	6
sales	6
sancterud	6
save	6
savon	6
scooter	6
scriptural	6
scroll	6
serre	6
setting	6
sew	6
sewing	6
sewn	6
shaliach	6
shallow	6
share	6
shaul	6
shells	6
shelo	6
shema	6
shingles	6
shock	6
shopping	6
showing	6
shrunken	6
shtaygen	6
sinai	6
slaughtered	6
slim	6
smooth	6
solaz	6
solder	6
space	6
spend	6
split	6
ssel	6
stains	6
stam	6
staying	6
sterility	6
stimulation	6
stone	6
stores	6
story	6
straight	6
strings	6
study	6
sunflower	6
suntan	6
surgical	6
suspect	6
tabahie	6
tail	6
teacher	6
temanim	6
temples	6
testify	6
tevilah	6
thats	6
therapy	6
thesaurus	6
throws	6
tishah	6
tooth	6
touches	6
towards	6
towels	6
toy	6
train	6
transfer	6
transgression	6
treat	6
trunk	6
tur	6
twins	6
tzarah	6
uber	6
unclear	6
uncovered	6
upper	6
uproot	6
usa	6
vaginal	6
velcro	6
vending	6
versus	6
via	6
viagra	6
vilna	6
vitro	6
viz	6
vomiting	6
wafers	6
waiting	6
wan	6
wasn	6
wedile	6
weigh	6
whereas	6
wicks	6
womb	6
wondering	6
wont	6
worry	6
wrapped	6
wraps	6
yavams	6
yeshiva	6
yevamahs	6
yielding	6
yoel	6
yogurt	6
zolkiew	6
zur	6
ability	5
abscess	5
aches	5
achilos	5
active	5
adulterer	5
advisable	5
afford	5
afterward	5
ai	5
aids	5
airplane	5
alarm	5
almanah	5
aloe	5
altogether	5
amongst	5
amp	5
ancient	5
anise	5
anus	5
apendiz	5
apples	5
applicable	5
application	5
arbor	5
arondele	5
asher	5
ashkenazim	5
assumption	5
assured	5
attributes	5
automatically	5
aveilus	5
aveirah	5
avel	5
avos	5
bake	5
basting	5
bat	5
bathroom	5
batteries	5
bear	5
beds	5
beged	5
behalf	5
beitraege	5
belong	5
berochos	5
berura	5
besagud	5
bias	5
bibl	5
biceps	5
blanket	5
blecier	5
blowing	5
boil	5
boleiz	5
bones	5
border	5
bored	5
borei	5
bottles	5
bow	5
boy	5
brace	5
braces	5
branches	5
bug	5
built	5
buis	5
calm	5
cans	5
cell	5
cenpeil	5
ceramic	5
challenges	5
charpir	5
chasam	5
chazara	5
chewing	5
childrens	5
choose	5
chop	5
chopped	5
chorionic	5
cleaner	5
clips	5
clods	5
closer	5
closet	5
coltre	5
comb	5
combing	5
commanded	5
committed	5
concrete	5
cone	5
confuse	5
connection	5
conpleint	5
content	5
continuation	5
contrede	5
control	5
conversation	5
converts	5
cooker	5
cosmetics	5
credit	5
creide	5
crushed	5
cuete	5
cytomegalovirus	5
dampierre	5
dancing	5
dandruff	5
dark	5
deals	5
decorative	5
decree	5
deep	5
dehydration	5
delivery	5
destenprer	5
detached	5
determine	5
deyos	5
diabetes	5
diagnosis	5
dill	5
dirt	5
disagrees	5
disulfide	5
divided	5
divorcing	5
dog	5
dressing	5
dried	5
driving	5
drum	5
drying	5
dsch	5
ebres	5
eino	5
electroejaculation	5
elevator	5
embroidery	5
encourage	5
endocrinology	5
engraved	5
enmeiloler	5
enplastre	5
entertainment	5
entity	5
entrail	5
entreil	5
environment	5
episiotomy	5
epistle	5
equipment	5
erase	5
erased	5
espaldon	5
estein	5
estendeilier	5
estraim	5
estreim	5
estreint	5
event	5
evidence	5
excluding	5
exempted	5
exempting	5
exist	5
exodus	5
extracted	5
eyes	5
factor	5
fax	5
felts	5
fertil	5
feste	5
fiber	5
fingers	5
fixed	5
fledged	5
fluorescent	5
forming	5
freier	5
friend	5
fulfills	5
functioning	5
future	5
garments	5
generator	5
gerushin	5
gesde	5
glaire	5
glaucoma	5
gleire	5
golden	5
gome	5
gonadotropin	5
gov	5
gradil	5
gravele	5
grow	5
growing	5
grown	5
grows	5
guf	5
gynecol	5
gynecology	5
habayis	5
healthy	5
heart	5
hebr	5
hebrew	5
hekesh	5
hello	5
herbs	5
hericon	5
hi	5
higher	5
holy	5
honor	5
hooks	5
horseradish	5
hose	5
hu	5
humer	5
huna	5
id	5
identity	5
ikar	5
immediate	5
implement	5
implication	5
impossible	5
inadvertently	5
incident	5
induce	5
infer	5
inherit	5
inherited	5
initial	5
insight	5
instance	5
interest	5
invalidated	5
involve	5
ireinie	5
israeli	5
issued	5
iyun	5
jack	5
jaundice	5
jerusalem	5
kavanah	5
kedushah	5
kehunah	5
keilim	5
kestenbaum	5
ketzos	5
knob	5
knock	5
kodesh	5
korech	5
koshering	5
land	5
larger	5
lashuk	5
latticework	5
layers	5
lecha	5
lego	5
lehakel	5
lesche	5
lie	5
lightning	5
limit	5
limon	5
limud	5
lining	5
listed	5
listened	5
lists	5
lmelech	5
lobby	5
locked	5
looking	5
lorier	5
louis	5
machmirim	5
magnet	5
magnetic	5
maker	5
makom	5
makos	5
marble	5
matir	5
matons	5
matzos	5
meals	5
measure	5
medium	5
mei	5
meit	5
menachot	5
menorrhagia	5
mente	5
mer	5
message	5
mikrah	5
miller	5
milsa	5
missed	5
model	5
moist	5
mon	5
monetary	5
mordechai	5
motion	5
muktzeh	5
muscovy	5
muttar	5
naarah	5
nachman	5
nasan	5
nd	5
nesuah	5
nights	5
nimukei	5
nits	5
oak	5
observed	5
observing	5
obstet	5
obstetrics	5
occur	5
offered	5
ointment	5
omasum	5
options	5
oriental	5
ovary	5
ovrez	5
owned	5
package	5
palm	5
pampers	5
pants	5
parchments	5
parents	5
parshah	5
parshiyos	5
partridge	5
patch	5
pdf	5
peels	5
phrase	5
pie	5
pins	5
piryah	5
pitcher	5
plaster	5
plates	5
platform	5
pleisiz	5
plums	5
popcorn	5
portulaca	5
posuk	5
precise	5
prefers	5
prembre	5
preparation	5
price	5
produced	5
program	5
prostate	5
protect	5
provides	5
prunes	5
pshat	5
puff	5
purposes	5
pushing	5
puteis	5
puzzle	5
quince	5
quote	5
quoting	5
raba	5
ramah	5
raped	5
rd	5
ready	5
receiving	5
reciting	5
reconcile	5
ref	5
regarded	5
region	5
relate	5
requiring	5
retains	5
ri	5
rigid	5
rim	5
rinse	5
rolling	5
roof	5
rooms	5
rubia	5
rude	5
sabbath	5
salmuire	5
sandwich	5
scales	5
scenario	5
scented	5
school	5
scribe	5
sedge	5
sediment	5
seemingly	5
sefira	5
sei	5
separately	5
sesame	5
shacharis	5
shamayim	5
shehechiyanu	5
sheini	5
shemiras	5
shes	5
sheshes	5
shine	5
shkiah	5
shlish	5
shlit	5
shortly	5
shown	5
shut	5
shvus	5
sibler	5
sickness	5
simchah	5
sits	5
sizes	5
sk	5
skunk	5
slice	5
slime	5
slip	5
slowly	5
snack	5
soak	5
socks	5
soldedure	5
somewhat	5
sources	5
spaces	5
spending	5
spices	5
spinner	5
spoons	5
stamp	5
stamped	5
stands	5
steaks	5
stepping	5
steril	5
stock	5
stress	5
strips	5
stuck	5
students	5
styrofoam	5
supporting	5
surgery	5
surrounding	5
sweater	5
synagogue	5
tables	5
tag	5
takana	5
talmidim	5
tamei	5
tap	5
tapes	5
tb	5
tbsp	5
te	5
tear	5
telephone	5
tenaculum	5
tendril	5
tes	5
testifies	5
thermostat	5
thick	5
tight	5
tighten	5
tnai	5
tomato	5
tongue	5
toothbrush	5
toothpaste	5
toras	5
torn	5
tosafist	5
tosefes	5
total	5
touched	5
track	5
transgressing	5
trap	5
trapped	5
treading	5
treile	5
treille	5
trepied	5
trim	5
tripod	5
twelve	5
tzitzis	5
undergarments	5
undershirt	5
unfit	5
unnecessary	5
unravel	5
unrelated	5
usda	5
usual	5
vadai	5
valley	5
value	5
varicocele	5
vault	5
vchomer	5
vedille	5
video	5
viewed	5
violation	5
virtue	5
visiting	5
vlo	5
vrivyah	5
warned	5
wave	5
weak	5
weaker	5
weekday	5
weights	5
wellhausen	5
wheel	5
wherever	5
willingly	5
worse	5
worst	5
yehoshua	5
yehuda	5
yeshayahu	5
yid	5
younger	5
zachor	5
zonah	5
zs	5
aba	4
abhandlungen	4
absence	4
abstain	4
acceptance	4
accomplished	4
account	4
accustomed	4
acharei	4
achoso	4
acid	4
acom	4
acoper	4
acts	4
adhesive	4
advised	4
agreed	4
agreement	4
aguilon	4
aigre	4
aigrum	4
aillendre	4
aise	4
alcohol	4
aleha	4
allergic	4
almenbre	4
aloisne	4
alos	4
amenestraison	4
amenestrison	4
ami	4
amira	4
amud	4
analysis	4
aneid	4
anemia	4
anse	4
anti	4
antilope	4
anusas	4
anywhere	4
apparatus	4
appetizer	4
arises	4
ariv	4
arizal	4
aromatic	4
aseres	4
asomeil	4
aspiration	4
aspre	4
assembly	4
associated	4
astray	4
attach	4
attaching	4
attain	4
avinu	4
aviv	4
ayin	4
azoospermia	4
ba	4
banana	4
barrel	4
basketball	4
bastir	4
batediz	4
bayis	4
bchayei	4
bean	4
beast	4
beaten	4
bec	4
bechoros	4
beet	4
beetle	4
belts	4
benching	4
bentch	4
bibel	4
bicycle	4
binyan	4
birkas	4
bisur	4
bl	4
blocking	4
bluntness	4
bolzole	4
bot	4
bother	4
bpashtus	4
brachah	4
bradon	4
breakdown	4
breaking	4
breaks	4
broche	4
bruxelles	4
bshogeg	4
bulb	4
bundle	4
ca	4
caesarean	4
calling	4
camera	4
campers	4
capabilities	4
capable	4
caper	4
capital	4
cards	4
carefully	4
carrying	4
categories	4
caterer	4
catheter	4
cdc	4
cellphone	4
cenbes	4
center	4
century	4
cep	4
chalcon	4
challenged	4
chametz	4
chanukah	4
chatchila	4
chayei	4
chazarah	4
chelkas	4
chemical	4
cherry	4
chestnut	4
chevilles	4
chicory	4
chin	4
chives	4
chiya	4
chofetz	4
choir	4
chul	4
chulent	4
churban	4
circumstance	4
civot	4
cleansing	4
cloak	4
coach	4
coal	4
coats	4
coining	4
colander	4
column	4
comfortable	4
commandment	4
comparison	4
conceived	4
conclude	4
conditions	4
conduct	4
confident	4
connecting	4
conpas	4
consensus	4
construction	4
consumption	4
containers	4
contents	4
contradicting	4
convenience	4
converting	4
coral	4
corkscrew	4
cormes	4
correctly	4
cottonseed	4
counters	4
country	4
cramps	4
cranpe	4
creates	4
creation	4
crespele	4
cresses	4
crot	4
crunch	4
cry	4
ct	4
cuffs	4
cuivre	4
curry	4
customary	4
cuve	4
cymbals	4
dam	4
damage	4
darchei	4
data	4
daughters	4
dear	4
decided	4
defect	4
defectiveness	4
delicacies	4
dentures	4
depression	4
deriving	4
descombrement	4
describe	4
describing	4
designated	4
destorber	4
destroy	4
destroyed	4
developing	4
development	4
differentiates	4
dining	4
dislocated	4
disorders	4
display	4
doblon	4
dogs	4
dove	4
dovid	4
drabonon	4
drivers	4
drug	4
du	4
dysfunction	4
easier	4
easy	4
effectively	4
egrum	4
em	4
emberzia	4
emetic	4
emit	4
enact	4
enacted	4
enfler	4
enfondre	4
engl	4
english	4
engres	4
enhance	4
entered	4
erasure	4
erbe	4
esbaneier	4
esbanier	4
esparwier	4
espingle	4
esrei	4
esrog	4
essentially	4
estain	4
estate	4
estencele	4
estendeillier	4
esterles	4
estoble	4
estrangilon	4
estranguillon	4
estreillier	4
esweier	4
evra	4
exact	4
excess	4
exclude	4
excluded	4
exercising	4
explode	4
external	4
eyebrows	4
facts	4
faissole	4
falling	4
fallopian	4
families	4
farmer	4
feilance	4
feisole	4
fellow	4
feltrin	4
ferment	4
festival	4
fetal	4
fetus	4
figure	4
filled	4
finally	4
fir	4
firm	4
firmly	4
fitting	4
fix	4
fixing	4
fleistre	4
flexible	4
flower	4
flowers	4
flutes	4
fly	4
fonz	4
forgive	4
forgon	4
forme	4
frequencies	4
fridge	4
frit	4
froit	4
fronces	4
frontier	4
fusel	4
gather	4
geier	4
generated	4
generation	4
generations	4
germ	4
germany	4
gernon	4
gesch	4
gezeira	4
ginger	4
girls	4
girth	4
giyores	4
gods	4
governeil	4
grafie	4
gray	4
gred	4
gresle	4
grindstones	4
grooves	4
gufo	4
gun	4
habit	4
hairnet	4
halakhic	4
hamikdosh	4
hamoad	4
hamotzei	4
hang	4
hara	4
harder	4
harm	4
hatov	4
hawthorn	4
healing	4
hechsure	4
hefsed	4
hemp	4
herpes	4
herring	4
highest	4
highly	4
hirhur	4
history	4
holes	4
honey	4
horse	4
hospitals	4
html	4
humanly	4
hundred	4
hung	4
ie	4
igg	4
iguna	4
immersion	4
implied	4
improper	4
imsi	4
inability	4
incandescent	4
inconvenience	4
increase	4
indication	4
indirect	4
inference	4
inferred	4
inflate	4
ingot	4
inhaling	4
inheritance	4
inserting	4
instruments	4
interpret	4
invalidates	4
invite	4
ishus	4
jan	4
jar	4
job	4
join	4
joined	4
jonchieres	4
justify	4
kasherable	4
kavush	4
keeps	4
keivan	4
kerisus	4
kesayis	4
kezayis	4
khalacha	4
kilayim	4
kill	4
king	4
klum	4
knew	4
koneh	4
kugelzange	4
ky	4
laaretz	4
lag	4
laitugue	4
lantern	4
lates	4
leftovers	4
lerner	4
lessons	4
li	4
library	4
lightly	4
likewise	4
limited	4
linoel	4
linoil	4
loces	4
loins	4
lotion	4
loud	4
lower	4
lui	4
lying	4
maaseh	4
maaser	4
mainly	4
mait	4
males	4
maleveid	4
malka	4
malweid	4
marital	4
markers	4
mases	4
maskanah	4
masses	4
maternal	4
matza	4
mayim	4
mechuyav	4
medrash	4
mefutah	4
mehadrin	4
mekach	4
melted	4
memachaik	4
membrane	4
mentioning	4
menton	4
mere	4
metamei	4
mich	4
michael	4
mil	4
millers	4
milug	4
minimum	4
minipill	4
miredoir	4
mishnahs	4
mishnayos	4
missionary	4
mitzva	4
mitzvas	4
mixing	4
mochier	4
modeh	4
monitor	4
moss	4
mote	4
mountains	4
mourning	4
munich	4
musge	4
musgue	4
ne	4
neckties	4
nefesh	4
negel	4
nettle	4
nicer	4
nion	4
nochrim	4
noheig	4
nos	4
notator	4
novi	4
numbers	4
numerous	4
odor	4
ohel	4
orpiment	4
ourselves	4
overhand	4
overriding	4
owl	4
packets	4
pains	4
pal	4
paon	4
papa	4
parsha	4
particles	4
pashut	4
pasken	4
pays	4
pco	4
pea	4
peaches	4
peeled	4
peitral	4
percentage	4
performs	4
periods	4
permanent	4
persons	4
pesachim	4
pheasant	4
photographic	4
phylacteries	4
pi	4
piercing	4
pilon	4
pipe	4
pipelle	4
pipes	4
pischei	4
pistachio	4
pit	4
pitch	4
plain	4
plait	4
planches	4
plandurs	4
plans	4
pleasant	4
plenty	4
ploughshare	4
plumbous	4
poisonous	4
polpier	4
pond	4
pool	4
porceint	4
porridge	4
possession	4
potassium	4
potion	4
pouring	4
powered	4
pozsony	4
preferred	4
premature	4
preparing	4
pressed	4
pretzel	4
pri	4
prick	4
pringles	4
prints	4
prisoners	4
private	4
product	4
professor	4
prunele	4
pruning	4
ps	4
pull	4
pulled	4
pulling	4
purslane	4
pyrex	4
radish	4
raiol	4
raised	4
rarely	4
rasha	4
rashbam	4
rattle	4
rays	4
reaching	4
realize	4
realw	4
reasonable	4
receptacle	4
recht	4
redoisedure	4
redoissedure	4
redondel	4
reduces	4
refuses	4
refute	4
reiol	4
reject	4
remained	4
remind	4
remuneration	4
replaced	4
resin	4
resting	4
revoked	4
rid	4
ride	4
riehm	4
rights	4
rip	4
ristes	4
river	4
roller	4
romania	4
rome	4
rouge	4
rue	4
rungs	4
rye	4
sadree	4
safety	4
sak	4
salomon	4
salud	4
sampling	4
sarpe	4
satisfy	4
sauce	4
savory	4
sayis	4
schan	4
schar	4
scholars	4
scoop	4
scraping	4
screening	4
script	4
scrub	4
scythe	4
sealed	4
secretary	4
sefard	4
sefardi	4
sentence	4
seondier	4
sera	4
seredure	4
serredure	4
services	4
sh	4
shas	4
shears	4
shel	4
sheniyah	4
shepherds	4
sheva	4
shevuos	4
shimons	4
shrink	4
sick	4
simcha	4
simeon	4
simpler	4
sinner	4
site	4
skates	4
skip	4
slippers	4
slush	4
smoothing	4
snail	4
soaking	4
somebody	4
sorting	4
sotah	4
south	4
spark	4
specify	4
spill	4
spinning	4
staple	4
staples	4
statements	4
steak	4
sticky	4
stimulating	4
stocks	4
strack	4
strawberries	4
stretch	4
stringencies	4
stringency	4
stripping	4
student	4
subsequently	4
suffices	4
sugyos	4
suit	4
sukkah	4
summer	4
supports	4
sweep	4
sweeper	4
swim	4
synthetic	4
taanis	4
tablets	4
tags	4
taje	4
tajes	4
takanah	4
tallis	4
talmid	4
tapid	4
tariedre	4
tayna	4
team	4
technical	4
teflon	4
tei	4
tenailles	4
tenple	4
tent	4
tenve	4
testified	4
testifying	4
theory	4
thickening	4
thinking	4
thrush	4
thy	4
thyroid	4
tightly	4
tikkun	4
tonal	4
tonsillitis	4
topic	4
tore	4
torner	4
tosafot	4
town	4
transplantation	4
tray	4
trecier	4
treiles	4
tremuie	4
trend	4
tricycle	4
tried	4
tries	4
trimester	4
troche	4
tubal	4
tubes	4
tudel	4
turkey	4
twisted	4
tying	4
typical	4
tzedek	4
ueber	4
ulterior	4
um	4
umbrella	4
unanswered	4
unaware	4
uncomfortable	4
underneath	4
underwear	4
unfortunately	4
united	4
uprooted	4
uprooting	4
upset	4
urtica	4
uterus	4
vacuum	4
vadil	4
val	4
vera	4
verify	4
versa	4
vi	4
vice	4
virus	4
vita	4
vivier	4
vocals	4
vulture	4
waner	4
war	4
warance	4
webs	4
website	4
wedges	4
weile	4
wenteler	4
whatsoever	4
whereby	4
widow	4
widowed	4
winepress	4
winnowing	4
winos	4
wivier	4
wolud	4
worms	4
wormwood	4
worried	4
worth	4
wrinkles	4
xxy	4
yesh	4
yevamoth	4
yomo	4
york	4
zekukah	4
znus	4
abraham	3
abrier	3
abroad	3
absorption	3
abundance	3
ac	3
accepting	3
accidentally	3
accordion	3
accurate	3
achas	3
acher	3
acier	3
aconite	3
acorn	3
acorns	3
actor	3
adduced	3
adenter	3
administered	3
adorser	3
aesthetic	3
af	3
affected	3
afp	3
afraid	3
ages	3
ago	3
aharon	3
aigror	3
ainse	3
aiseles	3
aissele	3
aistre	3
akivas	3
alav	3
albeit	3
alliendre	3
allowing	3
almonds	3
aloen	3
alternative	3
altert	3
altt	3
amirah	3
analyze	3
anan	3
anas	3
angles	3
angry	3
ani	3
anpoles	3
anytime	3
anyways	3
apentiz	3
aphtha	3
apie	3
app	3
appliances	3
appreciate	3
approximation	3
apps	3
aprover	3
arbors	3
areste	3
aretz	3
ariri	3
ark	3
army	3
aron	3
arrest	3
arrived	3
arrow	3
aryeh	3
asarah	3
ashkenazi	3
assembling	3
assertion	3
assisted	3
assumes	3
astrolabe	3
atenvist	3
attention	3
attitude	3
atzmo	3
auf	3
automatic	3
aveine	3
bachur	3
bachya	3
badaillier	3
badeilier	3
balance	3
ballista	3
balsam	3
balsme	3
bamba	3
bamidbar	3
baraita	3
barley	3
basar	3
baseball	3
bastel	3
bateil	3
bathe	3
battle	3
beak	3
bearing	3
bedieved	3
bedroom	3
bees	3
begun	3
beilas	3
beitzah	3
beize	3
believes	3
belonged	3
berachah	3
besulim	3
betrothed	3
bill	3
bills	3
birthday	3
bis	3
bito	3
bits	3
bkares	3
blank	3
blastocyst	3
bldy	3
bleste	3
bodel	3
borax	3
bore	3
boton	3
botons	3
bound	3
bran	3
breathing	3
brez	3
bris	3
british	3
broken	3
brosder	3
bruine	3
bubbling	3
buckle	3
bump	3
bunting	3
buried	3
burners	3
bus	3
butcher	3
byehudah	3
cab	3
cabbage	3
caecum	3
cakes	3
camps	3
canada	3
cancel	3
candlesticks	3
caprier	3
caps	3
capsule	3
carmel	3
carriage	3
cartons	3
cast	3
catch	3
catheterization	3
cats	3
cenbel	3
cender	3
centimeters	3
central	3
ceps	3
cercles	3
ceremony	3
certainty	3
chacham	3
chachomim	3
chacide	3
chad	3
chai	3
chains	3
chairs	3
chalal	3
chalav	3
chapters	3
charboncle	3
chardonel	3
chareshes	3
charlotte	3
chastenier	3
chayavei	3
cheaper	3
checking	3
checks	3
chemically	3
chenevaz	3
cheres	3
cheresh	3
chessed	3
chevecine	3
chida	3
chidush	3
chidushei	3
chillul	3
chip	3
chucks	3
chumros	3
chupah	3
cinnamon	3
circle	3
classes	3
classified	3
click	3
clinical	3
cocktail	3
cocoa	3
codes	3
coils	3
coins	3
coinz	3
coitus	3
coldre	3
coler	3
collaboration	3
collar	3
cologne	3
colony	3
committee	3
communities	3
comparing	3
compartment	3
compas	3
compensation	3
competent	3
complex	3
compressing	3
concentration	3
concerns	3
concur	3
confetti	3
congenital	3
conjongles	3
conreid	3
conreider	3
conscious	3
consciousness	3
consequence	3
consisting	3
constructed	3
consulted	3
continued	3
contraceptive	3
contradicts	3
conversely	3
coop	3
coravin	3
cords	3
corners	3
corningware	3
coronavirus	3
corpus	3
cough	3
couldn	3
counselor	3
counselors	3
cracks	3
cranberry	3
crib	3
crispr	3
critical	3
crocs	3
croissant	3
cross	3
croutons	3
crunchy	3
crying	3
crystal	3
cubed	3
curer	3
cutlery	3
cvs	3
daled	3
dami	3
dayan	3
db	3
declare	3
default	3
defects	3
deferens	3
deficiency	3
definite	3
degred	3
delitzsch	3
demaciede	3
demonstrate	3
dense	3
deodorizer	3
department	3
dependent	3
derech	3
dereisnement	3
description	3
designating	3
designation	3
desraciner	3
dessert	3
detectors	3
determined	3
determining	3
deus	3
deuteronomy	3
dialysis	3
differ	3
digital	3
dinner	3
direct	3
direction	3
disconnected	3
discourage	3
diseases	3
disentangle	3
disgrace	3
disgusted	3
dislocate	3
dissolve	3
distance	3
distinction	3
district	3
disturb	3
doisil	3
dolls	3
doors	3
dr	3
drops	3
dschusta	3
dsm	3
ducks	3
duration	3
earthen	3
ebdes	3
ebers	3
echad	3
edim	3
eej	3
effected	3
effects	3
eglentier	3
egre	3
egror	3
eigers	3
eik	3
einl	3
einleitung	3
eiruv	3
eitza	3
elder	3
ele	3
electricity	3
electronic	3
electronics	3
elements	3
embryo	3
embryoscope	3
emergency	3
emotional	3
emphasize	3
employed	3
empowered	3
enable	3
endometrial	3
endometriosis	3
endometrium	3
england	3
enpeinie	3
ensoble	3
enters	3
entorter	3
enweisdure	3
ep	3
epididymis	3
epispadias	3
erbediz	3
erectile	3
ergo	3
ert	3
escalter	3
eschalfaison	3
eschalfeison	3
eschamucier	3
escharbot	3
escluse	3
esgratignier	3
esgratinier	3
esloisier	3
esmovement	3
esparvier	3
espelte	3
espondes	3
esprover	3
essence	3
esteinboc	3
estradiol	3
estre	3
estrich	3
estrogen	3
etching	3
etz	3
eule	3
exception	3
exod	3
experts	3
expound	3
extensive	3
extinguish	3
extinguishing	3
extract	3
extraction	3
extrication	3
facing	3
factors	3
fail	3
failure	3
faint	3
fainting	3
feb	3
feeds	3
feisant	3
femidom	3
fennel	3
fiberglass	3
fibers	3
fifteen	3
fifty	3
filters	3
financial	3
finely	3
finished	3
flakes	3
flanc	3
floating	3
folcel	3
folds	3
follicule	3
fondrile	3
fondrille	3
forbade	3
forbir	3
forever	3
forferez	3
forgiveness	3
forks	3
formal	3
fourth	3
freckles	3
frequency	3
fromier	3
frying	3
fuel	3
fulfil	3
fulling	3
furent	3
gamaliel	3
games	3
gant	3
garance	3
gav	3
ge	3
gedolah	3
gedolei	3
gemarah	3
geme	3
gemura	3
gently	3
geonim	3
gerama	3
gerondif	3
gerus	3
gerushah	3
gestational	3
gilyon	3
gittin	3
gladly	3
gland	3
gloon	3
glow	3
goal	3
goat	3
goldstein	3
google	3
gra	3
graf	3
graft	3
grandson	3
granite	3
grapefruits	3
greeting	3
guesde	3
guess	3
gumer	3
haadam	3
haalaah	3
haba	3
hachaim	3
hachoshen	3
hadaf	3
hadchak	3
haezer	3
hagel	3
hagofen	3
hagra	3
hahar	3
hairs	3
hakel	3
hal	3
haldrobe	3
halfway	3
halichos	3
handed	3
hangs	3
haposkim	3
happy	3
harmony	3
hashas	3
hasraah	3
haterumah	3
hates	3
hava	3
haven	3
hawk	3
hayah	3
hazaah	3
hearth	3
heats	3
heavenly	3
hechsher	3
hedgehog	3
heel	3
height	3
heiligkeitsgesetz	3
heinemann	3
helmet	3
helpful	3
helps	3
hemorrhoids	3
hen	3
hepatitis	3
hericier	3
hers	3
hesitation	3
hickman	3
hidden	3
hills	3
hitzig	3
ho	3
hood	3
hope	3
huge	3
hum	3
hut	3
hutrah	3
hydrosalpinx	3
hyperstimulation	3
hypophysis	3
hypospadias	3
hysteroscopy	3
iedre	3
iem	3
igm	3
igros	3
ikuvah	3
image	3
imitation	3
immersed	3
immerses	3
immersing	3
immunoglobulin	3
implications	3
imprimatur	3
imprinted	3
improvements	3
impurity	3
incense	3
incontinence	3
independent	3
industries	3
ineffective	3
inevitably	3
infection	3
inflammatory	3
inflated	3
informed	3
informing	3
insects	3
insemination	3
insignificant	3
instituting	3
intentionally	3
interested	3
interval	3
intrauterine	3
introduce	3
investigate	3
ir	3
isles	3
italys	3
itunes	3
iub	3
ivy	3
je	3
jelede	3
jello	3
jeme	3
joint	3
jud	3
judah	3
july	3
june	3
justices	3
justified	3
justisier	3
kabbalah	3
kaf	3
karka	3
katum	3
kavana	3
kedoshim	3
kehilchasah	3
ken	3
kept	3
keren	3
kerosene	3
kettle	3
ketubah	3
kidushei	3
knas	3
kneaded	3
kodshim	3
kohain	3
kohens	3
korbanos	3
korbon	3
kovetz	3
kr	3
krias	3
kriyah	3
kula	3
kulos	3
kurz	3
label	3
labeled	3
lacking	3
lady	3
lame	3
lamps	3
laparotomy	3
laserwort	3
latin	3
laurels	3
lawn	3
lazre	3
leads	3
lechatchila	3
legally	3
legitimate	3
lehrb	3
leituge	3
lem	3
lemoisel	3
lemonade	3
leniencies	3
lentiginous	3
lentil	3
lets	3
levy	3
liable	3
lices	3
lichatchila	3
lifetime	3
lifting	3
lipstick	3
liquids	3
liquor	3
lischier	3
listerine	3
lkehunah	3
load	3
local	3
loom	3
losing	3
lots	3
lukewarm	3
luna	3
luzie	3
lxxxv	3
maachal	3
maamid	3
machzir	3
madernes	3
madriz	3
magen	3
magic	3
magid	3
magnifying	3
maharam	3
maharshas	3
mais	3
maisseles	3
maiz	3
manos	3
mantel	3
mantle	3
manufacturers	3
margins	3
maris	3
maseh	3
mask	3
massage	3
mat	3
match	3
matches	3
maturation	3
mayer	3
mayseh	3
measures	3
measuring	3
mechanics	3
mechayiv	3
mechokek	3
medicated	3
megilah	3
megilla	3
mehudar	3
meikel	3
meirs	3
meiz	3
melachos	3
melon	3
melt	3
melts	3
memaenes	3
memory	3
menestrel	3
mercury	3
mereles	3
meselers	3
method	3
metzia	3
mevushal	3
mezanah	3
mezuzot	3
mice	3
microphone	3
milah	3
mill	3
mills	3
mince	3
minchah	3
mincier	3
minhagim	3
minie	3
minimal	3
minority	3
minute	3
mirena	3
misafek	3
mishneh	3
miskaven	3
miss	3
mitzvot	3
mm	3
mocheles	3
moiol	3
moiste	3
molars	3
mold	3
monkey	3
monkshood	3
monopoly	3
mortgage	3
mosaic	3
mosif	3
mosis	3
mosquito	3
motives	3
motzai	3
mourner	3
moving	3
ms	3
muddy	3
museum	3
mustards	3
mysterium	3
na	3
napkin	3
nation	3
national	3
nausea	3
naville	3
nearby	3
neel	3
neele	3
nervous	3
nets	3
nettles	3
newly	3
newspaper	3
niagara	3
nichsei	3
ninth	3
nipt	3
niter	3
nitrate	3
nitre	3
nobody	3
nochris	3
noda	3
noticed	3
november	3
nowhere	3
nut	3
nylon	3
oars	3
obledes	3
oc	3
odds	3
office	3
ohss	3
olme	3
omer	3
omitted	3
onshin	3
opener	3
ordinary	3
ordir	3
orgasm	3
orthodox	3
oseh	3
osteoporosis	3
outcome	3
overall	3
overflow	3
overlaid	3
pad	3
padded	3
painter	3
painting	3
palde	3
palestine	3
panic	3
paniz	3
papaya	3
par	3
para	3
parallel	3
parameters	3
parcel	3
pareve	3
parler	3
parrh	3
particularly	3
partition	3
party	3
passages	3
passes	3
passport	3
passul	3
pasteurized	3
pasul	3
paying	3
pcr	3
pear	3
peas	3
peel	3
pegs	3
peh	3
peiz	3
pelusium	3
penalize	3
penalties	3
penile	3
pentateuch	3
percent	3
perdriz	3
perfect	3
perfectly	3
perfume	3
perfumed	3
peritoneum	3
permissibility	3
peros	3
pessary	3
pfingsten	3
pgs	3
phase	3
piano	3
pic	3
picc	3
picking	3
pikuach	3
pile	3
pill	3
pinch	3
placement	3
placenta	3
plaissier	3
planche	3
plank	3
planks	3
plante	3
played	3
plum	3
plumes	3
plusquamperfekt	3
pm	3
pointe	3
pois	3
policeman	3
policy	3
polpe	3
polycystic	3
polyp	3
pops	3
population	3
porta	3
portable	3
portico	3
portions	3
porwanter	3
poses	3
postnatal	3
pours	3
powders	3
powerful	3
powers	3
pr	3
praetorium	3
praiseworthy	3
precedent	3
preceding	3
prenatal	3
preparations	3
presence	3
presently	3
presents	3
pretty	3
pretzels	3
priest	3
primarily	3
primolut	3
pringle	3
proposed	3
proposes	3
prot	3
protein	3
providing	3
proving	3
provision	3
proximity	3
prune	3
psak	3
publicus	3
puffed	3
pupil	3
purchased	3
purely	3
purposely	3
qlair	3
quail	3
qualify	3
quinces	3
rab	3
raban	3
rabbah	3
rabban	3
rain	3
raises	3
rat	3
ravin	3
ravs	3
rech	3
recipes	3
recites	3
recognized	3
recommend	3
recorder	3
recover	3
redorte	3
reduce	3
reflect	3
refuah	3
refuse	3
reheating	3
reides	3
reis	3
rej	3
rejected	3
released	3
remarrying	3
renders	3
renting	3
repeated	3
repeats	3
repellent	3
replied	3
report	3
requested	3
requests	3
requirements	3
rescue	3
resine	3
responds	3
responsibility	3
restriction	3
results	3
retrograde	3
reuvens	3
revoke	3
revue	3
rewestir	3
rhythm	3
rishona	3
rishonah	3
ritalin	3
rivan	3
rivers	3
riwiers	3
robe	3
rolled	3
rollerblades	3
roman	3
rose	3
roth	3
rterb	3
rubbing	3
rubik	3
rummikub	3
rushes	3
sac	3
sacred	3
safe	3
sail	3
saint	3
saline	3
salty	3
sappheirinos	3
sarah	3
sarcir	3
sarpes	3
savoniere	3
scab	3
scallions	3
scenarios	3
schach	3
schachter	3
scholar	3
schwindelsteg	3
screwed	3
seams	3
searches	3
secular	3
seed	3
sefardim	3
seifa	3
seigle	3
seines	3
seiteine	3
sekilah	3
sel	3
seminiferous	3
semuchin	3
sending	3
sep	3
separation	3
sets	3
setup	3
seus	3
seventh	3
sexual	3
shab	3
shailah	3
shaker	3
shaveh	3
shavous	3
shayach	3
shbanah	3
sheet	3
sheino	3
sheinu	3
shemesh	3
shevuah	3
shimusha	3
shining	3
shinui	3
ship	3
shliach	3
shloma	3
shnei	3
shogeg	3
shomayim	3
shomeres	3
shu	3
shudder	3
shuv	3
sidewalk	3
sidur	3
sief	3
sight	3
signa	3
significance	3
significantly	3
silica	3
silverfoil	3
silverware	3
simanim	3
simchas	3
simplest	3
sinew	3
sinews	3
slaves	3
sleeves	3
slow	3
slug	3
smell	3
soccer	3
social	3
sodom	3
softened	3
soledes	3
somehow	3
song	3
songs	3
sophisticated	3
sorcils	3
sorry	3
southern	3
spaghetti	3
sparks	3
spermatogenesis	3
spiced	3
spoke	3
sponja	3
sports	3
spots	3
spout	3
squeeze	3
squeezed	3
squeezing	3
squirrel	3
staff	3
stairs	3
standing	3
starting	3
statistical	3
stays	3
steven	3
stiff	3
stood	3
stopped	3
storage	3
straightforward	3
strange	3
strap	3
strength	3
strip	3
stripe	3
stubble	3
style	3
stylus	3
sua	3
substitute	3
successful	3
suction	3
suddenly	3
suffered	3
suitable	3
sunburn	3
sunset	3
supplies	3
surfaces	3
susceptible	3
swarm	3
swear	3
sweat	3
sweaters	3
sweeping	3
swept	3
switching	3
sword	3
sydwr	3
ta	3
tabs	3
tachnun	3
tahara	3
takanos	3
talcum	3
talented	3
talis	3
tan	3
tangerine	3
tanna	3
tanning	3
taped	3
tar	3
tasting	3
tavshilin	3
tax	3
technology	3
techum	3
tefilin	3
telescope	3
temperatures	3
tenai	3
tendrils	3
tennessee	3
tenpene	3
tenples	3
tenrum	3
tenth	3
testament	3
testing	3
tevel	3
tevila	3
texture	3
thirty	3
throat	3
throughout	3
thrown	3
thunder	3
tifinon	3
tikela	3
tiled	3
till	3
tiltul	3
timing	3
tircha	3
toad	3
tochein	3
tone	3
tonine	3
tools	3
toothpick	3
tor	3
torahs	3
tortel	3
tosafos	3
tosefta	3
tpylh	3
traditional	3
traffic	3
transferred	3
translation	3
travel	3
treated	3
treatment	3
treilles	3
trev	3
trip	3
tronc	3
tropos	3
trowel	3
truele	3
truemm	3
trusted	3
tubules	3
turma	3
twenty	3
tymny	3
tzad	3
tzaras	3
tzeis	3
tzemer	3
tzerichos	3
tzibur	3
unborn	3
uncertainty	3
unclean	3
uncommon	3
unconscious	3
undergo	3
union	3
uniqueness	3
unlikely	3
unsure	3
unwoven	3
upholstered	3
upishtim	3
upstairs	3
usage	3
vaginismus	3
valuable	3
vas	3
vase	3
vasectomy	3
vasser	3
vchulan	3
vedilles	3
vein	3
veino	3
vermox	3
versions	3
vertical	3
viable	3
victim	3
vitamins	3
vitrification	3
voltur	3
volud	3
vomite	3
vorstudien	3
vort	3
vulvodynia	3
wail	3
walked	3
wallpaper	3
wantance	3
wanter	3
warmed	3
warning	3
wasp	3
wednesday	3
weekly	3
wendelstein	3
west	3
whichever	3
whipped	3
whistle	3
wicker	3
willing	3
willow	3
windsor	3
wing	3
winnow	3
winter	3
wipe	3
wissenschaft	3
wolfsbane	3
woltur	3
womens	3
womite	3
workers	3
wrapping	3
yachid	3
yard	3
yawn	3
yaz	3
yesomah	3
yevamim	3
yevamot	3
yitzchok	3
yivneh	3
yk	3
ynet	3
yod	3
yoma	3
yotsei	3
yotzeh	3
yud	3
zaken	3
zechus	3
zeitschr	3
zift	3
zilzul	3
zipper	3
zman	3
zomemim	3
zoo	3
zt	3
zucchini	3
zupnick	3
aatir	2
ab	2
abayes	2
abdomen	2
aben	2
abhandlung	2
abide	2
ablation	2
abriement	2
accompaniment	2
accompanying	2
accord	2
accountable	2
achi	2
achicha	2
achilah	2
achilas	2
achronim	2
acquire	2
acronym	2
acting	2
actions	2
activate	2
actively	2
ada	2
addressed	2
addresses	2
adjustable	2
adjusting	2
administer	2
admits	2
adoma	2
adopted	2
adrelces	2
adrenal	2
advances	2
advertisement	2
advertising	2
advises	2
aeg	2
aegypten	2
aegyptens	2
aegyptiaca	2
afc	2
affectionately	2
affects	2
afichal	2
afkeinhu	2
agent	2
agoter	2
agreeing	2
agunos	2
ahavah	2
aigyptiaka	2
ail	2
aino	2
airport	2
aises	2
aish	2
aisil	2
ajostement	2
aka	2
akad	2
alah	2
albumen	2
alener	2
allegedly	2
alne	2
alpha	2
altar	2
altrrth	2
amen	2
amende	2
amerfoil	2
amh	2
amniocentesis	2
amoler	2
amos	2
amused	2
andschel	2
anencephalus	2
anesthesia	2
anfang	2
annona	2
announced	2
annoy	2
annual	2
annulling	2
annuls	2
anomalies	2
anos	2
ant	2
antiseptic	2
antral	2
anusah	2
anybody	2
anyplace	2
aol	2
apost	2
apostle	2
apparent	2
appealing	2
appellation	2
appointed	2
apprentice	2
approval	2
approved	2
approving	2
approx	2
apricot	2
aprovement	2
apud	2
aquarium	2
ar	2
arab	2
arbalest	2
arbaleste	2
arcon	2
arestes	2
arestuel	2
argon	2
arguments	2
aris	2
armor	2
arms	2
arose	2
arpent	2
arrange	2
arrive	2
arrives	2
arriving	2
arrows	2
ars	2
arsedure	2
art	2
article	2
artificial	2
artisan	2
arts	2
asafetida	2
aser	2
ash	2
ashes	2
ashkenazic	2
ashrei	2
asleep	2
aspermia	2
assemble	2
asser	2
assert	2
association	2
asthma	2
asurah	2
asurim	2
ataka	2
atenvirent	2
attack	2
attempted	2
augmentation	2
august	2
augustin	2
aunt	2
authorities	2
avahu	2
avarta	2
aventure	2
average	2
avicha	2
avida	2
avidity	2
avrohom	2
awning	2
axis	2
aylonis	2
azharah	2
babysitting	2
backround	2
backsplash	2
bacon	2
bacons	2
bader	2
badetes	2
bal	2
balm	2
balma	2
baltimore	2
bananas	2
bank	2
barber	2
barely	2
baron	2
barriers	2
bartfeld	2
bartgeier	2
basin	2
basket	2
bass	2
batdiz	2
batedure	2
batim	2
batorah	2
bavel	2
bb	2
bdin	2
bears	2
beautiful	2
bechedure	2
becudes	2
bee	2
beers	2
beetles	2
beforehand	2
behavioral	2
behemah	2
beilos	2
beit	2
belonging	2
bench	2
bendels	2
benefits	2
bent	2
bentching	2
ber	2
beraisas	2
bergman	2
bericht	2
bertheau	2
bet	2
betzalel	2
beulas	2
bible	2
biblioteca	2
bie	2
bigger	2
bike	2
bilirubin	2
bin	2
bioethics	2
biology	2
bios	2
birds	2
birkei	2
births	2
bisli	2
biting	2
bitter	2
bkedushah	2
bkum	2
blackbird	2
bladder	2
blankets	2
blastomere	2
blav	2
bleach	2
bleich	2
blemish	2
blended	2
blends	2
bless	2
blessed	2
blessings	2
blestes	2
blez	2
blisters	2
bliz	2
bln	2
block	2
blocks	2
blueberries	2
blueberry	2
blunt	2
blush	2
bmi	2
bnei	2
bodeke	2
bodily	2
bodner	2
boils	2
bookcase	2
bordel	2
boruch	2
boshes	2
bosis	2
botanical	2
boteile	2
boterel	2
bothering	2
bouteille	2
bracelet	2
braille	2
brais	2
brak	2
branched	2
brazil	2
breads	2
breaker	2
breech	2
breied	2
breis	2
bresche	2
bresches	2
brick	2
brides	2
brief	2
briefly	2
brisk	2
bristle	2
broader	2
brochos	2
broker	2
brooklyn	2
bruxella	2
bubastis	2
bufet	2
buggy	2
buies	2
bulletin	2
bunch	2
bungalow	2
bunk	2
bunks	2
burdock	2
burned	2
bury	2
burying	2
busy	2
butterfly	2
buyers	2
buys	2
byad	2
cabinet	2
cables	2
cactus	2
cahen	2
calamita	2
camel	2
camels	2
cameras	2
canal	2
canned	2
cantaloupe	2
capella	2
caption	2
caramelization	2
carbon	2
carbonate	2
caro	2
carries	2
carthago	2
cartilage	2
casa	2
cattle	2
cauliflower	2
cavd	2
cedre	2
cedres	2
cegoine	2
cellar	2
cellophane	2
cement	2
cemented	2
cencron	2
cendal	2
cenpies	2
centimeter	2
centuries	2
cerche	2
cerclage	2
cercle	2
cerens	2
ceres	2
cerises	2
cerje	2
certificate	2
cervix	2
cetrotide	2
chaburei	2
chafetz	2
chalalah	2
chalatz	2
chaldiere	2
chalemels	2
challenge	2
chalutzah	2
chamar	2
chamoso	2
chan	2
chana	2
chananel	2
chanpagne	2
chapel	2
chaplain	2
characters	2
charbonedes	2
charted	2
chasan	2
chashuv	2
chasidim	2
chassid	2
chastaignes	2
chasteniers	2
chastenies	2
chastons	2
chatas	2
chatter	2
chatzos	2
chavah	2
chazaros	2
cheap	2
cheftza	2
cheilos	2
chemicals	2
chemise	2
chemist	2
chenek	2
cheress	2
chezkas	2
chhhh	2
chick	2
chiddush	2
chief	2
choirs	2
chometzdike	2
chooses	2
choosing	2
choshuv	2
choslos	2
christian	2
chronol	2
chronologie	2
chumash	2
chunks	2
ciel	2
cigarettes	2
cigonie	2
cime	2
cio	2
circuit	2
circumstantial	2
cit	2
citizen	2
citrate	2
claiming	2
claims	2
clarification	2
clasps	2
classical	2
clause	2
clavedure	2
clearer	2
cleides	2
clementine	2
climb	2
cling	2
clip	2
clocier	2
closes	2
clouds	2
clown	2
club	2
cock	2
coco	2
cocons	2
coconut	2
cocoon	2
code	2
codex	2
coffin	2
cogilon	2
coguillon	2
coital	2
cojet	2
colede	2
coledoir	2
collect	2
collecting	2
collective	2
colon	2
coltres	2
columnar	2
combine	2
combines	2
combining	2
comers	2
comet	2
comm	2
commendable	2
commentaries	2
commentator	2
commercial	2
commission	2
committing	2
como	2
companies	2
complain	2
complicate	2
complicated	2
composition	2
compound	2
comprise	2
compromising	2
comunidade	2
conception	2
conches	2
concluded	2
concluding	2
concurs	2
conditioner	2
condom	2
confirm	2
conflicting	2
conform	2
conformed	2
congealed	2
considerable	2
considerations	2
considering	2
consist	2
consistency	2
constantinople	2
constitutes	2
consumed	2
cont	2
contacting	2
contained	2
containing	2
context	2
continuing	2
contraception	2
contracts	2
contradicted	2
contradiction	2
contradictory	2
contrarier	2
contredes	2
contrefait	2
contrefeit	2
controlled	2
controller	2
conversion	2
cooks	2
coranz	2
cordes	2
cormier	2
corner	2
corona	2
corp	2
corrective	2
corridor	2
corse	2
costumes	2
cote	2
countertops	2
counties	2
countries	2
courier	2
courtyard	2
covedes	2
cows	2
crafts	2
cranberries	2
crank	2
crazy	2
creative	2
credence	2
crens	2
crestange	2
crestanje	2
crevaces	2
cried	2
crisp	2
crisscross	2
cristal	2
criterion	2
crock	2
croe	2
croi	2
croisel	2
crossbow	2
crossroads	2
croster	2
crown	2
crushing	2
crutch	2
crypta	2
cu	2
cucu	2
cujo	2
cum	2
curled	2
curlers	2
currycomb	2
curtain	2
cuts	2
cytoplasmic	2
cytotec	2
dagul	2
daka	2
dalet	2
damaged	2
damur	2
dandelions	2
dangerous	2
darkei	2
datei	2
davens	2
deaths	2
debatable	2
dec	2
decalog	2
decapeptyl	2
dechuyah	2
decorate	2
decreed	2
dedicated	2
deduce	2
deduced	2
defiled	2
define	2
degrez	2
dekalogs	2
delayed	2
delaying	2
deluxe	2
demon	2
demonir	2
demoniz	2
density	2
deodorizers	2
deoraisa	2
depot	2
derabonan	2
derashos	2
dereisnier	2
derishah	2
derivation	2
derusa	2
descharjier	2
deserve	2
deserves	2
desirable	2
desires	2
destolment	2
destrawer	2
detailed	2
detector	2
deut	2
deutsche	2
di	2
diadem	2
diagnostic	2
diagonals	2
dial	2
diamond	2
dibetes	2
dibur	2
dice	2
dickson	2
differences	2
differentiate	2
difficulties	2
digest	2
dilute	2
dimi	2
dip	2
dira	2
directive	2
discharged	2
disclosing	2
discount	2
disinfectant	2
disks	2
dispenser	2
disrespect	2
disrespectful	2
ditch	2
div	2
divide	2
divine	2
divorcee	2
dodaso	2
dodi	2
donkeys	2
donor	2
doorway	2
dos	2
doubled	2
doubtful	2
doubts	2
doughnuts	2
doves	2
dovor	2
dowry	2
dressed	2
dresser	2
dresses	2
dries	2
drip	2
driver	2
drove	2
drunk	2
dschamilla	2
dschoja	2
duchedes	2
duchies	2
duck	2
dukedoms	2
duralex	2
durante	2
durch	2
dustpan	2
dvr	2
dyes	2
dying	2
dyspareunia	2
ear	2
ears	2
east	2
edged	2
edges	2
educated	2
edus	2
ee	2
efshar	2
eggplant	2
ei	2
eichah	2
eights	2
eirusin	2
eitzos	2
elderly	2
eleazar	2
electrical	2
electrolysis	2
eligible	2
elokim	2
email	2
embarrassment	2
emden	2
emerge	2
emes	2
emotion	2
empire	2
employee	2
empower	2
encreisant	2
encres	2
endive	2
endless	2
enemies	2
energy	2
engaged	2
engreisant	2
enhancement	2
enjoyed	2
enjoyment	2
enjoys	2
enmailloler	2
enmesler	2
enmorinede	2
enpeigne	2
enpeser	2
enprendre	2
enseigne	2
ensenier	2
entendre	2
entertained	2
entitles	2
entomiz	2
entonedoir	2
enumerate	2
envelope	2
enweisiede	2
enweisiez	2
enwolopement	2
epidemiology	2
epididymal	2
epidural	2
epieu	2
epilepsy	2
equalization	2
equalized	2
equip	2
equivalent	2
era	2
erasing	2
erected	2
erection	2
erosion	2
err	2
erring	2
ertragen	2
ervas	2
esarter	2
esbaniement	2
esbranjier	2
escalator	2
eschace	2
eschancon	2
escheletes	2
esclarier	2
escodre	2
escover	2
escraigne	2
escriene	2
escurel	2
esenbrajier	2
esjareter	2
eskhar	2
esloide	2
esloides	2
esloisedure	2
esloissedure	2
esloissier	2
espanir	2
espede	2
espied	2
espig	2
espleitosment	2
espointes	2
estainboc	2
estanc	2
estele	2
estenceles	2
ester	2
esternuder	2
estornel	2
estreile	2
esveiede	2
esweiede	2
eternal	2
ethinyl	2
etudes	2
etzem	2
europe	2
ev	2
evening	2
events	2
everybody	2
everyday	2
evidently	2
evil	2
evolved	2
excellent	2
excessive	2
exclusively	2
exit	2
expert	2
expounded	2
expressing	2
extant	2
extension	2
extent	2
extracting	2
ez	2
facilitate	2
factory	2
fahne	2
faithful	2
falcile	2
falcille	2
falke	2
familys	2
famous	2
fasole	2
fasts	2
fatalities	2
feather	2
feathers	2
feature	2
features	2
february	2
feeding	2
feilanz	2
feis	2
feisol	2
feisoles	2
feisols	2
felder	2
felted	2
females	2
fendedure	2
fendre	2
ferjes	2
fermalie	2
fermeilz	2
fertilization	2
fest	2
festive	2
festorum	2
festschrift	2
feto	2
feverfew	2
ffel	2
fi	2
fibroid	2
fig	2
figs	2
filament	2
filing	2
fillings	2
fitness	2
fits	2
fiweles	2
flacede	2
flacedes	2
flags	2
flaiel	2
flames	2
flash	2
flavored	2
flea	2
fleiel	2
fleistrir	2
flestir	2
flight	2
flimsy	2
flint	2
flocel	2
flochier	2
floronc	2
flowing	2
flows	2
fluff	2
fluids	2
flushing	2
focused	2
foede	2
foi	2
foler	2
follicle	2
follicular	2
folons	2
fond	2
foolproof	2
forbid	2
forbidding	2
forcele	2
forces	2
forches	2
forego	2
foreign	2
forest	2
forgave	2
forgiven	2
formerly	2
formica	2
formulas	2
fort	2
fortune	2
fose	2
fossior	2
fragile	2
fragmentation	2
fragrant	2
franks	2
freed	2
freedom	2
freis	2
frenjes	2
frequent	2
freshly	2
friedell	2
friends	2
fringilla	2
froncier	2
fry	2
fud	2
fueil	2
fuer	2
fullers	2
fur	2
fused	2
fusing	2
gajer	2
galbanum	2
galme	2
galui	2
gamete	2
gamur	2
ganbais	2
ganbeis	2
gaonim	2
garantis	2
garif	2
garnison	2
gasah	2
gastrostomy	2
gathered	2
gbs	2
gedolim	2
gefilte	2
gegen	2
geirus	2
gem	2
gemarra	2
gemorah	2
gemurah	2
gerim	2
germline	2
germs	2
gerushaso	2
gesetz	2
gesetzgebung	2
gestation	2
gi	2
giluy	2
git	2
giver	2
glands	2
glassbox	2
glatt	2
glistened	2
glorious	2
gloss	2
glows	2
glued	2
gnaw	2
goloser	2
gonal	2
goodbye	2
goods	2
gout	2
governor	2
gowns	2
gps	2
gradile	2
gradille	2
graetz	2
grafting	2
gram	2
grandchildren	2
granddaughter	2
grandfather	2
grandmother	2
grant	2
grants	2
granule	2
grapefruit	2
grapejuice	2
grasped	2
grasshoppers	2
grates	2
gravy	2
grew	2
grid	2
grinding	2
grindstone	2
groans	2
grotte	2
groups	2
grue	2
guitar	2
gvhd	2
gynaecol	2
gzairah	2
haamadah	2
haarah	2
habaal	2
habicht	2
hacha	2
hachana	2
hachi	2
hachmir	2
hadeshen	2
hadlaka	2
hador	2
hafarah	2
hag	2
hagefen	2
hagomel	2
hail	2
hakadashim	2
hakipurim	2
halachische	2
halakha	2
halevi	2
hamachmir	2
haman	2
hamazon	2
hameitiv	2
hameor	2
hames	2
haminchah	2
hamoed	2
handbuch	2
handkerchief	2
hanidachas	2
happier	2
har	2
harei	2
harugei	2
hashanah	2
hashatz	2
hashemashos	2
hashkafa	2
hashmushos	2
hatayah	2
hatching	2
hate	2
hating	2
hatzad	2
hause	2
havayah	2
havdala	2
hay	2
hayforks	2
hazelnut	2
hbv	2
hdl	2
headache	2
heal	2
hearts	2
hebraeos	2
hedera	2
heed	2
hefker	2
heh	2
heilbut	2
heir	2
heirs	2
heker	2
helmes	2
helping	2
hemophilia	2
heoros	2
hernia	2
herupe	2
hesech	2
heteirim	2
hexakapron	2
hiccoughs	2
hiero	2
hierosolyma	2
highchair	2
hil	2
hinder	2
hinges	2
hinting	2
hired	2
hoadoma	2
hoe	2
holocaust	2
homem	2
homes	2
horaso	2
horehound	2
horn	2
hoses	2
hosting	2
hpv	2
hrs	2
hrt	2
huggies	2
humans	2
humidifier	2
hump	2
hunas	2
hupfeld	2
hurt	2
hydrocephalus	2
hydroponic	2
hydroponics	2
hyperplasia	2
hypothalamus	2
hypothese	2
ibex	2
ibis	2
ideal	2
identify	2
iggeros	2
ignore	2
igun	2
ikur	2
ileostomy	2
illness	2
imaging	2
immerse	2
immune	2
imo	2
impact	2
imparts	2
imperfect	2
imperfection	2
implant	2
implements	2
implicit	2
impotence	2
impractical	2
improve	2
improving	2
inappropriate	2
inclusion	2
inconsistent	2
incorporated	2
increased	2
incrustration	2
incur	2
indiana	2
indicate	2
indirectly	2
induction	2
industry	2
inebriated	2
infant	2
infants	2
infections	2
inform	2
informs	2
infused	2
inheriting	2
inhibin	2
initially	2
inquires	2
insect	2
insertion	2
insistent	2
installed	2
instances	2
instanzen	2
instilling	2
instructions	2
instructor	2
instrumental	2
insurance	2
intending	2
intense	2
interaction	2
intercourse	2
interfere	2
internal	2
internet	2
interpose	2
interposition	2
interpreted	2
interprets	2
interruptus	2
interviews	2
introduced	2
invasive	2
invited	2
involving	2
inyan	2
inyanim	2
io	2
iodine	2
iraigne	2
ires	2
irresponsible	2
irui	2
isaac	2
isda	2
isha	2
isolation	2
issuing	2
istenis	2
isura	2
ivri	2
ix	2
jacks	2
jafreite	2
jahres	2
jam	2
jama	2
janess	2
january	2
jaques	2
jardons	2
jase	2
jasmine	2
jasse	2
jast	2
jastrow	2
jaw	2
jeines	2
jeneivre	2
jenny	2
jenol	2
jer	2
jeschurun	2
jh	2
jigsaw	2
jirons	2
jmprimatur	2
john	2
joindrez	2
joins	2
jomtow	2
jontel	2
journey	2
judaism	2
judentums	2
judge	2
judgment	2
juedische	2
juives	2
jumbo	2
jus	2
jusarme	2
kabalah	2
kamenetsky	2
kanah	2
kaparah	2
kasios	2
kavua	2
kdarkah	2
ke	2
kedushas	2
keith	2
kennedy	2
kerias	2
kesef	2
keshira	2
kesiva	2
kevias	2
keyboard	2
kid	2
kimberly	2
kinos	2
kipur	2
kirchenzeitung	2
kitniyos	2
kiyum	2
kkatan	2
klippdachs	2
kneading	2
knobs	2
knotted	2
knowledge	2
koisher	2
kolel	2
kometz	2
kor	2
koreh	2
korei	2
koseiv	2
koshered	2
kosofsky	2
krimas	2
krit	2
ksav	2
ksivah	2
kugel	2
kugelach	2
kulah	2
kum	2
kumkum	2
kuntres	2
kurrents	2
kyadah	2
labels	2
lacks	2
lain	2
laining	2
lancet	2
lanpe	2
laodicea	2
larjes	2
larva	2
lately	2
laths	2
laundered	2
lavan	2
lavender	2
lawyer	2
laying	2
lazeh	2
lchatchila	2
lchatchilla	2
leah	2
learnt	2
lechem	2
lectica	2
leech	2
leeches	2
leeway	2
lefty	2
leg	2
legged	2
legs	2
lehrbuch	2
leidaso	2
leiserde	2
lemaan	2
lemoisels	2
lemoissel	2
lemons	2
lemosel	2
lemossel	2
lend	2
lenge	2
lengthen	2
lengue	2
leniently	2
lens	2
lentillos	2
lentilos	2
lentres	2
lepra	2
lepsius	2
lesson	2
levana	2
levels	2
levishah	2
lhakel	2
liability	2
libro	2
lichorah	2
lift	2
lighter	2
ligluyei	2
limaz	2
limits	2
linea	2
lish	2
lishmah	2
literal	2
literaturbericht	2
litharge	2
lkayem	2
lkovod	2
lkula	2
lmaaseh	2
lmafreia	2
loc	2
logs	2
lommatzsch	2
lonbels	2
london	2
loosening	2
los	2
lrabanan	2
lrishon	2
lsheni	2
lubke	2
luck	2
luisets	2
lumesels	2
lump	2
lunch	2
lupus	2
luteinizing	2
lutin	2
lxx	2
maayan	2
mac	2
madrins	2
mag	2
magein	2
maggids	2
mahadura	2
mahari	2
maharshal	2
mai	2
maintained	2
maiseles	2
makeh	2
malachi	2
malchus	2
mamosh	2
manager	2
maneh	2
manicure	2
mannheim	2
manual	2
manufacture	2
manufactured	2
manufacturer	2
mar	2
marbled	2
marbles	2
marbre	2
marriageable	2
marrow	2
marrubium	2
marten	2
martrine	2
martrins	2
martyrologium	2
mary	2
mas	2
mase	2
maseches	2
masher	2
maskim	2
maternity	2
maton	2
matted	2
mattress	2
maturity	2
matzoh	2
maulwurf	2
maykil	2
maysah	2
mazur	2
md	2
mdesva	2
mead	2
meaningful	2
meantime	2
meatballs	2
mechanic	2
mechanical	2
mecher	2
mechitzah	2
mecholos	2
mechuyev	2
medethics	2
media	2
mefateh	2
mefer	2
meigus	2
meikil	2
meiloler	2
meintenant	2
meinwestir	2
meio	2
meisel	2
meismes	2
mekalkel	2
mekayem	2
melava	2
melave	2
melba	2
mellitus	2
melmac	2
melocho	2
melons	2
melting	2
memorial	2
memphis	2
menachos	2
menopause	2
mental	2
meravevah	2
merubah	2
mesasek	2
meshaneh	2
met	2
metabolism	2
metade	2
metaken	2
metals	2
meteor	2
methods	2
methotrexate	2
metrorrhagia	2
metzios	2
metzora	2
meurasah	2
mezaneh	2
mezuzah	2
mi	2
michbar	2
michlal	2
micro	2
micromanipulation	2
midei	2
mifkad	2
mikamai	2
mikdash	2
mikva	2
milchamos	2
milchig	2
miluim	2
minced	2
minei	2
minesse	2
minimize	2
minors	2
mire	2
miredoirs	2
misas	2
misconception	2
mishloach	2
mishpat	2
mishpatim	2
missayea	2
mist	2
mistaken	2
misunderstood	2
mitzri	2
mixtures	2
mizrachi	2
mmegier	2
mn	2
mo	2
mobile	2
mochel	2
modle	2
modulus	2
moed	2
moichel	2
mols	2
molse	2
moments	2
monday	2
mood	2
moore	2
morphology	2
mosaisches	2
mosche	2
moschus	2
mosquitoes	2
mostnices	2
motel	2
motility	2
motivation	2
motorcycle	2
motza	2
movement	2
mt	2
mucus	2
mufneh	2
mukas	2
mullerian	2
muscle	2
musically	2
musician	2
muteres	2
myoma	2
naaros	2
nabel	2
nafcha	2
nafka	2
nai	2
nape	2
napkins	2
nasa	2
nasal	2
nasi	2
nat	2
nations	2
nazi	2
ncia	2
nearly	2
nectarine	2
needles	2
neeler	2
negates	2
negligence	2
nei	2
neirus	2
neitz	2
nel	2
neonatal	2
newborn	2
newer	2
nezirus	2
nicht	2
nickel	2
nidche	2
nidrei	2
niece	2
niele	2
nisuin	2
nizhar	2
nj	2
nomen	2
nonchaleir	2
nosches	2
nose	2
notarik	2
notches	2
nov	2
novel	2
novo	2
nr	2
nuggets	2
nuitum	2
null	2
nulla	2
nullified	2
nurses	2
oath	2
oatmeal	2
ob	2
objectionable	2
objections	2
obligates	2
obligations	2
observes	2
obtain	2
occupied	2
ocd	2
ocean	2
ochel	2
oct	2
octave	2
octaves	2
offenders	2
offerings	2
officer	2
official	2
offspring	2
oils	2
oines	2
okrin	2
olds	2
oligomenorrhea	2
oncology	2
online	2
onset	2
operating	2
opfer	2
opferc	2
opfercultus	2
opferkultus	2
opposes	2
orache	2
orah	2
orally	2
oraysa	2
oraysai	2
orchei	2
ordered	2
orels	2
orgalutran	2
organ	2
organizations	2
ori	2
oribensimon	2
orientel	2
originate	2
originated	2
orleans	2
ornament	2
ortoire	2
osereid	2
osier	2
osiers	2
ostoir	2
outcomes	2
ovaries	2
overcome	2
ovitrelle	2
owing	2
owns	2
oxalis	2
oxytocin	2
pacifier	2
packing	2
pads	2
painful	2
pairs	2
pakid	2
palastina	2
paldes	2
palmyra	2
paltur	2
palum	2
pancakes	2
paneach	2
panel	2
panil	2
panim	2
papp	2
parakeet	2
parashah	2
parche	2
parement	2
parent	2
park	2
parrot	2
paskens	2
passageway	2
passer	2
passersby	2
passing	2
passively	2
pastede	2
patched	2
patient	2
patients	2
patish	2
payments	2
peach	2
pearl	2
pearls	2
peck	2
pedal	2
pedoliere	2
peewee	2
peiros	2
peisels	2
peitrail	2
pelede	2
pelege	2
pelegue	2
peletre	2
pelo	2
pencil	2
pendanz	2
penetrating	2
pentateuchs	2
percolator	2
perdix	2
perforation	2
permanently	2
perpendicular	2
persches	2
persuade	2
perush	2
pesantume	2
pesik	2
pesticide	2
pestle	2
pet	2
peter	2
petzua	2
pgam	2
ph	2
pharmatex	2
phasianus	2
photographs	2
photogray	2
photogrey	2
physically	2
pickle	2
pickles	2
picris	2
pigeon	2
pigeons	2
pignus	2
piler	2
pillar	2
pillars	2
pinching	2
pinchos	2
pineapple	2
pink	2
pinworms	2
pircha	2
pirkei	2
pistachios	2
pitchforks	2
pl	2
plaindre	2
plancon	2
plandur	2
planned	2
plaque	2
plasterers	2
pleasures	2
pleindre	2
pleisier	2
pliable	2
pnei	2
pocketpaks	2
podagra	2
podagre	2
poiniant	2
pointing	2
polaroid	2
polite	2
polypropylene	2
pomeils	2
pomis	2
poor	2
popedes	2
poppy	2
populi	2
porcacle	2
poresh	2
porous	2
porpanser	2
porpris	2
porwantront	2
posed	2
posek	2
posel	2
positions	2
posle	2
possessions	2
possibilities	2
postpartum	2
potentially	2
practicing	2
prag	2
prayer	2
precede	2
precedes	2
precisely	2
preference	2
prefix	2
premise	2
presentation	2
presented	2
presume	2
preterm	2
prevention	2
priapism	2
priceless	2
pricks	2
priesthood	2
priests	2
primitiva	2
prince	2
principal	2
prison	2
procedures	2
proceeds	2
processed	2
prodne	2
produces	2
prolactin	2
prominent	2
propose	2
props	2
protecting	2
protection	2
protest	2
proveinier	2
proven	2
provera	2
provoked	2
proximal	2
psik	2
publication	2
publications	2
pudding	2
pulp	2
pumped	2
pumping	2
pumpkin	2
punch	2
punish	2
punishes	2
puregon	2
purple	2
pushes	2
qual	2
quantization	2
quarrel	2
queen	2
questioned	2
questioner	2
quick	2
quickly	2
quiet	2
quill	2
quinoa	2
rabanans	2
rabba	2
rabbanan	2
rabbiner	2
rabdes	2
rabinson	2
raccoon	2
racks	2
radeau	2
radiator	2
radvaz	2
rafi	2
raft	2
raging	2
raincoat	2
raise	2
raisons	2
ramat	2
rambams	2
ramification	2
random	2
randomised	2
range	2
ranper	2
rape	2
rapes	2
raping	2
rash	2
rashbas	2
raspberry	2
rationale	2
ratione	2
rats	2
rayah	2
rc	2
reaction	2
reah	2
realized	2
realizing	2
reassembling	2
rebbes	2
rebecca	2
rebellious	2
receder	2
receiver	2
recent	2
recipe	2
recognizable	2
recognize	2
reconciled	2
recovered	2
recycling	2
reddish	2
redognier	2
redoisier	2
redoissier	2
redonier	2
refaim	2
reflector	2
refraining	2
refusing	2
reheated	2
reiher	2
reims	2
reise	2
reitwage	2
relating	2
relatively	2
reliable	2
relied	2
relies	2
remarries	2
remember	2
remembrance	2
removable	2
render	2
rendering	2
renowned	2
rented	2
repair	2
repairing	2
repealed	2
repeat	2
repeating	2
replacement	2
reports	2
representatives	2
representing	2
represents	2
repulsive	2
requesting	2
res	2
resemble	2
reshaim	2
reshei	2
residual	2
residue	2
resolution	2
resonance	2
respective	2
respects	2
respond	2
responded	2
responsa	2
responsibilities	2
restore	2
restrictions	2
retain	2
retainers	2
retina	2
retracted	2
retreire	2
retroactive	2
reusable	2
reuse	2
rev	2
reverse	2
revised	2
rez	2
rhythmic	2
richard	2
rightfully	2
rikkudim	2
rinsing	2
ripping	2
riva	2
rivash	2
rivieres	2
rivka	2
roasted	2
robin	2
rodonier	2
roise	2
rollerblading	2
ronces	2
root	2
rope	2
roped	2
roshem	2
routine	2
rp	2
ru	2
ruach	2
ruba	2
rubiks	2
ruby	2
rulings	2
sachs	2
sacr	2
sacrifices	2
saddles	2
sakanah	2
salchich	2
sals	2
salting	2
saluder	2
salz	2
samson	2
sancterude	2
sanctified	2
sanies	2
sansue	2
sansues	2
santo	2
saran	2
sarcoma	2
saroc	2
sarroc	2
sarta	2
sartes	2
satisfactory	2
sauer	2
sauna	2
saur	2
saved	2
saving	2
scabs	2
scale	2
scarf	2
scent	2
scheduled	2
schenkel	2
schmaltz	2
schr	2
scrape	2
scream	2
screws	2
scribble	2
seal	2
seas	2
seat	2
seated	2
secure	2
seduced	2
seek	2
seide	2
seies	2
seiniment	2
seirah	2
sele	2
selected	2
selichos	2
selling	2
semen	2
send	2
sends	2
sens	2
sensation	2
sensitivities	2
separates	2
sept	2
serez	2
seriously	2
seront	2
servant	2
servants	2
settings	2
seu	2
sevaros	2
sewage	2
shaatnez	2
shach	2
shaddai	2
shadow	2
shailos	2
shaitel	2
shalosh	2
shamais	2
shaping	2
sharpened	2
sharpening	2
shechinah	2
sheeino	2
shein	2
sheker	2
shell	2
shelves	2
shemelachto	2
shemilachto	2
sheniyos	2
sheretz	2
shev	2
sheyarei	2
sheyesh	2
shim	2
shinu	2
shita	2
shitos	2
shittah	2
shittos	2
shivah	2
shlishi	2
shlo	2
shmattas	2
shmeisu	2
shmiras	2
shnisgayer	2
shnolad	2
shoelace	2
shop	2
shorten	2
shotah	2
shoveling	2
shovels	2
shrunk	2
shtar	2
shuls	2
si	2
sickle	2
siddur	2
sieve	2
sifrei	2
sifri	2
sift	2
signature	2
signing	2
silber	2
silverstone	2
siman	2
similary	2
simile	2
simulate	2
sincerely	2
sine	2
singed	2
sinks	2
sins	2
sirbonis	2
sixteen	2
skateboarding	2
sked	2
skink	2
slated	2
slaughtering	2
sledding	2
sleek	2
slides	2
sliding	2
slipknot	2
sloe	2
slots	2
smaragd	2
smears	2
snakes	2
snapping	2
sneeze	2
snood	2
snowman	2
snuff	2
sock	2
socket	2
sof	2
soil	2
solar	2
soldure	2
solive	2
solz	2
sonntag	2
sorb	2
sorbier	2
sore	2
sorrel	2
sorts	2
sospecier	2
sounding	2
spain	2
sparrow	2
spear	2
specially	2
specified	2
spell	2
spelled	2
spent	2
spermatogonial	2
spermicide	2
spike	2
spills	2
spiral	2
spoil	2
spoken	2
sponge	2
spotted	2
spotting	2
sprays	2
sprinkle	2
sprinkler	2
sprinklers	2
squash	2
sry	2
ssch	2
stable	2
stadiums	2
stain	2
stained	2
stalks	2
standards	2
starling	2
static	2
station	2
statistics	2
stickel	2
sticker	2
stickers	2
stillborn	2
stillborns	2
stilt	2
stimulate	2
stimulates	2
sting	2
stinging	2
stipulation	2
stoma	2
stoning	2
stopping	2
stored	2
storm	2
stormy	2
stra	2
straining	2
strand	2
strands	2
stretches	2
strict	2
strictly	2
stringently	2
strokes	2
stud	2
studienu	2
studies	2
stuffed	2
subjects	2
submits	2
subsequent	2
substances	2
suffers	2
summa	2
summary	2
sundown	2
sung	2
super	2
superior	2
supine	2
suppl	2
supported	2
supporter	2
supra	2
sur	2
surcot	2
surely	2
surie	2
surrounds	2
survey	2
surviving	2
susim	2
suspected	2
suspenders	2
suspicious	2
swallowed	2
swallowing	2
swatter	2
sway	2
swearing	2
sweetened	2
symb	2
symbolic	2
syrian	2
systems	2
sz	2
tablecloths	2
tachas	2
tache	2
tachtav	2
tactic	2
taharah	2
taineh	2
talasim	2
talemasje	2
talionis	2
talmudic	2
talon	2
tamid	2
tampon	2
tannaim	2
tastes	2
taus	2
tavo	2
teachers	2
tearing	2
techilas	2
teenagers	2
tefach	2
teffilin	2
tefirah	2
tefna	2
tegaderm	2
tehilim	2
teigne	2
teiles	2
teinie	2
tel	2
tenalie	2
tendit	2
tendon	2
tendront	2
tends	2
terumos	2
tese	2
tested	2
teves	2
tevilas	2
texts	2
thanking	2
theben	2
theirs	2
theriake	2
thermos	2
theyavam	2
thistle	2
thistles	2
thorn	2
thorns	2
threatening	2
threshing	2
tilla	2
tintiner	2
tirchak	2
tired	2
title	2
toasted	2
tobler	2
toch	2
toddler	2
tofel	2
tofer	2
toi	2
toilets	2
toivel	2
ton	2
tonight	2
torbeil	2
torbeilon	2
torture	2
tosafas	2
tosefos	2
toser	2
toshav	2
tosser	2
tovel	2
toys	2
tragedy	2
trailer	2
transcervical	2
transgresses	2
transgressions	2
translated	2
transplant	2
transpose	2
transposing	2
traped	2
trash	2
traveling	2
trei	2
tremble	2
tres	2
trial	2
trichomonas	2
troches	2
trough	2
truly	2
trumpet	2
trustworthiness	2
ts	2
tsh	2
ttc	2
tte	2
tubs	2
tudels	2
tuning	2
turdus	2
tuvia	2
twelfth	2
typhon	2
typically	2
tzaar	2
tzafnas	2
tziruf	2
tzitz	2
tzitzit	2
tzovaya	2
tzovea	2
tzurah	2
tzvi	2
ula	2
ultrasound	2
uma	2
un	2
unacceptable	2
uncertain	2
uncle	2
uncooked	2
underside	2
undone	2
une	2
unequivocally	2
unfaithful	2
unintentionally	2
unit	2
units	2
unmarried	2
unmodified	2
unsalted	2
untie	2
untied	2
unwilling	2
uphold	2
upside	2
urge	2
urinary	2
urspruengliche	2
urticas	2
user	2
utilizes	2
utrei	2
uvda	2
vaaseh	2
vaccination	2
vachos	2
valede	2
validity	2
vamp	2
vaner	2
vaporizer	2
variety	2
vasah	2
vaseline	2
vav	2
vbac	2
vechad	2
vegetarian	2
veins	2
velocity	2
venice	2
vent	2
verbal	2
verifying	2
vermouth	2
vessie	2
vestibule	2
vestibulitis	2
vestibulodynia	2
vetch	2
vha	2
vibratory	2
vict	2
vida	2
views	2
vines	2
vinyl	2
violated	2
violating	2
vires	2
vis	2
vision	2
visit	2
vitriol	2
vivo	2
vnasan	2
vocal	2
void	2
volkes	2
volter	2
voluntarily	2
von	2
vows	2
vulva	2
vulvar	2
wadi	2
wafer	2
wagtail	2
waip	2
waiter	2
wake	2
walede	2
walnuts	2
wasabi	2
waves	2
wean	2
wearer	2
weber	2
wed	2
wedelure	2
wedilies	2
weed	2
weekdays	2
wesie	2
whats	2
wheels	2
whip	2
whisky	2
whoever	2
wichtigsten	2
width	2
wien	2
wikipedia	2
winch	2
windex	2
windows	2
winds	2
winer	2
wiping	2
wire	2
wires	2
wished	2
wissenschaftl	2
withering	2
witloof	2
wolter	2
wondered	2
worked	2
worries	2
worship	2
worshipping	2
wos	2
wostre	2
wrapper	2
wu	2
xe	2
xxxix	2
ya	2
yaaleh	2
yadah	2
yadim	2
yado	2
yadrim	2
yael	2
yafa	2
yaffen	2
yam	2
yarmulke	2
yashen	2
yechateh	2
yechezkel	2
yemi	2
yerei	2
yereim	2
yesera	2
yeshayah	2
yeshivah	2
yibu	2
yidden	2
yiras	2
yitchak	2
yochai	2
yochanans	2
yoels	2
yolk	2
yonah	2
yosey	2
youre	2
yours	2
yyeshol	2
zangwill	2
zarim	2
zechiros	2
zeiri	2
zeitchrift	2
zimun	2
zip	2
zirmas	2
zirmasam	2
zizith	2
zlotowitz	2
zoely	2
zohar	2
zone	2
zoreah	2
zum	2
zygote	2
aaaa	1
aacier	1
aaron	1
aatine	1
abayay	1
abbaros	1
abbreviated	1
abdemon	1
abdemunos	1
abhabdlung	1
abhorred	1
abhorrent	1
abhors	1
ablaze	1
abnormal	1
abnormalities	1
aboater	1
abolish	1
abolishing	1
abon	1
aborisement	1
aborted	1
abortion	1
abracier	1
abri	1
abruption	1
abschnitte	1
absent	1
absol	1
absolute	1
absorb	1
absorbent	1
absorbs	1
abstaining	1
abu	1
abvffvnfb	1
abwenden	1
acacia	1
academic	1
academy	1
acc	1
access	1
accessory	1
accident	1
accidentale	1
accidently	1
accidents	1
accipiter	1
accommodation	1
accompanied	1
accomplish	1
accomplishes	1
accomplishing	1
accountant	1
accoutrements	1
accreta	1
accumulation	1
accused	1
accusing	1
ace	1
acellular	1
acetate	1
acha	1
achaleir	1
achalveisas	1
achareha	1
achashveirosh	1
achieve	1
achievement	1
achiezer	1
achilles	1
achizah	1
achosah	1
achovas	1
achreyus	1
achrona	1
achronah	1
acidity	1
acknowledged	1
acne	1
acoilid	1
acolirer	1
acopez	1
acoveter	1
acquiescence	1
acre	1
acroper	1
acropid	1
across	1
activated	1
activates	1
actors	1
actuality	1
adamant	1
adamantane	1
adami	1
adar	1
adarmant	1
adas	1
addax	1
addendum	1
addressing	1
adduce	1
adduces	1
adeguato	1
aden	1
adenine	1
adenomyosis	1
adequate	1
adequately	1
aderes	1
adesmei	1
adesmerent	1
adhere	1
adifah	1
adjacens	1
adjacent	1
adjumeu	1
adjunctive	1
adjust	1
adjustment	1
adler	1
adm	1
administrator	1
admiracion	1
admision	1
admission	1
admitted	1
admitting	1
adolf	1
adomo	1
adoni	1
adormecidos	1
adrian	1
adschrud	1
adulterers	1
adulthood	1
adumah	1
advance	1
advandage	1
advantages	1
adverse	1
advising	1
advisory	1
adyta	1
ae	1
aegyptem	1
aelaniticus	1
aerogram	1
aerosol	1
aery	1
aesthetically	1
aestus	1
afeitiant	1
afeitied	1
afeitiedes	1
afeitiee	1
afeitiez	1
affecting	1
affection	1
affiliate	1
affixed	1
affordably	1
afforded	1
affront	1
afibng	1
afiches	1
afichiede	1
afichiel	1
afkinon	1
aflestrimant	1
aflestriment	1
afodrer	1
aforementioned	1
afosez	1
africa	1
afrikie	1
aftershock	1
afublail	1
afubleil	1
afublement	1
afubleure	1
agaceront	1
agadah	1
agala	1
aged	1
ageing	1
agencies	1
agenesis	1
agerushin	1
agglutination	1
aggravation	1
agitated	1
agonist	1
agora	1
agotedors	1
agotedures	1
agradando	1
agricultural	1
agriculture	1
agrippa	1
agud	1
agudes	1
aguile	1
aguilonez	1
aguisiedes	1
aguisier	1
aguisiez	1
aguison	1
agul	1
agula	1
agunah	1
agyonlottek	1
ahavas	1
ahead	1
ahmes	1
aibor	1
aigle	1
aigres	1
aih	1
ailov	1
aimdors	1
ain	1
ainda	1
aineront	1
ains	1
aiqm	1
airlines	1
airspaces	1
aisances	1
aishel	1
aisle	1
aisse	1
aisseles	1
ajkfr	1
ajostas	1
ajostemenz	1
akhselag	1
akiendre	1
akin	1
akira	1
akov	1
akriman	1
akropolis	1
alant	1
alarms	1
alaschianz	1
alaschias	1
alaude	1
alaun	1
alba	1
albedinem	1
albedo	1
albedre	1
albicans	1
albodeca	1
albuginea	1
ale	1
alecha	1
alectoris	1
alegoria	1
aleine	1
aleines	1
alemele	1
alesandrie	1
alex	1
algorithms	1
algu	1
alhamon	1
alien	1
alignment	1
aliniant	1
aljama	1
alleged	1
allen	1
allex	1
alligator	1
allingresso	1
allocates	1
allomany	1
alloy	1
alloys	1
alludes	1
almon	1
almond	1
alnedis	1
alnus	1
alongiede	1
alongside	1
alpine	1
alps	1
alshaker	1
altars	1
alte	1
alten	1
altered	1
altering	1
altern	1
alternate	1
alters	1
alterthumer	1
alth	1
alttest	1
alttestamantliche	1
alttestamen	1
alttestament	1
alttestamentliche	1
alttetest	1
alumina	1
aluntis	1
alwes	1
amadot	1
amah	1
amaleik	1
amalgamate	1
amanevement	1
amanevide	1
amanewement	1
amanewide	1
amaranth	1
amasa	1
amaser	1
amasis	1
amasment	1
amasser	1
ambam	1
ambas	1
amboy	1
ambruz	1
ameisnier	1
amend	1
amendlier	1
amenestreison	1
amenorrhea	1
amenstrsion	1
amenuisiez	1
amerah	1
ametment	1
ametra	1
ametre	1
amici	1
amid	1
amim	1
amis	1
amiso	1
amistied	1
ammonia	1
ammoniaco	1
amnbtxroaaaaasuvork	1
amnionitis	1
amnon	1
amodler	1
amolas	1
amoller	1
amonceled	1
amoni	1
amontra	1
amor	1
amora	1
amortadir	1
amortides	1
amosis	1
amounts	1
ampfer	1
amphiaraus	1
amplamente	1
amplificacion	1
amplifiers	1
amri	1
amrom	1
ams	1
amsa	1
amue	1
amulet	1
amulets	1
amuslment	1
ana	1
anaclet	1
anadiplosis	1
anaf	1
analyses	1
anans	1
anaphrodisiac	1
anatolien	1
anaw	1
ancestors	1
anchors	1
anciens	1
ancillae	1
ancinier	1
ancres	1
anderson	1
andes	1
andi	1
andioplast	1
andois	1
andrea	1
androcur	1
androl	1
andsefardim	1
anels	1
anencephaly	1
aneth	1
aneto	1
aneuploidy	1
anew	1
angels	1
angile	1
anguille	1
anima	1
animosity	1
aninus	1
anis	1
anjou	1
anklets	1
anmliitrwge	1
ann	1
annabelle	1
annalen	1
anniversary	1
annlullification	1
annlus	1
anno	1
announcing	1
annoyance	1
annu	1
annually	1
annul	1
annullification	1
annulment	1
anomaly	1
anorchia	1
ans	1
ansd	1
anses	1
antacids	1
antenas	1
antenes	1
anterin	1
anthony	1
anthus	1
anticipacion	1
anticipates	1
antidote	1
antienes	1
antiers	1
antigen	1
antiocheis	1
antipatres	1
antisemitic	1
antitesis	1
antoninus	1
antonomasia	1
ants	1
anuier	1
anvil	1
anxiety	1
ao	1
aorostomih	1
ap	1
apandis	1
apareilier	1
apareilment	1
apartenement	1
ape	1
apenas	1
aperceveir	1
apercevront	1
apercui	1
apercut	1
apex	1
apfer	1
apion	1
apitropus	1
apje	1
aplanisement	1
aplastre	1
aplastredes	1
aplastrement	1
apologize	1
apologizes	1
apoptosis	1
aposer	1
apostasy	1
apostata	1
apostate	1
apostates	1
aposted	1
apostez	1
apostiz	1
apostrofe	1
apotropaioi	1
apotropos	1
apotropus	1
appeared	1
appendage	1
appetite	1
applesauce	1
applicability	1
applicator	1
appoint	1
appreciable	1
appreciated	1
appreciates	1
approached	1
approaches	1
apr	1
aprenant	1
aprenei	1
apres	1
aprestei	1
apricarius	1
april	1
aprisier	1
apropos	1
aprovender	1
aps	1
apuleius	1
aquele	1
ara	1
arabisch	1
aragest	1
aragon	1
arah	1
arai	1
aram	1
aramaic	1
ararat	1
aratori	1
aravnah	1
aravus	1
arbeh	1
arbeiten	1
arbel	1
arboris	1
arce	1
archaeology	1
archaologe	1
archeol	1
archer	1
arches	1
archijudex	1
architect	1
archive	1
arcs	1
arcuballistra	1
arcvolt	1
arcwolt	1
ardeficie	1
ardoise	1
ardre	1
ardura	1
areas	1
arel	1
arenga	1
arester	1
arete	1
arev	1
argued	1
arielli	1
aries	1
aririm	1
arisen	1
arising	1
arizals	1
arktomys	1
arme	1
armedures	1
armeire	1
armeise	1
armer	1
armoire	1
armpit	1
armrest	1
armures	1
arneise	1
arneize	1
arnon	1
arok	1
aromates	1
aronovitz	1
arouse	1
arrangements	1
arranges	1
arranging	1
array	1
arrhes	1
arriere	1
arroi	1
arsez	1
arsuserfiles	1
arteficie	1
artemisia	1
artery	1
artey	1
articolo	1
artikel	1
artist	1
artwork	1
arukh	1
arum	1
arur	1
arusahs	1
arvensis	1
arvolud	1
arwolud	1
arwoluz	1
asad	1
asafedita	1
asara	1
asbaniement	1
ascertain	1
ascribes	1
aseijede	1
aseijedes	1
aseneil	1
aserymos	1
asez	1
asham	1
ashiri	1
ashkelon	1
asi	1
asiat	1
asiees	1
asier	1
asis	1
asmachta	1
asoajier	1
asofrirlui	1
asovid	1
asoviz	1
asp	1
asparagusses	1
aspect	1
aspects	1
asphyxiation	1
asprele	1
aspx	1
asrm	1
asru	1
assa	1
assatura	1
assembled	1
asseoir	1
asserted	1
assessing	1
assessment	1
assets	1
assia	1
assigned	1
assiomatico	1
assist	1
assistant	1
assival	1
associate	1
assumaculum	1
assumptions	1
assure	1
assurs	1
assyriennes	1
astele	1
astonished	1
astor	1
astr	1
astragalus	1
astre	1
ata	1
atah	1
ataine	1
atenter	1
atenvir	1
athamanticum	1
atifa	1
atifah	1
atifas	1
atlanta	1
atlantic	1
atolis	1
atoms	1
atonement	1
atop	1
atordiz	1
atramentum	1
atreiras	1
atreirei	1
atreit	1
atriplex	1
atrophy	1
attachment	1
attachments	1
attains	1
attempting	1
attends	1
attentively	1
attesto	1
atthides	1
attracted	1
attributed	1
atxfvpgd	1
atzbani	1
atzmchah	1
aube	1
aubeidre	1
auerbachs	1
auerbuch	1
auerhahn	1
aufsatz	1
aug	1
auglentuer	1
augur	1
augustus	1
ault	1
aunas	1
aune	1
aunts	1
auqbr	1
aurel	1
aurelie	1
aurelius	1
aurora	1
ausland	1
ausonia	1
aussatz	1
austicola	1
autarkes	1
auth	1
authentie	1
authored	1
authorized	1
authors	1
autism	1
automated	1
autopsy	1
autotransplantation	1
autour	1
auxiliary	1
ava	1
aval	1
avaliamos	1
avaner	1
avar	1
avdecha	1
avdei	1
avdus	1
ave	1
avec	1
aved	1
aveir	1
aveirement	1
aveiros	1
avelim	1
avenir	1
averirah	1
avers	1
aviasaf	1
avicebron	1
aviha	1
avion	1
avis	1
avnei	1
avoda	1
avodim	1
avoiding	1
avoids	1
avoseinu	1
avot	1
avreichim	1
avrez	1
avulsion	1
aweir	1
awenture	1
awn	1
awoie	1
awoier	1
awoiereie	1
axes	1
ayn	1
ayw	1
az	1
azarah	1
azhara	1
azil	1
azione	1
azmi	1
azpksphuiqiqm	1
azriel	1
azulai	1
azur	1
baacxjwv	1
baamito	1
babies	1
babylon	1
babylonia	1
babysense	1
babysitter	1
bach	1
bachavei	1
bachaveiro	1
bachelor	1
bachman	1
bachurim	1
bachutz	1
bacin	1
bacitracin	1
backed	1
backing	1
backup	1
bacteria	1
bacterial	1
badanz	1
badatz	1
badete	1
badly	1
baentsch	1
baer	1
bagel	1
bagrut	1
bah	1
bahen	1
bahr	1
bai	1
baie	1
bait	1
baixo	1
baker	1
bakers	1
baki	1
bakol	1
bakoret	1
bakum	1
baladan	1
balah	1
balak	1
balas	1
balbazeros	1
balbe	1
balbo	1
baldemonie	1
bale	1
baleazaros	1
baleste	1
ballad	1
ballistra	1
balneariae	1
balsamiren	1
balsamo	1
bam	1
bamav	1
bamecha	1
banane	1
bandit	1
bane	1
bang	1
banitt	1
bankruptcy	1
baolamo	1
baptism	1
barbara	1
barbaste	1
barbasto	1
barbastro	1
barde	1
bardon	1
barefooted	1
barena	1
bargeinie	1
bari	1
bark	1
barkai	1
barleys	1
barned	1
barrels	1
barrier	1
barthenu	1
bartolucci	1
baruch	1
barur	1
barus	1
barzel	1
basal	1
basement	1
bases	1
basinet	1
baskets	1
bassett	1
basswood	1
bast	1
baste	1
bastels	1
bastion	1
bastonade	1
bastons	1
batant	1
batch	1
batdure	1
bateman	1
batez	1
bath	1
bathhouse	1
bathing	1
bathrooms	1
bathtub	1
batud	1
batudes	1
baudissin	1
bavera	1
bavliim	1
bavlis	1
bbq	1
bbt	1
bchaburah	1
bchaveiro	1
bddami	1
bdismissal	1
bdrabah	1
beach	1
beachball	1
beads	1
bearas	1
beard	1
bearer	1
beatboxing	1
beatings	1
beatus	1
beautification	1
beautifully	1
beauty	1
beavers	1
bechedures	1
bechor	1
bechte	1
becker	1
bedaine	1
bedavka	1
bedref	1
bedrooms	1
beeds	1
beeswax	1
beffroi	1
begadim	1
begged	1
begue	1
behandelnden	1
behatzlacha	1
behaving	1
behavior	1
beholden	1
beinaihu	1
beischa	1
beitr	1
beitzim	1
bekiin	1
bekisnin	1
belara	1
belch	1
believing	1
belly	1
belosi	1
beltsville	1
bema	1
bemokom	1
bemtza	1
bending	1
bendira	1
beneath	1
benefiting	1
benefitting	1
beneistre	1
bentonite	1
benzocaine	1
bepatish	1
bequeathed	1
berachot	1
beraitta	1
berceau	1
berches	1
bercol	1
berebbi	1
berfred	1
berias	1
berin	1
berkovitz	1
berl	1
berlenburger	1
berlin	1
berliners	1
bernard	1
bersedor	1
berta	1
berthau	1
bertholet	1
bervah	1
beryl	1
beryllon	1
besace	1
besagude	1
besamim	1
besatice	1
beseirah	1
besloncs	1
bestimmt	1
besulos	1
bete	1
betee	1
beth	1
bethj	1
bethlehem	1
betulah	1
betulua	1
betum	1
betzalels	1
betziah	1
beve	1
bever	1
beverages	1
beveria	1
bevhixcb	1
bevrons	1
bewaffnung	1
beware	1
beyad	1
beyqcnkuefioi	1
bezras	1
bg	1
bgidulei	1
bgittin	1
bh	1
bhattachirya	1
bheter	1
bht	1
bhuawtfwzzmmbhs	1
bi	1
biala	1
bibellex	1
bibellexic	1
bibellexicon	1
bibeltext	1
biberon	1
biblioeca	1
biblische	1
bidding	1
bidieved	1
bien	1
bienenfresser	1
biere	1
bietr	1
bifida	1
bigdei	1
biggest	1
biking	1
bikur	1
bikurim	1
bilbeis	1
bilbellexicon	1
bildung	1
binyomin	1
bio	1
biol	1
biomedicine	1
biophysical	1
biotics	1
bircas	1
bisam	1
bise	1
bishop	1
bithinia	1
biti	1
bitmiya	1
bitr	1
bittles	1
bittul	1
biumen	1
biyun	1
biyur	1
bj	1
bk	1
bkach	1
bkatan	1
bkenas	1
bkisnin	1
blach	1
blackberry	1
blackboard	1
blacken	1
blackened	1
blackness	1
blades	1
blading	1
blame	1
blanc	1
blanch	1
blanchard	1
bland	1
blanjes	1
blasphemes	1
blastanjierent	1
blatant	1
blau	1
blaustein	1
bledas	1
bledes	1
bleed	1
bleeding	1
bleek	1
blend	1
blending	1
blennorrhoea	1
blesser	1
blessing	1
bletlech	1
bleu	1
blighted	1
blind	1
blindschleiche	1
blinkers	1
blister	1
blitus	1
bliyos	1
bloom	1
blos	1
bloses	1
bloss	1
blotting	1
blowdryer	1
blown	1
blows	1
blueprints	1
blues	1
bluetooth	1
blunting	1
blur	1
bmachlokes	1
bmaga	1
bmayim	1
bmezid	1
bmrn	1
bnai	1
bnlackening	1
bnukmyc	1
boarded	1
bobastis	1
bocaj	1
bockhirsch	1
bockshornkraut	1
bocle	1
boclers	1
bodekes	1
bodelcrestanje	1
bodies	1
boel	1
bogeret	1
bohel	1
boiel	1
boilant	1
boilent	1
boiler	1
boiles	1
bolamo	1
bold	1
bolge	1
boljole	1
bolts	1
bomba	1
bombum	1
bome	1
bona	1
books	1
bookshelf	1
boots	1
borai	1
borboles	1
borderline	1
boredom	1
borekas	1
borin	1
borisement	1
borrow	1
borrowed	1
bosom	1
boszor	1
boszormeny	1
bote	1
boter	1
botin	1
botnim	1
bottled	1
botz	1
boudin	1
boule	1
bouleau	1
boulin	1
boundaries	1
bounds	1
bouquet	1
bovier	1
boviers	1
bowel	1
bowls	1
bowman	1
boys	1
bpd	1
bpp	1
bracho	1
bracier	1
braciere	1
brackets	1
brahe	1
brahin	1
braitta	1
brake	1
brakes	1
brambling	1
bramors	1
branche	1
branching	1
brand	1
branded	1
brands	1
brandy	1
branje	1
brant	1
bras	1
braslau	1
braten	1
braun	1
braussl	1
brazilian	1
brazils	1
breadwinners	1
breakfront	1
breathings	1
brebbi	1
brechen	1
breiede	1
breira	1
breirah	1
brer	1
breslau	1
breslauer	1
brew	1
bribe	1
bribia	1
bride	1
bridge	1
bridges	1
bridle	1
bright	1
brighten	1
brighter	1
brim	1
brimful	1
brissel	1
brita	1
britler	1
brivia	1
broce	1
broces	1
broches	1
brocho	1
brocon	1
broist	1
broke	1
bronie	1
bronze	1
brooch	1
brook	1
brooms	1
broomstick	1
brothe	1
brov	1
broviac	1
brownie	1
bruceblaus	1
bruderschaft	1
bruir	1
brunette	1
brura	1
brurah	1
brushed	1
brushing	1
brusler	1
brust	1
brutally	1
bruxel	1
bshas	1
bsheas	1
bshev	1
bshiurim	1
bshiurum	1
bsi	1
bsocie	1
bsof	1
btalmud	1
btechilah	1
bth	1
btoleh	1
bu	1
bua	1
buce	1
bucket	1
bugs	1
builders	1
bulge	1
bulgings	1
bulk	1
bunei	1
bunim	1
buowsrumvretxv	1
bur	1
burden	1
buretel	1
burial	1
burns	1
burp	1
buses	1
bushes	1
bustard	1
butchers	1
butlah	1
butler	1
buttle	1
bv	1
bvas	1
bvly	1
byefas	1
byehudahs	1
byzantine	1
bznus	1
bzrqft	1
cacons	1
cada	1
caepa	1
caesarea	1
cafe	1
cafete	1
caffine	1
cagouyon	1
cah	1
caje	1
cajus	1
calandra	1
calateres	1
calcaneum	1
calceus	1
calcium	1
calculate	1
calculated	1
calculation	1
calculator	1
calendar	1
calf	1
calico	1
california	1
caliga	1
caline	1
calligraphy	1
callinicus	1
callirrkoe	1
calogero	1
calories	1
caminho	1
campanario	1
camphor	1
canaanites	1
candela	1
candelabrums	1
candelsticks	1
candida	1
candidate	1
candidiasis	1
candies	1
caneler	1
canna	1
cannabis	1
cantaloupes	1
canteen	1
cantineli	1
cantolope	1
canus	1
canvas	1
canyon	1
capacity	1
capitaine	1
capitolium	1
cappadocia	1
cappero	1
capsa	1
capsules	1
captions	1
cardboard	1
cardiomyopathy	1
cares	1
carex	1
carfor	1
cargo	1
carob	1
carole	1
carolus	1
carpeting	1
carried	1
caryophyllon	1
cas	1
casamento	1
castile	1
casuistic	1
cat	1
catachresis	1
catalog	1
catalogue	1
catarrh	1
catching	1
cater	1
catering	1
caterpillar	1
catgut	1
cath	1
caucain	1
causa	1
cautions	1
cave	1
cavernosum	1
cbt	1
ccc	1
cdai	1
cdb	1
cdt	1
cebola	1
cedronus	1
cedrus	1
ceiling	1
cel	1
cele	1
celebration	1
celed	1
celiac	1
cels	1
cemetery	1
cendpids	1
cenfoil	1
cengles	1
cenile	1
censier	1
cent	1
centenier	1
centeniers	1
centers	1
centipede	1
centrum	1
cepiere	1
ceramics	1
cerazette	1
cerebral	1
cerfoil	1
cerge	1
cerkiew	1
cerner	1
cerpua	1
certification	1
certified	1
ces	1
cest	1
cgg	1
chabulon	1
chadashim	1
chaeremon	1
chafe	1
chaffinch	1
chafifa	1
chag	1
chagi	1
chagigah	1
chailet	1
chailos	1
chain	1
chal	1
chalcei	1
chalces	1
chalchier	1
chalcies	1
chald	1
chaldaika	1
chaleir	1
chalemel	1
chalemles	1
chalfez	1
chalice	1
chalitza	1
chalitzas	1
chalitzos	1
chalk	1
challahs	1
challis	1
chalon	1
chalongier	1
chalusa	1
chalut	1
chalz	1
chama	1
chamam	1
chambers	1
chambre	1
chamudei	1
chamur	1
chanbrediz	1
chanbres	1
chanevaz	1
chanp	1
chanpanue	1
chanve	1
chapels	1
chapstick	1
characteres	1
charadrius	1
charakteristik	1
charamim	1
charas	1
charashim	1
charax	1
charbon	1
charcoals	1
chardeneil	1
chardenel	1
chardenels	1
chardon	1
chareidediz	1
charete	1
charged	1
charges	1
charigles	1
charleroi	1
charn	1
charnu	1
charogne	1
charsins	1
charts	1
charuede	1
charufa	1
charufah	1
chas	1
chase	1
chased	1
chashash	1
chashiv	1
chasid	1
chasidus	1
chasne	1
chason	1
chassan	1
chasse	1
chassidim	1
chassidish	1
chassidus	1
chastenie	1
chasuna	1
chasunah	1
chat	1
chatchilah	1
chatchilla	1
chatei	1
chatons	1
chatzitzah	1
chauldron	1
chauss	1
chaver	1
chavero	1
chavrin	1
chaya	1
chayas	1
chayim	1
chaziza	1
chazoras	1
che	1
checked	1
checker	1
checklist	1
cheder	1
cheek	1
cheesecake	1
cheesed	1
chef	1
cheftain	1
cheftenir	1
cheftzei	1
chefzecha	1
cheilek	1
cheines	1
chelenete	1
chelev	1
chelkat	1
chema	1
chemin	1
chemotherapy	1
chenel	1
chenelete	1
cheneleus	1
chenelevs	1
chenels	1
cheneve	1
chenile	1
chermei	1
chern	1
chervil	1
chesbon	1
cheshbonos	1
cheshek	1
chesnes	1
chesron	1
chest	1
cheteinz	1
chevalchie	1
chevedure	1
chevez	1
chevra	1
chevrons	1
chew	1
chibuk	1
chica	1
chicago	1
chicas	1
chiche	1
chickin	1
chidah	1
chidka	1
chidushim	1
chienes	1
childbirth	1
childearing	1
childlessness	1
chiloiny	1
chimique	1
chinam	1
chirba	1
chisaron	1
chisda	1
chisellike	1
chisoron	1
chiyahs	1
chiyas	1
chiyuvei	1
chizkiyah	1
chizkuni	1
chizkunis	1
chlamydia	1
chlorinated	1
chlorine	1
chloris	1
chochom	1
choe	1
choila	1
choileh	1
choilei	1
choilim	1
chole	1
choletz	1
cholim	1
cholov	1
chomer	1
chonantanu	1
chopper	1
choppers	1
chopping	1
chords	1
chore	1
chores	1
chorif	1
chorigon	1
choriner	1
chosanto	1
chosel	1
chosen	1
choshen	1
choucas	1
chouette	1
chovas	1
chovel	1
chozon	1
chrdenel	1
chris	1
chrome	1
chromosomal	1
chronologische	1
chshash	1
chtz	1
chu	1
chudeda	1
chue	1
chukas	1
chullin	1
chumras	1
churning	1
chv	1
cia	1
cialis	1
cicer	1
cider	1
cigogne	1
ciliary	1
cima	1
cimidona	1
cimols	1
cin	1
cincele	1
cinceles	1
circa	1
circles	1
circomlocucion	1
circumcise	1
circumcision	1
circumvented	1
circumventing	1
cis	1
cisterna	1
cisterne	1
cistus	1
citibank	1
cities	1
citrinella	1
citron	1
citrus	1
civilis	1
ck	1
ckblickst	1
claimed	1
clair	1
clapping	1
clarified	1
clarifies	1
clark	1
clasped	1
classic	1
classifications	1
classify	1
classroom	1
clays	1
cleanse	1
cleave	1
cleide	1
clementi	1
clepsydra	1
cleric	1
clericalis	1
clers	1
clever	1
cleverly	1
clicks	1
cliens	1
client	1
clients	1
clin	1
clina	1
cloes	1
clofichier	1
cloistre	1
clomiphene	1
cloning	1
closest	1
closez	1
closings	1
clostro	1
clot	1
cloudy	1
clove	1
cloven	1
cloves	1
clue	1
clustered	1
clutch	1
cm	1
cma	1
cmetos	1
cmust	1
cn	1
cnanpanies	1
cnffth	1
cnntn	1
coagulated	1
cobalt	1
cobblers	1
coccodrillo	1
coccygeous	1
coches	1
cochet	1
cochleare	1
cochrane	1
cockroach	1
cocks	1
cocoban	1
cocombres	1
coconuts	1
codifier	1
coelebes	1
coelocentesis	1
cog	1
cogent	1
cognac	1
cognitive	1
cohabitate	1
cohabitation	1
cohen	1
cohens	1
coil	1
coiles	1
coinions	1
coiuprxz	1
coke	1
colchicus	1
coledoire	1
colee	1
colire	1
colitis	1
collaborative	1
collage	1
collapse	1
collare	1
colleague	1
collected	1
collection	1
collections	1
collectively	1
colomel	1
colonbins	1
colonies	1
colorings	1
colorless	1
colossal	1
colostomy	1
colostrum	1
colour	1
colposcopy	1
coma	1
comandies	1
comandreie	1
combers	1
combes	1
combinations	1
comencant	1
comfort	1
comfortably	1
comforted	1
cominciando	1
commanding	1
commands	1
commences	1
commend	1
commentar	1
commentare	1
commenting	1
commiphora	1
commonplace	1
commons	1
communicate	1
communicated	1
communication	1
communications	1
compactness	1
comparacion	1
comparage	1
comparaje	1
comparatively	1
compelled	1
compelling	1
compendium	1
complaining	1
complainz	1
complat	1
compleinz	1
compleltely	1
complement	1
completing	1
completion	1
completo	1
complexa	1
complications	1
complied	1
components	1
composed	1
compositor	1
compote	1
compress	1
compressed	1
compressor	1
compromise	1
compulsive	1
computerized	1
comton	1
comune	1
comunicacion	1
conbler	1
conbres	1
concealed	1
concealing	1
concedes	1
conceivably	1
concenring	1
concentrar	1
concepts	1
concerts	1
conch	1
concha	1
conchiad	1
conclus	1
conclusions	1
concreted	1
condensation	1
condensed	1
condizionale	1
condizionato	1
condominiums	1
condoned	1
condorelli	1
conducting	1
conductor	1
condyloma	1
confidential	1
confine	1
confined	1
confines	1
confirmed	1
conflated	1
conflict	1
confondud	1
confonduz	1
conformity	1
confredrie	1
confronted	1
confused	1
confusing	1
conge	1
congr	1
congregant	1
conization	1
conje	1
conjes	1
conjoined	1
conjongle	1
conjunction	1
conmoverus	1
conmovre	1
conmovres	1
connect	1
connectionreseterror	1
connector	1
connoisseurs	1
connotation	1
connote	1
conpeinz	1
conplaint	1
conpleindre	1
conpleinient	1
conpleinte	1
conplemt	1
conposte	1
conques	1
consanguinity	1
consci	1
consecrated	1
consent	1
consequences	1
conservative	1
considerably	1
considerate	1
consistently	1
consists	1
conspicuous	1
constant	1
construct	1
constructing	1
consularis	1
consult	1
consume	1
consumer	1
consumers	1
consumes	1
consuming	1
consummate	1
consummated	1
contacted	1
contacts	1
contamination	1
contemporaries	1
contends	1
contention	1
contexts	1
contiene	1
contingent	1
continuous	1
continuously	1
contr	1
contract	1
contraction	1
contractions	1
contractor	1
contralier	1
contrario	1
contrarios	1
contree	1
contrepeis	1
contrepesez	1
controls	1
controvant	1
controver	1
controversial	1
convalescent	1
convene	1
convening	1
converged	1
convers	1
conversations	1
converse	1
convey	1
conveys	1
conviction	1
convince	1
convocacion	1
cookbook	1
cool	1
cooling	1
cools	1
coombs	1
copepods	1
coperta	1
coquille	1
corail	1
corans	1
corant	1
corbeile	1
corde	1
cordoan	1
cordoba	1
cordocentesis	1
cordovan	1
corduan	1
core	1
coreies	1
corer	1
corge	1
corionic	1
corje	1
corjede	1
cornill	1
cornstarch	1
cornu	1
coronation	1
corone	1
corporal	1
corps	1
corpse	1
correccion	1
corrected	1
correcting	1
corresponded	1
correspondence	1
corridors	1
corroborate	1
corroborates	1
corronate	1
cortical	1
cosanz	1
cosco	1
cosdre	1
cosereses	1
coses	1
cosir	1
cosoinz	1
cosses	1
costentin	1
costly	1
costs	1
costume	1
cotte	1
coturnix	1
couch	1
coudae	1
couldnt	1
couldve	1
council	1
counted	1
counting	1
counts	1
county	1
couples	1
couplet	1
courageous	1
courroie	1
courts	1
covede	1
coverings	1
cow	1
cowpers	1
cp	1
cpbv	1
cphzohkyu	1
cr	1
crac	1
cracher	1
crack	1
cracker	1
crackers	1
crackling	1
craftsman	1
craisins	1
cramp	1
cran	1
crane	1
crashed	1
crates	1
crawl	1
crawling	1
creamy	1
creature	1
creatures	1
crecca	1
credenza	1
cree	1
creeping	1
creisment	1
creistre	1
crenedes	1
crespes	1
crespo	1
crest	1
crestanie	1
creste	1
crete	1
crever	1
creves	1
crewace	1
crible	1
crier	1
cries	1
criewet	1
crispies	1
crispy	1
cristatus	1
critchley	1
criteria	1
critique	1
crl	1
croc	1
croce	1
crocin	1
crocins	1
croein	1
croesus	1
crohns	1
croisant	1
croisols	1
croitre	1
croix	1
croler	1
crop	1
crosel	1
crosler	1
crossing	1
crosta	1
croste	1
crosterei	1
crostes	1
crote	1
crots	1
crowded	1
crowds	1
crowning	1
crtbwxv	1
crttuxxeba	1
crucial	1
cruine	1
crumble	1
crumbled	1
crutches	1
cruvel	1
cryopreservation	1
cryptorchidism	1
crystalline	1
cspqrfg	1
cubic	1
cubits	1
cuckoo	1
cucullio	1
cueilir	1
cuetes	1
cuffed	1
cuidados	1
cuider	1
cuiderent	1
cuideront	1
cuiller	1
cuivrins	1
cuktus	1
cul	1
culein	1
culier	1
culo	1
culpable	1
culte	1
cultivate	1
culture	1
cultus	1
cumin	1
curdistan	1
cure	1
curl	1
curling	1
curls	1
curr	1
currants	1
curse	1
customer	1
customers	1
customs	1
cutheans	1
cuveler	1
cuves	1
cv	1
cvcs	1
cwgjg	1
cx	1
cy	1
cycloalkane	1
cyii	1
cypron	1
cyprus	1
cyrilli	1
cyst	1
cytosine	1
cz	1
czizo	1
daatah	1
daemonia	1
daemonium	1
dagata	1
dagron	1
dagronement	1
daguine	1
dahan	1
dai	1
daimonion	1
dain	1
dainties	1
dakah	1
dalesandre	1
dalote	1
damages	1
damila	1
dammhirsch	1
damn	1
damri	1
dandelion	1
daniel	1
daniele	1
danin	1
dans	1
dara	1
darc	1
dare	1
darkness	1
darnel	1
darrazine	1
darriette	1
dash	1
dass	1
dasupoda	1
database	1
dateau	1
dates	1
daumenlang	1
davids	1
davies	1
davka	1
daylight	1
daytime	1
dbito	1
dbrief	1
dchi	1
dcpszkimuzms	1
ddragon	1
deadly	1
deaf	1
deah	1
dealt	1
debated	1
debatement	1
debating	1
debatra	1
decades	1
decalogo	1
decapolis	1
december	1
deception	1
decharognier	1
decharonier	1
dechiyah	1
dechol	1
deciding	1
decisions	1
decisors	1
decks	1
declaration	1
declarative	1
declared	1
declaring	1
decompleinst	1
decorated	1
decorating	1
decorations	1
decrease	1
decrees	1
deduction	1
deem	1
deemed	1
deene	1
deepens	1
defai	1
defective	1
defendant	1
deferat	1
defile	1
defining	1
definizione	1
deflated	1
defreiniement	1
defroter	1
defy	1
degaste	1
degelatinised	1
degli	1
degrading	1
degrater	1
degresiler	1
dehastede	1
dehet	1
dehydrate	1
dehydroepiandrosterone	1
dehydrogenase	1
dein	1
deintiers	1
deki	1
del	1
delaser	1
delays	1
deletion	1
deletions	1
delfen	1
deliberately	1
deliberations	1
delicacy	1
delicate	1
delight	1
delivered	1
delivrer	1
della	1
dellarticolo	1
delo	1
deluded	1
demant	1
demeaned	1
dementant	1
dementer	1
demi	1
deminciede	1
demincier	1
demonesment	1
demonstrated	1
demonstrates	1
demurred	1
denominator	1
denotes	1
dent	1
dentate	1
dente	1
dentro	1
deo	1
deodorants	1
deos	1
deoxyribonucleic	1
depart	1
departed	1
departing	1
departs	1
depecier	1
depending	1
depersonalization	1
depicted	1
depo	1
deposit	1
deprecacion	1
depreciated	1
depreciation	1
depressed	1
depressing	1
deprest	1
depriving	1
depths	1
derabonon	1
deracheha	1
derashah	1
derecho	1
dermal	1
derogatory	1
desanfantez	1
desarroi	1
descend	1
descendrer	1
descends	1
descent	1
deschargier	1
desconbrement	1
desconeistre	1
descosdre	1
descripcion	1
desecrates	1
desecration	1
desenbelir	1
desensitization	1
deseombrement	1
deserdre	1
desersimes	1
desert	1
deserts	1
deserving	1
deseverer	1
desevre	1
desevrer	1
desgaterent	1
desheredados	1
design	1
designates	1
desired	1
desirer	1
desitin	1
desjalcier	1
desjargier	1
desjarjier	1
desosad	1
desoser	1
desoz	1
desperate	1
despiner	1
despised	1
desquamative	1
desreisnement	1
desronpoms	1
dessas	1
desserts	1
destache	1
destemprer	1
destent	1
destinir	1
destoldra	1
destoletes	1
destolir	1
destoltes	1
destoltors	1
destolude	1
destoludures	1
destorner	1
destornera	1
destourner	1
destraver	1
destrece	1
destreint	1
destruction	1
desvoltoirs	1
desvuidier	1
detach	1
detaching	1
detailing	1
detergents	1
determination	1
determines	1
detract	1
detracted	1
detreit	1
detriment	1
detroncier	1
dettagliato	1
deum	1
deutsch	1
deutschen	1
deutz	1
deux	1
devaluation	1
devant	1
devar	1
devaro	1
devaster	1
develop	1
deviate	1
deviates	1
deviations	1
devices	1
devict	1
devineile	1
devise	1
devorim	1
devote	1
deworer	1
deworerent	1
df	1
dftyavv	1
dgeeony	1
dheas	1
dhfexenxkdni	1
dhyrjkcdisw	1
dia	1
diagonal	1
dialed	1
dialing	1
diamant	1
diametrically	1
diamilla	1
diamondoid	1
diane	1
dianne	1
diastolic	1
dicer	1
dich	1
dichuy	1
dicing	1
dictionary	1
dictum	1
didelphys	1
differentiating	1
differing	1
differs	1
diffuses	1
digested	1
digestion	1
digestive	1
digging	1
digits	1
dignitates	1
digrecion	1
dikduk	1
dilatation	1
dilation	1
dilemma	1
dillman	1
dilma	1
diluted	1
diluting	1
dime	1
dimension	1
dimensions	1
diminish	1
diminished	1
dimis	1
dimish	1
dimmer	1
dins	1
diospolite	1
diptheria	1
diqualified	1
dirabonon	1
directed	1
director	1
disabled	1
disables	1
disagreed	1
disagreement	1
disant	1
disappears	1
disc	1
discern	1
discharge	1
dische	1
dischen	1
discher	1
disciplina	1
disconnect	1
discordant	1
discouraged	1
discovered	1
disgraceful	1
disguised	1
disgust	1
dishcloth	1
disheveled	1
dishpan	1
dishteri	1
dishwashers	1
dishwater	1
disinfecting	1
disinherited	1
dismissed	1
disner	1
disorder	1
dispacus	1
displace	1
displayed	1
disposed	1
disposing	1
disprove	1
disputed	1
disputes	1
disqualification	1
disqualifying	1
disregarded	1
disregarding	1
disreinement	1
disrepair	1
dissa	1
dissenting	1
dissociato	1
distaff	1
distant	1
distilled	1
distinctly	1
distinguish	1
distinguishable	1
distinzione	1
distracted	1
distraught	1
distressed	1
distribucion	1
disturbing	1
disturbs	1
disualified	1
dito	1
diurnum	1
divers	1
divi	1
dividends	1
dividing	1
divinarum	1
divinity	1
division	1
diz	1
dizziness	1
dizzy	1
djr	1
dlaisa	1
dlawe	1
dlgbufgjhp	1
dllpwvhr	1
dlobz	1
dm	1
dmegaresh	1
dmehani	1
dmekadesh	1
dmidoraisa	1
dmq	1
dmz	1
dn	1
dnp	1
doable	1
dobter	1
dobtor	1
documenr	1
documentaries	1
documents	1
dodo	1
doerent	1
dogrx	1
dogtag	1
doh	1
doiliede	1
dois	1
doja	1
dokhos	1
doldurs	1
doledoires	1
dollar	1
dolorent	1
doloroses	1
doloto	1
dolve	1
dolves	1
domain	1
domesticus	1
dominant	1
domis	1
donai	1
donant	1
donate	1
donau	1
donc	1
doniel	1
donjon	1
donkey	1
donner	1
donnez	1
donuts	1
doorpost	1
doorposts	1
dor	1
doraisah	1
doraysa	1
dordania	1
doresh	1
dorhamilaktim	1
dorkas	1
dormant	1
dormitory	1
dosent	1
dotalit	1
dotting	1
douaire	1
doughnut	1
doula	1
downpour	1
downstairs	1
downward	1
dozen	1
dp	1
dqolw	1
drabbanan	1
dragged	1
dragons	1
drained	1
draining	1
draino	1
drainpipe	1
drank	1
drape	1
draped	1
draping	1
drara	1
drashah	1
drawer	1
drawn	1
drawstring	1
dreads	1
dregs	1
drilling	1
dripping	1
driven	1
drives	1
dromel	1
dromond	1
dromont	1
droplets	1
dropped	1
dropping	1
dros	1
drossel	1
drowns	1
drugs	1
drums	1
drusenheimer	1
dryers	1
dschentil	1
dshevus	1
dtanu	1
dtsurba	1
dubiter	1
dubitera	1
duchede	1
ducheis	1
ducheise	1
duchy	1
ductium	1
duenner	1
dui	1
dujelmes	1
dukedom	1
dulpaki	1
dumi	1
dumialne	1
duna	1
dunay	1
dunkin	1
duodenostomy	1
duphaston	1
duplessis	1
dupondium	1
durability	1
durable	1
dusk	1
dust	1
dusty	1
dusy	1
dutifully	1
duty	1
dux	1
dv	1
dvar	1
dvelmtmwzymcaij	1
dwell	1
dwelling	1
dwells	1
dwvdaydot	1
dyed	1
dyeing	1
dyers	1
dyke	1
dynamics	1
dyskinesia	1
dysmenorrhea	1
dystocia	1
dystunction	1
dziccko	1
dzwmk	1
eam	1
eardley	1
earl	1
earning	1
earns	1
earplugs	1
earthenware	1
earthquake	1
eaters	1
eau	1
eay	1
ecagne	1
echalote	1
echarde	1
echarpe	1
echartes	1
echauguette	1
echo	1
echocardiography	1
eclampsia	1
eclipse	1
ecmyzl	1
eco	1
economic	1
ectropion	1
edcing	1
edelfalke	1
edging	1
edifice	1
edinburgh	1
editing	1
edition	1
editions	1
editor	1
edkes	1
edres	1
education	1
eduyos	1
edw	1
edwards	1
edyuaxf	1
eel	1
eeru	1
eetnfyutti	1
effacement	1
effetto	1
efficacy	1
effkom	1
effrontery	1
eg	1
egarerent	1
eglentiers	1
egoizim	1
egozim	1
egres	1
egypt	1
egyptiens	1
egzacgtvnzlbyi	1
ehrw	1
ehtitvwf	1
eichel	1
eifervoll	1
eigel	1
eilah	1
eima	1
einayim	1
eine	1
einfluss	1
eingebung	1
einhorn	1
einleitungen	1
einteilung	1
einteilungen	1
eiromos	1
eisan	1
eisars	1
eisenstaedter	1
eitzta	1
eiyjiaruswx	1
ejaculatory	1
ejkxz	1
ejubm	1
ekd	1
elaborated	1
elazars	1
elbows	1
elchanan	1
elective	1
electrician	1
electro	1
elentier	1
eleven	1
elfenbein	1
eli	1
eliashiv	1
elim	1
ella	1
ellera	1
ellul	1
elm	1
els	1
elster	1
elter	1
elucidation	1
elul	1
elyah	1
elymais	1
elyon	1
elyshiv	1
ema	1
emails	1
emancipation	1
emb	1
embalm	1
embarassing	1
embarrass	1
embarrassement	1
embarrasses	1
emblema	1
embolization	1
embossed	1
embrace	1
embroidered	1
embroideries	1
embryology	1
embryonic	1
embryos	1
emerges	1
emerging	1
emf	1
emily	1
emits	1
emmaus	1
empatia	1
empereur	1
emperor	1
emphase	1
emphasizing	1
emphatically	1
empirical	1
empowerment	1
empties	1
ems	1
emuna	1
ena	1
enabled	1
enables	1
enacting	1
enameling	1
enbelir	1
enboerent	1
enbracier	1
enc	1
encareiimento	1
encensieres	1
encensiers	1
encensoir	1
encephalitis	1
enclose	1
enclosiede	1
enclosing	1
enclpede	1
enclume	1
enco	1
encobrer	1
encomancier	1
encompassed	1
encompassing	1
enconbrer	1
encourages	1
encranpiront	1
encreisables	1
encreisement	1
encreissant	1
encreist	1
encreistre	1
encrot	1
encrust	1
encrusted	1
encusa	1
encycl	1
encyclopedia	1
endangers	1
ending	1
endivie	1
endocr	1
endocrinol	1
endocrinopathy	1
endorphins	1
endquote	1
endragonerent	1
endure	1
enema	1
enfant	1
enfanteis	1
enfle	1
enfoissiee	1
enforcers	1
enforcied	1
enforcing	1
enfosiede	1
enfosiee	1
enfres	1
engagement	1
engaging	1
engelmann	1
engineering	1
engman	1
engulfed	1
enhancers	1
enhances	1
enigma	1
enjarples	1
enjeint	1
enjendrer	1
enjoined	1
enjoyable	1
enjoying	1
enjusca	1
enlacier	1
enlargement	1
enlist	1
enmailliler	1
enmangied	1
enmanjied	1
enosmer	1
enosmera	1
enpardonez	1
enpeindre	1
enpledure	1
enpreniere	1
enpruntez	1
enpvx	1
enracinant	1
ensalvagir	1
ensalvajir	1
enseras	1
ensinamento	1
ensinamentos	1
ensobles	1
ensolbe	1
ensures	1
entail	1
entangled	1
entanglement	1
enteilier	1
entelient	1
entendant	1
entendons	1
entering	1
entertain	1
entertaining	1
enthusiasm	1
enticier	1
entires	1
entities	1
entitiled	1
entoisier	1
entomisment	1
entorner	1
entortiliez	1
entreats	1
entree	1
entrelacier	1
entremetre	1
entretaillier	1
entreteilier	1
entwefen	1
enuier	1
enumerating	1
enveisiez	1
enweisment	1
enwers	1
enwoisier	1
enyx	1
eo	1
eoehet	1
eowdxx	1
epds	1
ephraim	1
epik	1
epikairoz	1
epiphonema	1
episode	1
epithelium	1
epithymia	1
epstein	1
equally	1
equate	1
equated	1
equates	1
equidae	1
erankel	1
erases	1
erdgeier	1
erdkunde	1
erdre	1
eres	1
eret	1
erfurt	1
ergriffen	1
eric	1
ericetorum	1
erich	1
ericon	1
erithacus	1
erklaere	1
erred	1
erroneously	1
errors	1
ers	1
erste	1
ertappt	1
ertesultem	1
erud	1
eruvin	1
ervos	1
esachier	1
esardement	1
esarsit	1
esart	1
esarteras	1
esbars	1
esbe	1
esbrechiede	1
esbrisiede	1
escagnes	1
escala	1
escamnium	1
escanies	1
escaping	1
escarpa	1
escarpet	1
escarpin	1
escendrer	1
eschacc	1
eschaces	1
eschalded	1
eschalder	1
eschalfed	1
eschalfer	1
eschaliers	1
eschaloine	1
eschaloines	1
eschamucierei	1
eschapin	1
eschapins	1
escharboncle	1
eschardes	1
eschargeites	1
escharpeliere	1
escharpet	1
escheved	1
esclaire	1
esclairier	1
esclatant	1
esclater	1
escleire	1
escleirier	1
esclotrent	1
esclusent	1
esclusivo	1
escobant	1
escobes	1
escolorgierent	1
escorant	1
escorcier	1
escorjes	1
escoront	1
escorre	1
escos	1
escose	1
escost	1
escot	1
escovant	1
escoves	1
escrai	1
escreigne	1
escreine	1
escris	1
escriture	1
escrolei	1
escroler	1
escurement	1
esdarnele	1
esenplanz	1
eseus	1
esfiler	1
esfor	1
esfredez	1
esfreement	1
esfreier	1
esfrojeront	1
esfudrer	1
esgarded	1
esgronir	1
esgruner	1
eshe	1
esjaliere	1
esjarde	1
esjas	1
esjecs	1
esjevelede	1
esjodement	1
esjoder	1
esjoderont	1
eskh	1
eslaurjier	1
eslire	1
eslochier	1
esloisied	1
esloisiede	1
esloisiez	1
esloissiez	1
eslorjier	1
esluserne	1
esmeler	1
esmenuisiez	1
esmieler	1
esmya	1
esoj	1
espacier	1
espandrei	1
espanduz	1
esparges	1
esparjes	1
espartide	1
esped	1
espedrez	1
espeises	1
espenie	1
espenir	1
esperon	1
espesirent	1
espie	1
espiement	1
espier	1
espiet	1
espine	1
espineid	1
espines	1
espinle	1
espiritu	1
esplandors	1
espleiant	1
esplicacion	1
espoial	1
espoint	1
espointe	1
espointier	1
espreser	1
esprier	1
esprovement	1
espuisier	1
esracain	1
esraciner	1
esrogim	1
esse	1
essen	1
essential	1
essentials	1
essenziale	1
est	1
esta	1
estables	1
establish	1
establishes	1
establishing	1
establishments	1
estadera	1
estal	1
estalon	1
estaloner	1
estantives	1
estaveir	1
esteim	1
esteinemenz	1
esteles	1
estelle	1
estencelant	1
estende	1
estendre	1
estendrei	1
estenele	1
estensivo	1
estes	1
estimate	1
estoc	1
estols	1
estolt	1
estoma	1
estomac	1
estomachos	1
estomaque	1
estoner	1
estorbeil	1
estordie	1
estordiz	1
estordizon	1
estormir	1
estorner	1
estovoir	1
estrain	1
estranglement	1
estreiile	1
estreille	1
estreinirent	1
estreinte	1
estreinture	1
estreite	1
estrener	1
estriol	1
estrobeil	1
estrofem	1
estrogens	1
estudei	1
estudeler	1
estudo	1
estui	1
estuiez	1
esturgeons	1
estuve	1
esveier	1
esvertin	1
esvolant	1
esweierent	1
eswertin	1
etendrei	1
eterna	1
eteule	1
ethan	1
ethel	1
ethical	1
ethics	1
etlin	1
etrusci	1
etweirs	1
etzah	1
eu	1
eueryetes	1
eugen	1
euphemism	1
eurofetus	1
eurphyie	1
eusebes	1
evaluating	1
evaluation	1
evangiles	1
evaporating	1
eveis	1
evens	1
eventual	1
everest	1
everyones	1
everywhere	1
evoking	1
evolution	1
evolve	1
ewangiles	1
exag	1
examples	1
excavations	1
exceeding	1
exceeds	1
excel	1
exceptionally	1
exceptions	1
excessively	1
exchange	1
excitable	1
excited	1
excitement	1
exciting	1
exclaimed	1
exclaims	1
exclusion	1
excrement	1
excruciating	1
excuses	1
executed	1
execution	1
exeg	1
exegetical	1
exellent	1
exemplo	1
exemption	1
exert	1
exhilarating	1
exigere	1
exile	1
existed	1
existence	1
exkurs	1
exlubricare	1
exocervix	1
exome	1
expand	1
expands	1
expect	1
expectant	1
expected	1
expecting	1
expects	1
expedite	1
expelling	1
expense	1
experienced	1
experiment	1
experimental	1
expertise	1
expire	1
expires	1
explasined	1
export	1
exposure	1
expounding	1
expounds	1
expressava	1
expressions	1
exr	1
extat	1
extend	1
extendable	1
extends	1
extensively	1
extermination	1
extinguished	1
extorters	1
extractions	1
extracts	1
extraneous	1
extrapolate	1
extravagant	1
extravagantly	1
extreme	1
eyal	1
eyebrow	1
eyelashes	1
eyelids	1
eyesore	1
eyspondront	1
eyver	1
ezekiel	1
ezfricare	1
ezkarah	1
ezra	1
ezras	1
fa	1
fabrica	1
fabrics	1
faceted	1
facilitated	1
facilitates	1
facilitator	1
facility	1
facilmente	1
facto	1
factual	1
fading	1
fagiani	1
fagiano	1
fahrenheit	1
faillir	1
fais	1
faisol	1
faisols	1
faith	1
faizol	1
faj	1
falecimento	1
falje	1
falken	1
fallow	1
faltrajes	1
falves	1
fam	1
famazl	1
familia	1
familial	1
familiarity	1
famine	1
fanbloianz	1
fanc	1
fangiede	1
fangosa	1
fanjias	1
fanjiede	1
faqeeh	1
faran	1
farcides	1
fare	1
fascinating	1
fasianos	1
fasten	1
fastener	1
fastenings	1
fasti	1
fate	1
fathered	1
fatiguing	1
fato	1
fault	1
fauna	1
faurga	1
fauteuil	1
faveler	1
faweler	1
fbpg	1
fbpzzcrjuh	1
fc	1
fcrito	1
fd	1
fdzeiizheh	1
fearing	1
feasible	1
feast	1
feasts	1
featurecolumn	1
featured	1
fee	1
feed	1
feeling	1
fehlen	1
feikas	1
feilirent	1
fein	1
feindure	1
feini	1
feinsteins	1
feises	1
feldheim	1
feldspar	1
felkutani	1
felled	1
feltred	1
feltrer	1
feltrez	1
feminet	1
feminization	1
femulen	1
fence	1
fenetre	1
feraje	1
ferges	1
fermail	1
fermaille	1
fermal	1
fermance	1
ferme	1
fermedures	1
fermeil	1
fermer	1
fern	1
fernalie	1
ferrage	1
ferry	1
fertig	1
fesle	1
festas	1
festg	1
festgesetze	1
festivities	1
festum	1
fetching	1
fewer	1
fibrin	1
fibuls	1
fidei	1
fidgeting	1
fievre	1
fiewre	1
fifth	1
fige	1
figes	1
fight	1
figo	1
figue	1
figues	1
figureheads	1
figures	1
fil	1
filed	1
filis	1
fillah	1
filler	1
fillets	1
fills	1
filmed	1
filtered	1
filth	1
fin	1
finale	1
findings	1
fingerbreadths	1
finishing	1
fioles	1
fireball	1
fireplace	1
fires	1
firmus	1
firstly	1
fisher	1
fisheries	1
fishpond	1
fisle	1
fisles	1
fitted	1
fiveles	1
fixes	1
fixum	1
fja	1
fklwzbvx	1
flagellum	1
flail	1
flamer	1
flammea	1
flanbre	1
flanche	1
flank	1
flap	1
flaps	1
flashlight	1
flask	1
flatisant	1
flatten	1
flattener	1
flattening	1
flatter	1
flautes	1
flavors	1
flavour	1
flaxs	1
fleches	1
flecken	1
fledermau	1
fledermaus	1
fleischer	1
fleistrisant	1
fleistrit	1
flicker	1
flickers	1
flies	1
flip	1
floats	1
flocels	1
flocheide	1
flochiedre	1
flochiedres	1
flocies	1
floedures	1
floorboards	1
flora	1
floret	1
florida	1
flosse	1
flotement	1
flourished	1
flowerpot	1
flowerpots	1
flu	1
fluency	1
fluorescence	1
fluoroscopy	1
flushed	1
fluth	1
flux	1
fna	1
fndc	1
fnempkzzbfyxclfvhhbjrbg	1
fnetre	1
focel	1
focielir	1
focielis	1
focilem	1
focus	1
fodrez	1
foederis	1
foee	1
foeiles	1
foenum	1
foetida	1
foggy	1
foilied	1
foillied	1
foisil	1
foisoner	1
foisonerent	1
fol	1
folders	1
foliatum	1
folk	1
folktales	1
folly	1
folon	1
fominic	1
fomos	1
fonda	1
fondele	1
fondels	1
fondre	1
fondriles	1
fondrilles	1
fondud	1
fondus	1
fontaine	1
fonteine	1
fonticulus	1
fool	1
footer	1
foothold	1
footprints	1
foram	1
forbide	1
forbids	1
forceps	1
forcete	1
forchiedes	1
forcibly	1
forcing	1
forefathers	1
foreswears	1
foreswore	1
foresworn	1
forfais	1
forfeis	1
forfeit	1
forfeited	1
forfeits	1
forge	1
forgets	1
forgiving	1
forgo	1
forjedor	1
forking	1
forma	1
formally	1
formidable	1
formier	1
formis	1
forneci	1
forscheimer	1
forseit	1
forsfeit	1
forst	1
forth	1
forward	1
foses	1
fosoirs	1
fossed	1
fossez	1
fossoirs	1
fossorium	1
fostat	1
fot	1
foul	1
fountain	1
fourches	1
fourreau	1
fourteen	1
fowl	1
fphftkjy	1
fpncnr	1
fq	1
fra	1
fractanea	1
fracture	1
fragrance	1
fraiche	1
framed	1
franc	1
franges	1
frank	1
frankel	1
frankfurt	1
franz	1
fraternitys	1
frau	1
freckled	1
freckling	1
freely	1
freighter	1
freim	1
frein	1
freiteinie	1
freiteinies	1
freitices	1
fremir	1
frence	1
frequentemente	1
frequently	1
fresc	1
fresgon	1
freshen	1
freshener	1
fresheners	1
fricons	1
fridays	1
friedensopfer	1
friedmann	1
friedrich	1
frietff	1
fright	1
fringe	1
frisch	1
fritz	1
frocks	1
froids	1
frojier	1
fronce	1
froncir	1
frondele	1
fronmier	1
frontal	1
frontlet	1
froter	1
frotter	1
froze	1
fructus	1
frugt	1
frutta	1
ft	1
fte	1
ftexdwx	1
fts	1
fudrer	1
fueilie	1
fuerst	1
fui	1
fuiement	1
fulfilment	1
fullest	1
fun	1
functional	1
functionless	1
fundamental	1
fundiu	1
fundus	1
fungus	1
funny	1
furlow	1
furnace	1
furnished	1
furniture	1
furt	1
fuse	1
fusil	1
fuss	1
fut	1
fv	1
fvpuphz	1
fvwol	1
fwt	1
fx	1
fxetzi	1
fxs	1
fxvcxa	1
fxviik	1
fyifxhmtgmng	1
gabbe	1
gabel	1
gaberont	1
gable	1
gad	1
gadlus	1
gai	1
gaibanzo	1
gaimenter	1
gained	1
galactorrhea	1
galbano	1
galbena	1
galesche	1
galesches	1
galice	1
gallinago	1
gallon	1
gallons	1
galonedes	1
galonees	1
galons	1
galoshes	1
galusa	1
galusas	1
gamal	1
gamble	1
gamillscheg	1
gamliels	1
ganz	1
ganzabara	1
gap	1
garage	1
garantir	1
garbanzo	1
garbe	1
garbeiles	1
garbeilles	1
garcon	1
gardant	1
garde	1
gardener	1
garder	1
gardes	1
gardians	1
garganay	1
garmaise	1
garmeise	1
garmenter	1
garne	1
garnisment	1
garofola	1
garove	1
garsinan	1
garuf	1
gascort	1
gascru	1
gasket	1
gaskets	1
gasoline	1
gasp	1
gaster	1
gasterent	1
gater	1
gates	1
gaucher	1
gauge	1
gavra	1
gavriel	1
gavschuster	1
gayva	1
gb	1
gc	1
gcsf	1
gda	1
geas	1
geatuise	1
gebr	1
geburtstage	1
gedehntes	1
geder	1
gedilim	1
gedola	1
geffden	1
geffken	1
gefilta	1
gegenseitige	1
gehe	1
gehinom	1
geite	1
geites	1
geits	1
gel	1
gelage	1
gelaten	1
gelatin	1
geldwerthe	1
gelee	1
gelonedes	1
gemach	1
gemarahs	1
gemoro	1
gemorrah	1
gemurim	1
gen	1
generality	1
generate	1
generators	1
genere	1
generosity	1
generous	1
generously	1
genes	1
genesis	1
gengen	1
genitalis	1
geniza	1
genizah	1
gentil	1
gentiles	1
genuinely	1
geog	1
geography	1
geoponica	1
george	1
georgia	1
gerber	1
gerdonemenz	1
germani	1
germania	1
gershom	1
gerushoso	1
gerut	1
gesarah	1
geschichted	1
geschite	1
geschriebenen	1
geschwind	1
gesellschaft	1
gesetze	1
gestade	1
gestul	1
gestze	1
gesundheit	1
geter	1
gevuli	1
gevuros	1
gewichte	1
gezairah	1
gezeiras	1
gezela	1
gfpntv	1
gg	1
ggz	1
ghosh	1
giamila	1
giant	1
gibraltar	1
gid	1
gidda	1
gidul	1
gidulei	1
gifted	1
gifts	1
gio	1
gioja	1
gioress	1
gioret	1
girofle	1
gisan	1
giser	1
giuliano	1
gizbar	1
gk	1
glacons	1
gladiolus	1
glaid	1
glaise	1
glance	1
glapir	1
glapisment	1
gleamed	1
gleefully	1
gleid	1
gleise	1
gleste	1
glestes	1
glete	1
glide	1
glinoer	1
glitstone	1
glob	1
global	1
globulin	1
glocant	1
glonz	1
glorify	1
glosses	1
glovan	1
glowing	1
glucomin	1
glucophage	1
gluing	1
gnawing	1
goats	1
gobernallo	1
godol	1
godsd	1
godsdienst	1
goethe	1
goggles	1
goitre	1
golf	1
golosant	1
golosement	1
goman	1
gonadotropins	1
gonele	1
gonelesches	1
gonnelle	1
gonorrhea	1
gonorrhoea	1
gons	1
goodman	1
gooey	1
goose	1
gor	1
gorc	1
gordon	1
gorem	1
gorg	1
gorge	1
gorila	1
goros	1
gosden	1
gosen	1
goses	1
goshawk	1
goshen	1
gospel	1
gote	1
gott	1
gotten	1
gottesdienst	1
gousses	1
governail	1
governdors	1
government	1
grab	1
grabbed	1
grace	1
gradacion	1
graded	1
graecum	1
grains	1
grama	1
gramah	1
gramatica	1
gramenter	1
grammar	1
grammatica	1
grammatikos	1
granary	1
grand	1
grandece	1
grandjean	1
grandsons	1
graneis	1
grange	1
granje	1
granovsky	1
granulocytes	1
granum	1
graphically	1
gras	1
grassesas	1
grate	1
grated	1
graters	1
gratuisier	1
grave	1
graven	1
graves	1
gravestone	1
graze	1
grazs	1
greenblatt	1
greener	1
greenfinch	1
greenstone	1
greher	1
greife	1
greinoilede	1
greinoiliere	1
grele	1
grenier	1
grenoilede	1
grenon	1
greve	1
grewe	1
grient	1
griffel	1
grifon	1
grigines	1
grilled	1
grind	1
grinders	1
grinds	1
grisaru	1
grober	1
grocery	1
grodno	1
groisvedan	1
groote	1
groppen	1
grose	1
grouping	1
groupings	1
grout	1
grschicchte	1
grundschrift	1
gruppen	1
gryphus	1
gs	1
gt	1
gttdw	1
gu	1
guacamole	1
guanine	1
guarantee	1
guard	1
guatier	1
guernon	1
guiar	1
guidance	1
guided	1
guillaume	1
guilloteau	1
guilty	1
guiofle	1
guis	1
gujtvcatiyii	1
gulf	1
gummed	1
gumpach	1
gur	1
gurges	1
gurion	1
gussing	1
gustave	1
gustman	1
guttinger	1
guttural	1
gymnastic	1
gyne	1
gynecologic	1
gynefix	1
gynelogical	1
gynera	1
gyoret	1
haacharon	1
haam	1
haan	1
haarel	1
haasurah	1
habaah	1
habechirah	1
habelit	1
haberdasher	1
habesarim	1
habiah	1
habishul	1
habits	1
habitus	1
habrachoth	1
habriyos	1
hacham	1
hachasid	1
hachasids	1
hachefetz	1
hachona	1
hachutzah	1
hadaas	1
hadar	1
hadavar	1
hadayanim	1
hadechak	1
haderachim	1
hadimyon	1
hadlakah	1
hadlakas	1
hadlakos	1
hadlokas	1
hadlokos	1
haelu	1
haem	1
haemophilia	1
haerev	1
haetz	1
haft	1
haftorah	1
hagafen	1
hagahot	1
hagala	1
hagaon	1
hagara	1
hagelili	1
haget	1
haghala	1
hagiborim	1
hagmon	1
haguf	1
hahekesh	1
hahoroa	1
haim	1
haircuts	1
hairpins	1
haish	1
hak	1
hakafah	1
hakafas	1
hakasuv	1
hakdamah	1
hakdomo	1
hakesef	1
haklai	1
haknesses	1
hakodesh	1
hakorban	1
hakpadah	1
hakravah	1
halaah	1
halachicly	1
halachischen	1
halachot	1
halchahos	1
halchu	1
haldrobes	1
haleket	1
halle	1
hallische	1
hallway	1
halocha	1
halosperm	1
halpern	1
halt	1
hamaalos	1
hamaaravi	1
hamaeitav	1
hamafsekes	1
hamakom	1
hamapil	1
hamasne	1
hamateres	1
hamavdil	1
hamburg	1
hamechusim	1
hameisim	1
hamelachot	1
hamelaktim	1
hamelech	1
hamesim	1
hameurasah	1
hamicha	1
hamincha	1
hamishnayos	1
hamishpacha	1
hamita	1
hammadan	1
hammered	1
hammurabi	1
hammurabis	1
hamoar	1
hamon	1
hanaah	1
hanadur	1
hanagid	1
hanah	1
hananel	1
hanches	1
handball	1
handbook	1
handcuffs	1
handful	1
handiwork	1
handled	1
handles	1
handling	1
handschuh	1
handw	1
handwoerterbuch	1
handworterbuch	1
hanefesh	1
haneton	1
hanfers	1
hanged	1
hanger	1
hangnail	1
hanhaga	1
hannah	1
haodoma	1
haolam	1
haolom	1
haosrah	1
hapenuyah	1
happening	1
happily	1
happiness	1
harashba	1
harbor	1
harden	1
hardening	1
hardi	1
hardin	1
hardly	1
hardoin	1
hare	1
hareayah	1
harmed	1
harming	1
harmonet	1
harmonia	1
haroim	1
haroshah	1
harov	1
harp	1
harpe	1
harsher	1
harshly	1
harvest	1
hasakanah	1
hasam	1
hasem	1
hashachar	1
hashemesh	1
hashgacha	1
hashmashos	1
hashmatos	1
hashmoshos	1
hashona	1
hashuv	1
hasle	1
hasledes	1
hasmashos	1
haspel	1
hasraas	1
hasraos	1
hassle	1
hatahor	1
hatamei	1
hataras	1
hatchings	1
haterel	1
hatfasah	1
hatzimouratidis	1
hatzion	1
hatziun	1
haufen	1
haughtiness	1
haus	1
havayos	1
haved	1
havent	1
havernik	1
havla	1
havlah	1
hayaavetz	1
hayam	1
hayashar	1
hayevusi	1
hayim	1
hayom	1
hazqcbnuetkoe	1
hazqcbnuetkoi	1
hc	1
hcv	1
hdsyf	1
headed	1
headedness	1
header	1
headpieces	1
healed	1
heals	1
heap	1
heaping	1
heaps	1
hears	1
heartache	1
heartburn	1
heater	1
heather	1
heave	1
heaven	1
heb	1
hebelit	1
heber	1
hebreux	1
hechser	1
hechsherim	1
hechshure	1
heddles	1
hedge	1
hedyot	1
hedyotos	1
heeled	1
heelem	1
heerev	1
hefsaik	1
hegar	1
hegefen	1
hegiah	1
hegmon	1
heib	1
heidelb	1
heil	1
heiligth	1
heitev	1
heitmeyer	1
hekatombe	1
hekaton	1
hekker	1
hel	1
helene	1
heliopolis	1
helme	1
helmets	1
helped	1
hematoma	1
hemle	1
hemo	1
hemorrhage	1
hemorrhoid	1
hendiadyoin	1
heorors	1
hep	1
hepar	1
hepata	1
herberjerie	1
herdsman	1
hereditary	1
heremolaos	1
heres	1
heretical	1
hergel	1
hermon	1
herneis	1
hernieder	1
heron	1
heronpolis	1
heropolitanus	1
herrings	1
herrn	1
hersheys	1
heruper	1
herzog	1
hes	1
hetairah	1
heteroplastic	1
hetev	1
hetter	1
heupferd	1
heutigenromischen	1
hew	1
hewqrdi	1
hewson	1
hexaemeron	1
hexat	1
hezekiel	1
hftdcft	1
hgzpcbnwedooigdqdrmhwq	1
hgzpcbnwedooigdqrmqgjzduq	1
hicpac	1
hiding	1
hidur	1
hieronymus	1
hierosyla	1
hieroz	1
hierozoicon	1
hierozoikon	1
highlands	1
hike	1
hiking	1
hilchot	1
hildesheimer	1
hillels	1
hilmi	1
himalayas	1
hinge	1
hints	1
hippodrome	1
hips	1
hiqsp	1
hirene	1
hisdas	1
hismself	1
hist	1
histology	1
hits	1
hitting	1
hive	1
hivvv	1
hiyya	1
hjpbbhsgdokigdyqm	1
hjrgtislx	1
hmen	1
hn	1
hnergeier	1
hnpcc	1
hoarse	1
hobby	1
hodaas	1
hodnett	1
hoffmann	1
hoil	1
hoist	1
hojda	1
holder	1
holders	1
holiday	1
holidays	1
holiness	1
hollow	1
hollowed	1
holzinger	1
homeopathic	1
homiletic	1
honest	1
honeycomb	1
honeycombs	1
honeydew	1
honors	1
hooked	1
hop	1
hoped	1
hora	1
horaasan	1
horayos	1
hormonal	1
hornets	1
horologion	1
horowitz	1
horrible	1
horror	1
horseflys	1
horst	1
hortulana	1
hosen	1
hosiprfbzthgihu	1
hospitality	1
hotels	1
hotter	1
hotza	1
hotzaas	1
hould	1
houseaux	1
howl	1
hr	1
hroln	1
hroonpolis	1
hsg	1
hsu	1
huant	1
huisseries	1
hullin	1
humble	1
humility	1
humpback	1
humped	1
humps	1
hundreds	1
hundsfliege	1
hunger	1
hunt	1
huntington	1
hupatik	1
huppe	1
hurricanes	1
hurtling	1
hurts	1
huts	1
hwb	1
hyd	1
hydration	1
hydraulus	1
hydrogen	1
hydroxilase	1
hydroxyprogesterone	1
hymen	1
hymenotomy	1
hyperandrogenism	1
hyperglycemia	1
hyperlipidemia	1
hypoglycemia	1
hypogonadism	1
hypotheses	1
hyrax	1
hyspopus	1
hyssop	1
hysterectomy	1
hysterosalpingography	1
hysteroscopically	1
hzfdhfgbuetkoi	1
iait	1
iaitfmwwygzr	1
iars	1
iatrogenic	1
ibai	1
ibn	1
ibud	1
iceberg	1
ich	1
icing	1
icngykcokeediym	1
ideally	1
identified	1
identifies	1
idiopathic	1
idiotes	1
idle	1
idol	1
idolatry	1
idols	1
idsa	1
idsociety	1
iel	1
igdnzziajfzmvneci	1
iggerot	1
igjpbbhsgdokigdyqm	1
igloo	1
igloos	1
ignorancia	1
ihn	1
ihr	1
iivlixyvgvqurq	1
ije	1
ijir	1
ika	1
ikaclomin	1
ikiqxurrtjtbgmmb	1
ikir	1
ikirqyrutyutozs	1
ilai	1
ileima	1
ilem	1
ill	1
illa	1
illegitimate	1
illinois	1
illogical	1
illoway	1
illowy	1
illustrate	1
ima	1
images	1
imagination	1
imagine	1
imagines	1
imah	1
imahem	1
imcha	1
imecha	1
imeinu	1
imitates	1
imlpying	1
immaterial	1
immature	1
immersions	1
imminent	1
immobile	1
immuno	1
immunodeficiency	1
imortalizar	1
impaired	1
imparting	1
impeding	1
imperative	1
impermissible	1
implantation	1
implementing	1
imples	1
implicitly	1
imposed	1
imprecacion	1
imssi	1
inaccurate	1
inania	1
inasmuch	1
inauspicious	1
inc	1
incapable	1
incautious	1
inception	1
inch	1
incidence	1
incidental	1
incidentally	1
incidents	1
income	1
incompetence	1
inconsequential	1
incorporate	1
incorrectly	1
incredible	1
incredibly	1
incumbent	1
incurs	1
indecorous	1
inderside	1
india	1
indian	1
indicating	1
indications	1
indicator	1
indigestion	1
indika	1
indisputable	1
individually	1
indoor	1
indoors	1
induced	1
inerference	1
infantix	1
infers	1
infertile	1
infieles	1
infiltr	1
infiltrating	1
infinitiv	1
inflict	1
info	1
informal	1
infuse	1
infusion	1
ing	1
ingenious	1
ingredient	1
ingremrnter	1
ingressus	1
inhabitants	1
inhalants	1
inherently	1
inhibits	1
inicier	1
inights	1
inimical	1
initiated	1
initiative	1
injects	1
inks	1
innermost	1
innocence	1
innocent	1
innocently	1
innovative	1
inquire	1
inquiring	1
inquiry	1
inresolucion	1
ins	1
insanity	1
inschriften	1
inscriptions	1
insecticides	1
inseparable	1
insertions	1
inshi	1
insists	1
insitu	1
insofar	1
insolence	1
inspection	1
inspiration	1
inspireront	1
install	1
instantized	1
instigate	1
instru	1
instruct	1
instructed	1
instruction	1
insulas	1
insulate	1
insulated	1
insult	1
insulted	1
integridade	1
intelectual	1
intelligence	1
intensivos	1
interchange	1
interchangeable	1
intercom	1
interferes	1
interlinked	1
internally	1
interposes	1
interpregnancy	1
interpreta	1
interpretations	1
interpretativo	1
interrelationship	1
interrogacion	1
interrupt	1
interrupted	1
interruption	1
interspaced	1
intervals	1
intervention	1
intimidating	1
intimidation	1
intoxicated	1
intracytoplasmic	1
intraepithelial	1
intravascular	1
intravenous	1
intrinsically	1
introduces	1
introducing	1
introductions	1
introductory	1
inuiyim	1
inuyim	1
invalidating	1
invent	1
inverse	1
inverso	1
invertor	1
invest	1
investigated	1
investigates	1
investigation	1
investment	1
invests	1
invoked	1
involuntarily	1
involvement	1
inwards	1
inwestir	1
inyun	1
ionathan	1
ioseph	1
ipy	1
irene	1
iret	1
ironia	1
iroy	1
irregular	1
irrelevant	1
irritating	1
irritation	1
iruy	1
isak	1
ishkish	1
ishmaelites	1
ishter	1
ishtoi	1
islas	1
isle	1
israelit	1
israelite	1
israelitische	1
israels	1
isramensa	1
issvd	1
istanbul	1
isthmus	1
istinus	1
isues	1
isurah	1
italy	1
itani	1
itdgirgfo	1
ition	1
itp	1
ituf	1
ityakaioi	1
iu	1
iulo	1
iurrsfeu	1
ivborw	1
iver	1
ivetconjunc	1
ivig	1
ivin	1
ivoir	1
ivs	1
ivur	1
iwoire	1
iynui	1
iyov	1
ja	1
jabbad	1
jabe	1
jabelperiode	1
jackdaw	1
jackets	1
jacques	1
jafid	1
jafreites	1
jahrbuchf	1
jail	1
jaines	1
jaldiere	1
jalemels	1
jalice	1
jalnice	1
jaloncia	1
jaloncie	1
jalosie	1
jamant	1
jambo	1
janos	1
jarbe	1
jaret	1
jargon	1
jarpir	1
jarsons	1
jaruba	1
jarvi	1
jatamansi	1
javan	1
javanz	1
javeles	1
jay	1
jecoris	1
jeds	1
jehiel	1
jejunostomy	1
jelah	1
jellybeans	1
jelones	1
jelons	1
jemin	1
jenevre	1
jenjevre	1
jenni	1
jennings	1
jenoil	1
jenoiles	1
jenoilieres	1
jenoilles	1
jerald	1
jesajas	1
jeses	1
jesne	1
jesses	1
jesus	1
jeter	1
jevestredure	1
jewel	1
jewellery	1
jgeres	1
jhm	1
jiarxyuw	1
jieds	1
jienes	1
jing	1
jion	1
jirofle	1
jk	1
jln	1
jlt	1
jlzui	1
jmprimat	1
jmu	1
jnfx	1
jo	1
jobelperioden	1
jobelyahe	1
jode	1
jodes	1
jogging	1
johanan	1
joiiz	1
joindre	1
jointure	1
joissel	1
jonathan	1
jontura	1
jonture	1
jornal	1
josepou	1
joshua	1
jossef	1
jossel	1
joteles	1
jountre	1
jounture	1
jour	1
joyce	1
jpeg	1
jpg	1
jps	1
jr	1
jubilaea	1
jubilaeo	1
judaico	1
judaics	1
juden	1
judenth	1
judeo	1
judged	1
judgement	1
judicial	1
judisch	1
judische	1
jugs	1
jules	1
julian	1
julianus	1
jumeles	1
jump	1
jumpers	1
junction	1
juni	1
junior	1
juno	1
juntura	1
justifying	1
justissa	1
jutement	1
jutq	1
juv	1
juvdxrdltjekbhvu	1
jyx	1
jyxpm	1
ka	1
kabalas	1
kabbalistic	1
kabbalos	1
kabbolah	1
kabbolas	1
kabim	1
kablan	1
kach	1
kaddish	1
kahal	1
kai	1
kailim	1
kaiser	1
kalah	1
kalash	1
kalei	1
kali	1
kallah	1
kallmann	1
kam	1
kaman	1
kaminetsky	1
kaminetzky	1
kana	1
kaninchen	1
kansuha	1
kapa	1
kapayim	1
kaplan	1
karchedon	1
karelitz	1
karl	1
karmesinfarbe	1
karnei	1
karuv	1
kashruth	1
kashya	1
kat	1
katana	1
katans	1
katlan	1
katlanis	1
katlonis	1
katnus	1
kaufman	1
kaufmann	1
kautz	1
kav	1
kavannah	1
kavanos	1
kavonos	1
kayar	1
kazbek	1
kchx	1
kci	1
kdaira	1
kdei	1
kechup	1
ked	1
kedai	1
kedei	1
kedera	1
kedusha	1
kedushato	1
kedushim	1
kefira	1
kegel	1
kehal	1
kehilchoso	1
kei	1
keili	1
keli	1
keller	1
kellogg	1
kelzy	1
kemikott	1
kemitzah	1
kenaf	1
kenafav	1
kenasos	1
kenchros	1
kennel	1
keras	1
kerchief	1
kerftluvwmz	1
keri	1
kesafim	1
kesav	1
kessubah	1
kestenbaums	1
kesuba	1
kesubos	1
ketana	1
ketanahs	1
ketanim	1
ketanos	1
ketsot	1
ketubot	1
ketuvot	1
ketzas	1
ketzitza	1
kevin	1
kevious	1
kevuah	1
kezaysim	1
kezeisim	1
kfar	1
kfcfkoedaz	1
khanina	1
khilchaso	1
khiliarkhos	1
khullin	1
kibaya	1
kibuy	1
kiddie	1
kiddish	1
kidush	1
kiepert	1
kiesel	1
kilachar	1
kiles	1
killing	1
kiln	1
kingdom	1
kioa	1
kippah	1
kirby	1
kirchenzeitschrift	1
kirchliche	1
kirk	1
kiryat	1
kis	1
kisbah	1
kishke	1
kisnin	1
kiss	1
kittel	1
kivsah	1
kivshon	1
kjkp	1
kjraktz	1
kkorban	1
klaff	1
klapei	1
kle	1
kleeman	1
kleomedes	1
kler	1
klg	1
klinefelters	1
klj	1
klo	1
klostermann	1
klotz	1
knaanim	1
knaanit	1
knapsack	1
kneged	1
knihoses	1
knit	1
knitting	1
knives	1
knocking	1
knohug	1
knorrsche	1
knotting	1
knowing	1
ko	1
koach	1
koachavim	1
koavei	1
kochachim	1
kochavim	1
kochloffel	1
koehler	1
koenh	1
koerniges	1
kof	1
kohenes	1
kohep	1
kokoban	1
kolfim	1
komme	1
konstantyn	1
kook	1
korach	1
koran	1
koraya	1
korchah	1
korchei	1
koreah	1
koriander	1
koriandersamen	1
kosev	1
kosovsky	1
kotler	1
koveah	1
kovei	1
koveia	1
kovetseg	1
koveya	1
kovod	1
kpalga	1
kpeida	1
krankh	1
kranold	1
krassas	1
krebbi	1
kredit	1
kredits	1
kreis	1
kriah	1
kriashatorah	1
kribs	1
krispies	1
kristyn	1
kriya	1
kriyas	1
krohn	1
krokodilos	1
kruger	1
krzywonos	1
ksuv	1
kuchlan	1
kuenen	1
kugelzanger	1
kugles	1
kulmas	1
kumtzis	1
kunphide	1
kuntreisim	1
kuntresei	1
kurban	1
kuster	1
kuvraxmpx	1
kvetchey	1
kvx	1
kxazujdgszzlz	1
kxtlycanhtymanrhmtyr	1
kyk	1
kyleena	1
kynocephalos	1
kytharis	1
kzacn	1
lab	1
laborer	1
labors	1
labour	1
labyrinth	1
lac	1
lace	1
lacediz	1
lacerta	1
lachar	1
lachmaniyot	1
lachulin	1
lacols	1
lactate	1
lacurne	1
ladam	1
ladders	1
ladled	1
ladling	1
lah	1
lahem	1
laiche	1
lained	1
laiserde	1
laiteron	1
laiton	1
laituge	1
laitugues	1
lake	1
lakes	1
lakewood	1
lakorban	1
lakorbnan	1
lakum	1
lamaze	1
lamb	1
lambre	1
lambris	1
lameds	1
lamenter	1
lamerah	1
lamincied	1
lamoar	1
lanbruises	1
lance	1
lanch	1
lanckrorodil	1
landau	1
lande	1
landed	1
langes	1
langostdiz	1
langoste	1
languages	1
lanpana	1
lanuage	1
laoste	1
laparoscopy	1
lapidario	1
laptop	1
lapwing	1
larc	1
largely	1
larjis	1
lark	1
larroque	1
larus	1
las	1
lasagna	1
laser	1
lashem	1
lashmas	1
lasting	1
latanz	1
latiz	1
latkes	1
latkus	1
lattich	1
latus	1
lau	1
laudable	1
launder	1
laundering	1
lauterbach	1
lavandula	1
lavans	1
lavergne	1
laverne	1
lavestah	1
lawrence	1
lawyers	1
laxity	1
lay	1
lazur	1
lbbtdpqrbshny	1
lbiah	1
lcd	1
lchatas	1
lcheker	1
lchumra	1
lchurban	1
lcxl	1
ldam	1
ldh	1
ldl	1
leaders	1
leahs	1
leans	1
lear	1
lease	1
leasing	1
leb	1
lebanon	1
lech	1
lechoira	1
lechol	1
lechumrah	1
lecomte	1
lecteur	1
lecture	1
lecturer	1
leder	1
ledger	1
leek	1
lefikach	1
leggings	1
legibus	1
legio	1
legume	1
lehachmir	1
lehadlik	1
lehadodi	1
lehadurei	1
lehalachah	1
lehiyos	1
lehrgeb	1
lehu	1
lei	1
leib	1
leibud	1
leidasan	1
leimor	1
leiomyosarcoma	1
leipzig	1
leis	1
leisur	1
leiton	1
leitron	1
leituges	1
leket	1
lemaase	1
lemaaseh	1
lemayseh	1
lemehadrin	1
lemeimar	1
lemeisa	1
lemigdar	1
lemitzvos	1
lemoisse	1
lemoissels	1
lemosche	1
lendine	1
lengthwise	1
lengthy	1
leningrad	1
lent	1
lentilloses	1
lentiloses	1
lentre	1
leper	1
leprosy	1
lepus	1
lestencele	1
lestre	1
lesyrien	1
letron	1
letrozole	1
lettered	1
lettering	1
letting	1
lettuces	1
letua	1
letuarie	1
letue	1
letuge	1
letzorech	1
leucoryx	1
leukemia	1
leule	1
levanah	1
levannah	1
levatala	1
levaya	1
leveler	1
levine	1
levis	1
levites	1
leviticius	1
levitra	1
levonorgestrel	1
lexicographer	1
lexode	1
leyus	1
lfi	1
lfichach	1
lga	1
lgezeirah	1
lgoi	1
lgufa	1
lhachmir	1
lhadurei	1
lhalacha	1
lhatos	1
lhausen	1
lhazir	1
lhu	1
lia	1
liais	1
liar	1
libelous	1
libertinus	1
librarian	1
librarius	1
libud	1
licha	1
lichen	1
licher	1
lichluch	1
lichoira	1
lichtevei	1
lideran	1
liege	1
lieis	1
liepart	1
lies	1
liez	1
lifkod	1
lifnei	1
lifney	1
lifnim	1
ligation	1
lignes	1
lignocaine	1
liheyos	1
lihiyos	1
likelihood	1
liking	1
limaison	1
limato	1
limaysah	1
limede	1
limer	1
limitations	1
limiting	1
limonede	1
limons	1
limp	1
linacon	1
linden	1
lineage	1
lined	1
liner	1
linings	1
linn	1
linoleum	1
linseed	1
linteau	1
lintel	1
lintier	1
lion	1
lipot	1
liquorice	1
lis	1
lisant	1
lise	1
lishtamit	1
lista	1
liste	1
listeners	1
listing	1
liter	1
literatur	1
literaturblatt	1
literature	1
litieres	1
litigants	1
littmann	1
littre	1
liturgic	1
liturgische	1
litzlan	1
litzror	1
livelihood	1
livras	1
liy	1
lizard	1
lj	1
ljote	1
ljt	1
ljzzj	1
lkaayem	1
lkaqpqkrsnju	1
lkidushei	1
lkiew	1
lkorban	1
lkulchem	1
lkwd	1
llav	1
ller	1
llerian	1
lletz	1
lllt	1
lmaan	1
lmaase	1
lmai	1
lmaskanah	1
lmayseh	1
lmbj	1
lmeisim	1
lmigdar	1
lmitsri	1
lmitzvah	1
lmp	1
lmrpmm	1
lmysa	1
loading	1
loadstone	1
loaf	1
loai	1
loam	1
loan	1
loathsome	1
localized	1
located	1
lochmin	1
locusta	1
lodges	1
loge	1
loges	1
logically	1
loier	1
loje	1
lojes	1
lolah	1
lolam	1
lollies	1
lomar	1
lombardy	1
lonbardie	1
lonbel	1
longa	1
longing	1
longos	1
lonzano	1
looked	1
looms	1
loop	1
loopholes	1
loops	1
loosing	1
lop	1
lorbeerlose	1
lords	1
lori	1
loser	1
losh	1
loshon	1
lottery	1
loudspeaker	1
loverjier	1
loves	1
lowe	1
lowoxalatediet	1
lowth	1
lozanjier	1
lpl	1
lr	1
lrishonah	1
lshaker	1
lshanos	1
lsheeino	1
lshuk	1
lteren	1
ltldo	1
ltscie	1
ltzamtzem	1
lu	1
luach	1
lubavitch	1
lubny	1
lucerne	1
luciano	1
lue	1
lueezdlgtemliwvv	1
luette	1
lugar	1
luglio	1
lugma	1
lugmav	1
luisant	1
luisel	1
luiserne	1
luisernes	1
lujo	1
lulab	1
lulav	1
lulavim	1
lulu	1
lunes	1
lung	1
lupin	1
lupine	1
luserne	1
lusis	1
luteal	1
luthard	1
luther	1
lutv	1
luzzatto	1
lv	1
lvatalah	1
lvswxx	1
lw	1
lwzqli	1
lxpevhrpmjmax	1
lxt	1
lxxv	1
lxxx	1
lxxxi	1
ly	1
lyevamah	1
lyibum	1
lyirah	1
lyncellus	1
lyqw	1
lyranus	1
lyrb	1
lysimachos	1
lzaruzei	1
maa	1
maaaaaxnsr	1
maachel	1
maachilin	1
maal	1
maalox	1
maamarei	1
maaris	1
maasei	1
maaseros	1
macecre	1
macedonia	1
macher	1
machinery	1
machmas	1
machmos	1
machshil	1
machshir	1
machzor	1
macides	1
maciede	1
maciedes	1
maciedure	1
macies	1
macrosomia	1
macuge	1
macugue	1
maderins	1
maderne	1
madness	1
madre	1
maerz	1
mafrish	1
maftir	1
maga	1
magazine	1
magna	1
magnesia	1
magnesium	1
magnets	1
maharasha	1
maharil	1
maharitz	1
maharshals	1
maharsham	1
mahler	1
maidservant	1
maikel	1
mailbox	1
mailloler	1
maimoni	1
maimonidean	1
maimonides	1
maimoniyos	1
maimoniyot	1
mainekes	1
maior	1
maiorana	1
maioum	1
maisel	1
maison	1
maisseleres	1
maisselles	1
maitinet	1
maiymed	1
makah	1
makarios	1
makdish	1
makellon	1
makriv	1
malan	1
malave	1
maldiras	1
maley	1
malicious	1
malkah	1
mallard	1
mallow	1
malot	1
malotok	1
malt	1
maltalent	1
malva	1
malve	1
malwe	1
malwed	1
malwei	1
malweise	1
mameles	1
mamish	1
mammals	1
mamnifera	1
mamon	1
mamzer	1
mamzerim	1
manache	1
management	1
manchester	1
mandolin	1
manethon	1
manethos	1
mangedure	1
manger	1
mango	1
mangonel	1
manhattan	1
mania	1
manico	1
manier	1
manifestation	1
manipulum	1
manjedure	1
mankeh	1
mankind	1
mann	1
mano	1
mansi	1
manteion	1
mantis	1
manuel	1
manusaso	1
manuscripts	1
map	1
mapik	1
marc	1
marches	1
marcies	1
marcus	1
mare	1
marechalcies	1
marelle	1
mareschalcies	1
margarine	1
margin	1
marginal	1
margolios	1
margoliyos	1
margulios	1
mari	1
marinade	1
marinating	1
marked	1
marker	1
markets	1
marobje	1
maror	1
marquis	1
marriages	1
marroge	1
marrube	1
marrubie	1
martyrs	1
marubbie	1
marubie	1
marubue	1
marvelous	1
marzouki	1
masbum	1
maser	1
mash	1
mashers	1
mashgechinan	1
mashiach	1
mashkim	1
mashmoas	1
masid	1
masiz	1
maskana	1
maskhuta	1
masks	1
masmeirim	1
masmi	1
masneh	1
masnisin	1
masquerade	1
massacre	1
massacres	1
masse	1
masser	1
masseuse	1
massystem	1
mastbaum	1
masters	1
matbea	1
materia	1
mathematics	1
mathers	1
mathilde	1
matinet	1
matirim	1
matmin	1
matnas	1
matos	1
matrilineal	1
matrix	1
mats	1
matterhorn	1
mattresses	1
mature	1
matzdik	1
matzi	1
maus	1
mavdel	1
mavon	1
maximi	1
maybaum	1
maylm	1
mazal	1
mazik	1
mazza	1
mcbrien	1
mcnz	1
mderabonon	1
mdtorah	1
meachos	1
meadow	1
meakev	1
meamav	1
meaningless	1
meanusaso	1
meanwhile	1
measurably	1
measured	1
measurement	1
measurements	1
meatal	1
meavon	1
mechalek	1
mechalel	1
mechallel	1
mechane	1
mechanech	1
mechanically	1
mechanism	1
mechaper	1
mechavero	1
mechavev	1
mechayeh	1
mechayev	1
mechilla	1
mechitza	1
mechitzos	1
mechon	1
mechubad	1
mechuyiv	1
mechuyuv	1
mechzi	1
meddlers	1
medication	1
medications	1
medicina	1
medien	1
medina	1
medinas	1
medine	1
mediterranean	1
medley	1
medscape	1
medyik	1
meeini	1
meerkatze	1
meerrettich	1
meets	1
mefir	1
mefvk	1
meg	1
megaben	1
megadef	1
megadim	1
megarshim	1
mehalech	1
mehdrin	1
mehle	1
mehler	1
mehudek	1
meichush	1
meier	1
meigre	1
meiisura	1
meikle	1
meil	1
meilor	1
meimo	1
mein	1
meintenedor	1
meintenud	1
meis	1
meiseles	1
meiselins	1
meishto	1
meisim	1
meisme	1
meisnede	1
meison	1
meistre	1
meistrer	1
meitre	1
meiun	1
mekabil	1
mekatzeh	1
mekka	1
mekomos	1
mekor	1
mekudeshes	1
mekyaim	1
mel	1
melach	1
melachto	1
melakhah	1
melamed	1
melas	1
melatonin	1
melaveh	1
meleches	1
melhoria	1
meliane	1
melo	1
melody	1
melos	1
melubin	1
mem	1
mema	1
memarayach	1
membors	1
memeilah	1
memorbuches	1
memoriale	1
memorials	1
memories	1
menaisons	1
mencionado	1
mend	1
meneisons	1
meneras	1
meneront	1
menogon	1
menometrorrhagia	1
menopur	1
mens	1
menschen	1
menstrual	1
mentis	1
menuchas	1
menukeh	1
menusier	1
meny	1
menzaleh	1
meoorasa	1
meor	1
meoros	1
merabanan	1
merchandise	1
merchant	1
merciers	1
merciful	1
mercilon	1
mercurius	1
mercy	1
merediers	1
merit	1
merkaze	1
merkazen	1
mermaid	1
mero	1
meron	1
merula	1
mervan	1
mesa	1
mesechet	1
meseleres	1
meshalem	1
meshalemes	1
mesharsheya	1
mesharsheyas	1
meshayir	1
meshivin	1
meshulash	1
meshutaf	1
mesiba	1
mesopotamia	1
mesprison	1
mess	1
messages	1
messengers	1
messy	1
mester	1
mesukanim	1
mesuken	1
meta	1
metab	1
metades	1
metafora	1
metaher	1
metalepsis	1
metaltelim	1
metaphor	1
metaphorically	1
metastasis	1
metator	1
meters	1
metformin	1
meticulous	1
metonymia	1
metra	1
metrodin	1
mettenos	1
metzamtzem	1
metzger	1
metzious	1
metztaer	1
metzua	1
metzuah	1
metzuya	1
meu	1
meuberes	1
meudmar	1
meum	1
meurasa	1
meurtre	1
meustre	1
mevashel	1
mevatel	1
mez	1
mezid	1
mezzo	1
mg	1
mgfndhjsb	1
mgwj	1
mhc	1
mhpz	1
michaelswinokur	1
michdi	1
michshol	1
microconduits	1
microcosm	1
microdiol	1
microdissection	1
microgynon	1
microlut	1
microphones	1
microscopic	1
microsurgical	1
microvascular	1
microwaves	1
mid	1
midah	1
midas	1
middas	1
midevar	1
midivrei	1
midivreihem	1
midline	1
midraschim	1
midrash	1
midrashic	1
midst	1
midvar	1
miel	1
mifegyne	1
migash	1
migdal	1
migdar	1
miglio	1
migne	1
migraines	1
mihalech	1
mikan	1
mikanah	1
miketz	1
miklat	1
mikol	1
mikomo	1
mikreh	1
miktzas	1
mikveh	1
mikvoas	1
milchamas	1
mild	1
mile	1
militum	1
mille	1
millions	1
milsah	1
milve	1
mim	1
mima	1
mimaga	1
mimenu	1
mimtzo	1
mina	1
minag	1
minah	1
minai	1
mincedure	1
minchen	1
minciedes	1
minding	1
minds	1
mindscha	1
mine	1
mineral	1
ming	1
minha	1
minim	1
minimus	1
minister	1
mino	1
minulet	1
minuscule	1
minyanim	1
minyon	1
mir	1
miryam	1
misasek	1
miscarriage	1
mischa	1
mischpot	1
misconstruing	1
misdeed	1
mishaer	1
mishandled	1
mishapeches	1
mishazna	1
misheiy	1
mishenitmanu	1
mishkan	1
mishkon	1
mishmar	1
mishmars	1
mishtadel	1
mishtameres	1
mishteh	1
mishuras	1
misinterpretation	1
miskayim	1
mislead	1
mismatch	1
misovev	1
misquote	1
misquoted	1
misses	1
mistama	1
mistaver	1
mites	1
mitigating	1
mitkayyem	1
mitoch	1
mitochondria	1
mitsri	1
mitzpeh	1
mitzrayim	1
mitzris	1
mitzvaso	1
miun	1
miut	1
mivater	1
mixer	1
miyad	1
mk	1
mkaddish	1
mkenglish	1
mkhebrew	1
mlo	1
mlzj	1
mmacheik	1
mmr	1
mmrufa	1
mnn	1
moab	1
mocheik	1
mochek	1
mochlokes	1
mocous	1
moderate	1
modest	1
modestamente	1
moenus	1
mohel	1
moillier	1
moiols	1
mois	1
moishe	1
moisir	1
moisten	1
moisture	1
moisturizer	1
mol	1
molant	1
molar	1
molded	1
molekin	1
moles	1
moleskine	1
molier	1
molot	1
molotok	1
molten	1
molza	1
momentarily	1
mommsen	1
monarchia	1
monatsschrift	1
moncada	1
moncels	1
mond	1
moneta	1
monheim	1
monilia	1
monilinia	1
monitored	1
monno	1
monogenic	1
monophasic	1
monozygotic	1
monsey	1
monsignor	1
mont	1
montacilla	1
montaniers	1
montifringilla	1
monuments	1
moon	1
mop	1
mor	1
moral	1
morally	1
mord	1
morelle	1
morier	1
morphologically	1
morris	1
morsels	1
morsilant	1
morsillant	1
morsilons	1
mort	1
mortaio	1
mortal	1
mortaro	1
morula	1
mosad	1
mosaichen	1
mosaiches	1
mosaische	1
mosaischen	1
moscherons	1
moschusthier	1
mose	1
mosh	1
moshehs	1
moshes	1
moshiach	1
mostece	1
mostede	1
mostedes	1
mostnice	1
motes	1
moth	1
motivate	1
motor	1
motzaei	1
motzay	1
motze	1
mou	1
moudsche	1
mould	1
moule	1
movable	1
moves	1
mow	1
mower	1
mowing	1
moyeu	1
moyses	1
mrmd	1
mskq	1
mtx	1
muberes	1
muchach	1
muchlat	1
mucolipidosis	1
mudel	1
mufnah	1
muguet	1
muhdar	1
mui	1
muid	1
muisement	1
mulberry	1
mullis	1
mulo	1
multi	1
multicentre	1
mumps	1
munk	1
munzen	1
murdered	1
murfetne	1
murica	1
murmuram	1
murmurdiz	1
musa	1
musc	1
muscular	1
museau	1
musel	1
musgar	1
mushba	1
mushroom	1
musia	1
musk	1
musmach	1
mustache	1
mustika	1
mut	1
muzzle	1
mvdf	1
mxrdlhowa	1
mydei	1
mygdonia	1
myometrium	1
myrtle	1
mysia	1
myttynos	1
naara	1
naaras	1
naarus	1
naaseh	1
nabuchodonosoros	1
nabukodorossoros	1
nach	1
nachgel	1
nachor	1
nacredures	1
nacson	1
naculum	1
nadar	1
naeh	1
nafchas	1
nafradura	1
nafshei	1
nafshoch	1
naftali	1
nag	1
nagran	1
nah	1
nahagu	1
nahug	1
nais	1
naked	1
named	1
nan	1
nandi	1
naomi	1
nap	1
naphta	1
naphtha	1
naranja	1
narbone	1
nardostahys	1
nariles	1
narrower	1
nas	1
nasati	1
nashim	1
nashville	1
nasseh	1
natalie	1
nathan	1
nathans	1
naturally	1
nauseating	1
nauseous	1
naveta	1
navete	1
navi	1
navigate	1
navrdure	1
navy	1
nbuzxpgmmtez	1
nearah	1
neat	1
neccessary	1
necessitate	1
necessitates	1
nechal	1
nechasim	1
nechemyah	1
necklace	1
necklaces	1
neclues	1
necromancer	1
necromanteia	1
necrospermia	1
nedds	1
nedunya	1
nee	1
needlepoint	1
neemanus	1
neesar	1
neesarah	1
nefashos	1
nefilah	1
nefoshos	1
negating	1
negelvasser	1
negligent	1
negotiations	1
negrementer	1
nehor	1
neif	1
neighborhoods	1
neighbors	1
neima	1
neironim	1
neistre	1
neivas	1
nejm	1
nekudos	1
nela	1
nella	1
nemanus	1
nenhum	1
neoplasia	1
nephew	1
nephrostomy	1
neptunus	1
nerve	1
nesachim	1
neshama	1
nesias	1
nesples	1
nestle	1
nesun	1
nesures	1
netina	1
netto	1
neu	1
neupogen	1
neuritis	1
neurodevelopmental	1
neuropathy	1
neustadt	1
neutrophils	1
neuwirth	1
nev	1
nevanstal	1
neveilah	1
neveilos	1
nevelote	1
neviaim	1
neviim	1
newmark	1
newspapers	1
nezek	1
nfk	1
ng	1
nhqal	1
niagra	1
nibble	1
nica	1
nicely	1
niches	1
nicolaides	1
nicolaus	1
nicopolis	1
nidabru	1
niddah	1
nidut	1
nieces	1
nieman	1
nieurs	1
nifty	1
nigleh	1
nigun	1
nigvis	1
nih	1
niikura	1
nikur	1
nikycurrziwxjkmsrt	1
nilhitze	1
nilkraetze	1
nineteenth	1
nipple	1
nipples	1
niqab	1
nireh	1
nisgairah	1
nishama	1
nishiara	1
nisim	1
nissan	1
nisus	1
nitma	1
nitric	1
njyd	1
nn	1
noach	1
noam	1
noavgmdr	1
nobility	1
noble	1
noces	1
nochum	1
node	1
noder	1
noelle	1
noer	1
nohug	1
noi	1
noilad	1
noisette	1
nolvadex	1
nom	1
nombril	1
nome	1
nomina	1
nominativ	1
nominum	1
noodles	1
noraihan	1
norlevo	1
normandie	1
northern	1
norture	1
norus	1
nosh	1
nossos	1
nostra	1
notable	1
notar	1
noteh	1
noteworthy	1
noticeable	1
notion	1
notwithstanding	1
nourishment	1
novels	1
nozzle	1
nq	1
nrf	1
nster	1
nt	1
ntico	1
nticos	1
nture	1
nu	1
nuchal	1
nucleus	1
nuisement	1
nuit	1
num	1
numbered	1
numerus	1
nur	1
nurse	1
nutcracker	1
nutiun	1
nutshells	1
nv	1
nwkvvsvi	1
ny	1
nyc	1
nyilatkozat	1
nymphe	1
oados	1
oant	1
obermeyer	1
oberthuer	1
oberthur	1
obesity	1
obey	1
obg	1
objected	1
objection	1
objectively	1
obligate	1
obra	1
obsequina	1
observ	1
observance	1
observer	1
obsessive	1
obstacle	1
obstruction	1
obtained	1
occasion	1
occasional	1
occiusum	1
occlusion	1
occupy	1
occurrences	1
oceans	1
oceanus	1
ochanan	1
ociety	1
ocp	1
october	1
octuriones	1
odant	1
odd	1
odem	1
oder	1
oe	1
oecd	1
oedipus	1
oenanthe	1
oes	1
oestro	1
oevre	1
oferecia	1
oferes	1
offended	1
offensive	1
officials	1
officiating	1
offset	1
ohana	1
ohavo	1
ohkzd	1
ohreule	1
oi	1
oiant	1
oichel	1
oikkkjhvomol	1
oilam	1
oiling	1
oily	1
oimed	1
oiraisah	1
oirasa	1
oirasah	1
oiraysa	1
oisele	1
oiseles	1
oito	1
ojdaydccpqp	1
okay	1
oktober	1
olah	1
olam	1
olbvx	1
oldest	1
oleic	1
olmes	1
olmi	1
olmo	1
ologie	1
olves	1
olyka	1
omithogalum	1
omrim	1
onaas	1
onag	1
onde	1
ondede	1
ondes	1
onen	1
oner	1
onesh	1
oness	1
onkelai	1
onkly	1
onomatopoeia	1
onsin	1
ontp	1
onward	1
onza	1
oocyte	1
oogenesis	1
ooo	1
oops	1
oor	1
oou	1
op	1
operational	1
operations	1
opes	1
opin	1
opobalsamum	1
opponents	1
opportunities	1
oppose	1
opposing	1
oprruo	1
ops	1
opt	1
optalgin	1
optic	1
optimal	1
optimism	1
orable	1
oraculum	1
oraisa	1
oraiysa	1
oraysah	1
orchitis	1
ordering	1
ordinance	1
ordinances	1
ordon	1
orech	1
oregano	1
orel	1
orfreis	1
organization	1
organize	1
organizing	1
organs	1
orgendors	1
orient	1
orienta	1
orientation	1
oriloje	1
orion	1
oris	1
orl	1
orla	1
orlah	1
orles	1
orlo	1
ornamental	1
orologio	1
oron	1
orot	1
orp	1
orphan	1
orphaned	1
orterb	1
ortho	1
orthocyclen	1
orthodontist	1
orthosia	1
ortie	1
ortoires	1
ortolan	1
orug	1
orvezeto	1
orvieto	1
oscillate	1
oscillating	1
oseille	1
osek	1
oser	1
oshaias	1
oshiya	1
oshiyah	1
oshiyas	1
osieres	1
osiris	1
osiyos	1
osmer	1
oso	1
ossifraga	1
ossifragus	1
ostensibly	1
ostern	1
ought	1
outerwear	1
outline	1
outlined	1
outlook	1
outset	1
outstanding	1
outward	1
ouvir	1
ovadia	1
ovedes	1
oveildiz	1
overalls	1
overcooked	1
overlook	1
overly	1
overlying	1
overridden	1
overrode	1
overseas	1
oversee	1
overseer	1
overshoes	1
overstretched	1
overtalk	1
overwriting	1
ovredure	1
ovreine	1
ovrir	1
ovulation	1
ovum	1
ovweu	1
owe	1
owes	1
ownerless	1
owners	1
ox	1
oxg	1
oxyd	1
oxygen	1
oy	1
ozohowce	1
pacific	1
packaged	1
packaging	1
packet	1
packs	1
padr	1
padrastres	1
pag	1
paga	1
paglu	1
pagone	1
paillole	1
painkiller	1
painted	1
paints	1
paissels	1
paission	1
palaestina	1
palagi	1
palaisin	1
palaistine	1
palasin	1
palastrdes	1
palastre	1
palatrees	1
palaye	1
paleis	1
paleisin	1
palete	1
palfis	1
palga	1
palindromic	1
paling	1
palir	1
palisades	1
palme	1
paloir	1
pals	1
palsy	1
pancake	1
pandemonium	1
pandoke	1
paniers	1
panorama	1
pantateuch	1
panuy	1
panz	1
papanicolaou	1
papas	1
pape	1
papers	1
papilloma	1
papillomavirus	1
pappa	1
paprika	1
papyr	1
parabola	1
parabolet	1
parachute	1
paradoxical	1
paradoxo	1
parag	1
paragauda	1
paragraph	1
paragraphs	1
parah	1
parakeets	1
paralysis	1
paralytic	1
paranomacial	1
paranomacy	1
parantibus	1
parasang	1
parashat	1
parasoviz	1
parc	1
parchaminier	1
parchmet	1
pardes	1
parede	1
paremenz	1
parentesis	1
parfait	1
paris	1
parkhos	1
parking	1
parks	1
parkway	1
parlement	1
parlor	1
parnasah	1
parnassah	1
parnossah	1
parolt	1
parshos	1
partake	1
parte	1
parthica	1
particion	1
participate	1
particolari	1
particulary	1
partie	1
parting	1
partir	1
partridges	1
parve	1
pasche	1
pase	1
pashrunia	1
pashtida	1
paske	1
paskesz	1
paskined	1
pasmez	1
pasque	1
passagge	1
passion	1
passionately	1
passione	1
passive	1
passiveness	1
passuum	1
pasteque	1
pasteurization	1
pastime	1
pastries	1
pasulk	1
patau	1
patches	1
paternal	1
path	1
pathway	1
patibulaires	1
patienteducation	1
patremonie	1
patrilineal	1
patron	1
pattern	1
patterns	1
paturim	1
patzua	1
pauken	1
paul	1
paulus	1
pausenius	1
paussels	1
paved	1
paving	1
pavo	1
pavoil	1
pax	1
payer	1
paysach	1
pb	1
pcd	1
peace	1
peacefully	1
pearlman	1
pears	1
peasach	1
pebbles	1
pecan	1
peches	1
pecking	1
peckings	1
peculiar	1
pecunia	1
peddler	1
pediatr	1
pedoilede	1
pedometer	1
pedriere	1
pedruge	1
peeped	1
peer	1
peform	1
pegam	1
peigado	1
peil	1
peilole	1
peine	1
peinture	1
peis	1
peised	1
peision	1
peisle	1
pekidah	1
pel	1
pelaigre	1
pelec	1
pelekan	1
peles	1
pelleh	1
peluches	1
pelvic	1
penail	1
penalized	1
pencils	1
pendelojes	1
pending	1
peneil	1
penetrates	1
penis	1
penknife	1
penne	1
penned	1
pennies	1
pensile	1
pentad	1
pentat	1
pentateuchischen	1
pepek	1
peppers	1
peppery	1
pepsi	1
pepsins	1
pepubs	1
perakim	1
peratis	1
perceive	1
perceived	1
percentages	1
perceptible	1
perches	1
percutaneous	1
perdidas	1
peregrinus	1
perfection	1
perfeita	1
perfumes	1
pergonal	1
periere	1
perimenopause	1
perinatal	1
perineum	1
peripherally	1
perishna	1
peritoneal	1
periviable	1
permacath	1
permecion	1
permissive	1
permutations	1
peroxide	1
perpetrator	1
perplexing	1
persche	1
persecuting	1
persistent	1
persisting	1
persists	1
personality	1
personaly	1
personnel	1
perspective	1
perspiration	1
perspired	1
pertain	1
pertaining	1
perth	1
pertiche	1
pertinent	1
pertucar	1
pertucer	1
pertugiare	1
perushim	1
pesa	1
pesakim	1
pesant	1
pesels	1
pesharah	1
pesle	1
pessimism	1
pessoa	1
pessoal	1
pestel	1
pestor	1
pesudo	1
pesukah	1
pesul	1
pesulim	1
pesulos	1
peterson	1
peticion	1
petitio	1
petrus	1
peturah	1
peturin	1
peyas	1
peyoh	1
peyronie	1
pfarrkirche	1
pfd	1
pflanzennamen	1
pflaster	1
pgt	1
phaseolus	1
phenotype	1
philip	1
philippi	1
phillipa	1
philology	1
phingsten	1
phoenicurus	1
phore	1
phosphor	1
photo	1
photocopies	1
photocopy	1
photograph	1
phototherapy	1
php	1
phrased	1
phraseology	1
phrasing	1
phrygien	1
phylactery	1
phyle	1
physicist	1
physiological	1
physiology	1
physiotherapy	1
pia	1
pichot	1
picked	1
picket	1
pickup	1
pid	1
pied	1
piedje	1
piegato	1
piel	1
pielago	1
pierces	1
pierleoni	1
piety	1
pieu	1
pig	1
pigments	1
pigri	1
pigul	1
pikedure	1
pilates	1
pilatro	1
pilers	1
piles	1
pilgrims	1
piliers	1
pillow	1
pilot	1
pilpier	1
pinchus	1
ping	1
pinhas	1
pinneles	1
pinsk	1
pioneer	1
pioniers	1
pipit	1
pirchas	1
pirchos	1
piretre	1
pirkey	1
pirushim	1
pisellum	1
pishtim	1
piskei	1
pison	1
pistache	1
pistazie	1
pita	1
pittacium	1
pituitary	1
pituy	1
pius	1
placebo	1
placental	1
plague	1
plaignant	1
plaindres	1
plainly	1
plains	1
plaintiff	1
plaire	1
plaise	1
plaiting	1
plaits	1
planchier	1
planiant	1
planted	1
plantez	1
planting	1
planure	1
plasma	1
plastered	1
plastre	1
plat	1
plateau	1
plated	1
platene	1
plating	1
platyrhynchos	1
player	1
playpens	1
plaz	1
plea	1
pleasantness	1
pleased	1
pleases	1
pleasing	1
pleasurable	1
pledge	1
pleiades	1
pleideor	1
pleiede	1
pleiediz	1
pleier	1
pleindres	1
pleins	1
pleisied	1
pleismenz	1
pleonasmus	1
plesier	1
plessis	1
plethra	1
pleura	1
pleut	1
plevra	1
plom	1
plombe	1
plomed	1
plomitz	1
plonte	1
plorer	1
plough	1
plover	1
plow	1
pluches	1
plumbaris	1
plumbum	1
plumbus	1
plume	1
plunger	1
pluripotent	1
plus	1
plusors	1
plusquamperfect	1
plusquamperfetcum	1
plut	1
pms	1
pn	1
pnas	1
poacre	1
poche	1
podium	1
pods	1
poele	1
poet	1
poex	1
pogea	1
poich	1
poicons	1
poiel	1
poile	1
poincons	1
poindre	1
poing	1
poinst	1
pointor	1
pointured	1
pointurer	1
pointures	1
poinz	1
poisle	1
poitou	1
poix	1
poje	1
polet	1
policaire	1
polikeire	1
polishes	1
polishing	1
politeia	1
politeuma	1
pollard	1
polpediz	1
polymenorrhea	1
polymerase	1
polyposis	1
pome	1
pomegranate	1
pomel	1
pomme	1
pommel	1
pomum	1
ponds	1
pong	1
pontifices	1
ponton	1
ponts	1
pontus	1
poplar	1
poplier	1
poppe	1
popping	1
popular	1
populated	1
porceletto	1
porchachiez	1
porchacier	1
porchaciez	1
porches	1
porcient	1
porconsilierent	1
pordetracier	1
porfeisier	1
porjajiez	1
porje	1
porosity	1
porparlanz	1
porparledures	1
porpoint	1
porpointe	1
porport	1
porporter	1
portacath	1
portier	1
portiers	1
porto	1
portray	1
porwantez	1
porwantra	1
porwendrez	1
porwontez	1
posad	1
poschony	1
posement	1
posessions	1
positing	1
positon	1
posits	1
poskem	1
poskened	1
poskens	1
poskims	1
poslos	1
possessing	1
possibilty	1
postdated	1
poste	1
posterne	1
posters	1
posthumius	1
postinor	1
postponed	1
postpositio	1
potatoe	1
pote	1
potent	1
poterim	1
poudre	1
pound	1
pounding	1
poupee	1
pous	1
powdered	1
pox	1
ppc	1
ppd	1
practicality	1
practiced	1
practices	1
prado	1
praefatio	1
praefectus	1
praep	1
praeparat	1
pragmateut	1
pras	1
praternis	1
prawo	1
pray	1
preacher	1
prearranged	1
preceded	1
precedential	1
precept	1
prechire	1
precisamos	1
preciso	1
predecessors	1
predicated	1
predicato	1
predictors	1
prediger	1
prefab	1
prefabricated	1
pregnancies	1
pregnyl	1
preideor	1
preitoneum	1
premedure	1
premenstrual	1
prendendo	1
prepackaged	1
prepares	1
prerequisites	1
presant	1
prescribe	1
prescribing	1
presen	1
presenter	1
presenting	1
preserved	1
preserves	1
president	1
presort	1
pressings	1
presumed	1
presumption	1
presumptions	1
prevailing	1
prevented	1
preventive	1
previa	1
prey	1
priestercodex	1
priesterlichen	1
priesterth	1
priestertuhms	1
prifrasis	1
prim	1
prima	1
primapara	1
primizia	1
princeps	1
principii	1
principles	1
print	1
printers	1
prio	1
priori	1
prios	1
pris	1
privata	1
privaute	1
prived	1
privil	1
privileges	1
privy	1
prl	1
probability	1
probable	1
proceedings	1
procesion	1
proclamation	1
proctor	1
procurator	1
producing	1
productivity	1
produit	1
proeces	1
profession	1
professional	1
professionally	1
profete	1
profit	1
progestative	1
progesterone	1
programming	1
progression	1
progynova	1
prohibitions	1
project	1
prolegomena	1
prolegomeno	1
promise	1
promised	1
promising	1
prone	1
pronounce	1
pronunciation	1
proofread	1
proofs	1
propagate	1
propagated	1
propheta	1
prophetai	1
propheten	1
propheter	1
prophets	1
propile	1
proportional	1
proportionally	1
proposing	1
proposition	1
proprie	1
proprietary	1
proprium	1
proscribed	1
prosnes	1
prosopopoeia	1
prospective	1
prostaglandins	1
prostrating	1
protectaid	1
protected	1
protective	1
protested	1
prothesm	1
protocol	1
protrude	1
proud	1
provaignier	1
provainz	1
provancean	1
proved	1
provencean	1
prover	1
provider	1
provin	1
provinz	1
provoke	1
proxa	1
prozac	1
prr	1
pruneles	1
prunelier	1
prutzot	1
psa	1
psachim	1
psephoi	1
psoriasis	1
psukim	1
psychosis	1
pt	1
ptriarch	1
pubic	1
publicized	1
publicly	1
puggulu	1
pugio	1
pui	1
puisedoire	1
pulcherrimae	1
pulicaria	1
pulse	1
punaise	1
punctured	1
punctures	1
puneise	1
punishabl	1
purchasing	1
puree	1
purg	1
purgat	1
purgier	1
purification	1
purified	1
purported	1
purportedly	1
purposeful	1
purposefully	1
purpura	1
purses	1
purtah	1
pushups	1
putative	1
puy	1
puzzler	1
puzzling	1
pvd	1
pwyzbdxv	1
pxvqbns	1
pxxx	1
pyometra	1
pyrenees	1
pyrethrum	1
python	1
pyxidatus	1
pz	1
qaaaarnqu	1
qcpdsdplxyvti	1
qgz	1
qhsyuxp	1
ql	1
qqr	1
qr	1
qrci	1
qsb	1
qua	1
quac	1
quaker	1
qualit	1
quantification	1
quantit	1
quanto	1
quartz	1
quase	1
quash	1
quasi	1
quaterly	1
queer	1
queerly	1
quelques	1
quercia	1
querquedula	1
quest	1
questa	1
questione	1
questioning	1
questo	1
quietly	1
quilles	1
quis	1
quod	1
qurrbfw	1
qvhazqmc	1
raah	1
raavyah	1
rabahs	1
rabaz	1
rabbenu	1
rabbinate	1
rabbinatsschule	1
rabbinerschule	1
rabbinica	1
rabbit	1
rabe	1
rabim	1
rabracier	1
racha	1
rachatz	1
rachel	1
rachels	1
rachil	1
rachmana	1
rack	1
racwq	1
rada	1
radbaz	1
radford	1
radiance	1
radio	1
radiotherapy	1
radziwil	1
raffa	1
raffles	1
rafne	1
rafu	1
rag	1
ragione	1
rags	1
rah	1
raha	1
rahsb	1
raier	1
raillier	1
raims	1
rainbow	1
raisin	1
raison	1
rajib	1
ram	1
ramach	1
ramerupt	1
rami	1
rammento	1
ramper	1
rana	1
randall	1
rango	1
ranis	1
raoul	1
rapist	1
rapists	1
rappaport	1
rasa	1
rasalie	1
raschi	1
rashashs	1
rasons	1
raspberries	1
rastoire	1
ratio	1
ratts	1
raucus	1
rausch	1
rauy	1
ravan	1
ravina	1
ravins	1
rayon	1
rb	1
rcio	1
rdf	1
rdo	1
rds	1
rea	1
reactions	1
readdressed	1
readily	1
realised	1
realistic	1
realistically	1
reality	1
realizes	1
reallexicon	1
realtor	1
reappears	1
rearguards	1
rearranged	1
rearranging	1
reasoned	1
reattach	1
rebbetzin	1
rebbis	1
rebracier	1
rebuked	1
recall	1
recap	1
receer	1
receipts	1
rechilus	1
rechta	1
rechtes	1
recipient	1
reciproco	1
recitare	1
recitation	1
recognition	1
recommendation	1
recommends	1
reconhecidas	1
reconuyst	1
recooking	1
recovers	1
recredanz	1
recreidre	1
recreistras	1
recti	1
rectified	1
rectifies	1
rectum	1
recuit	1
reculons	1
recuperate	1
recurring	1
redden	1
redegier	1
redejier	1
redemption	1
redial	1
redistributing	1
redstart	1
reduced	1
reduction	1
reechier	1
reeds	1
reehu	1
reelme	1
reem	1
referrence	1
refined	1
refining	1
reflected	1
reflection	1
reflenber	1
reflexions	1
refoler	1
refrains	1
refrait	1
refreit	1
refrigerate	1
refurbished	1
refused	1
refutation	1
refutations	1
refutes	1
reg	1
regain	1
regained	1
regains	1
regardant	1
regarder	1
regel	1
regenpfeifer	1
regens	1
regensburg	1
regime	1
regina	1
regions	1
registers	1
registries	1
regresiler	1
regresiller	1
regrezilerent	1
regrezileront	1
regulating	1
regulation	1
regulatory	1
rehle	1
reiach	1
reie	1
reifen	1
reifenrath	1
reiko	1
reiles	1
reilier	1
reillies	1
reimburse	1
reimburses	1
reimes	1
reimplantation	1
rein	1
reinforced	1
reinforcement	1
reinheitsgesetze	1
reinoliere	1
reinstated	1
reishei	1
reisman	1
reiyee	1
rejection	1
rejuvenation	1
reka	1
relation	1
relaxes	1
releasing	1
reliability	1
relieve	1
reliever	1
religione	1
reluctant	1
remans	1
remanse	1
remark	1
remarking	1
remarks	1
remarriage	1
remedies	1
remembrances	1
remiza	1
remnant	1
remnants	1
remote	1
renal	1
rendered	1
renege	1
renew	1
renom	1
renon	1
rent	1
rental	1
renus	1
repairs	1
repeal	1
repeatedly	1
repentir	1
repentiront	1
repeticion	1
repetitive	1
rephael	1
replacing	1
reply	1
repoduz	1
repondanz	1
reporta	1
reported	1
representative	1
reproach	1
reprochied	1
reprod	1
reprode	1
reproduce	1
reproduced	1
repugnant	1
requisite	1
reroute	1
reschiniant	1
reschiniient	1
rescind	1
resealing	1
resembles	1
reservation	1
reserved	1
reses	1
reset	1
residents	1
resigned	1
resolve	1
resolved	1
resolves	1
resolving	1
resonates	1
respectively	1
respele	1
respiration	1
respit	1
responsible	1
resposta	1
rested	1
restis	1
restreint	1
restricted	1
restrittivo	1
resulting	1
resume	1
resumo	1
retailer	1
reteire	1
retenir	1
reticencia	1
reticulum	1
retint	1
retire	1
retis	1
retorner	1
retors	1
retracts	1
retraire	1
retraist	1
retreient	1
retreiment	1
retreirent	1
retreiront	1
retreis	1
retreist	1
retreiz	1
retting	1
retzutzah	1
reubecula	1
reused	1
revealing	1
reveals	1
revenue	1
reverchdors	1
reverchedors	1
reverchier	1
reversal	1
reversed	1
reverses	1
revert	1
reviit	1
revolves	1
rewards	1
rewriting	1
reyach	1
reyim	1
rger	1
rgos	1
rhenus	1
rheumatic	1
rheumatism	1
rhine	1
rhubarb	1
rhzczyq	1
ria	1
ribam	1
ribs	1
richter	1
richtet	1
richuk	1
riddles	1
rides	1
ridge	1
riding	1
rie	1
riedre	1
riedregardes	1
riemen	1
rigare	1
righteous	1
rigidus	1
rikudim	1
rilus	1
rimless	1
rimonim	1
ringer	1
rinsed	1
rintfleisch	1
riots	1
ripped	1
riser	1
rishhon	1
risson	1
riste	1
risten	1
rit	1
riter	1
rituelle	1
ritzei	1
rivam	1
riviers	1
rivkas	1
rkmspl	1
rkrezs	1
rktln	1
rlxdq	1
rmend	1
rna	1
rnberger	1
rnk	1
ro	1
road	1
robbed	1
robber	1
robbers	1
robbery	1
robbing	1
robert	1
robicula	1
robigo	1
robinson	1
roche	1
rochel	1
rode	1
rodeles	1
rodil	1
rodognedures	1
rodognier	1
rodoniedures	1
rodonte	1
rods	1
roebuck	1
roediger	1
roeh	1
rogatchover	1
roger	1
roi	1
roille	1
rois	1
rokitansky	1
romaine	1
romani	1
romi	1
romulus	1
ron	1
ronce	1
ronine	1
rooming	1
ropes	1
rosa	1
rosalje	1
roschin	1
rosebush	1
rosel	1
rosho	1
rosolie	1
rosonier	1
rosse	1
rossi	1
rosso	1
rotating	1
roter	1
rothstein	1
rotten	1
rotting	1
roughly	1
rounded	1
rounding	1
roux	1
rows	1
roy	1
roza	1
rplnlvb	1
rps	1
rqr	1
rr	1
rsbe	1
rt	1
rtzei	1
ruaglh	1
rubbed	1
rubella	1
rubs	1
ruch	1
ruchniyos	1
rudder	1
rueda	1
rufa	1
rufen	1
ruil	1
ruin	1
ruine	1
ruining	1
ruisels	1
ruler	1
rumen	1
rumex	1
ruminant	1
rumor	1
rump	1
rundown	1
runs	1
rusalie	1
ruse	1
rusty	1
ruth	1
rutie	1
rve	1
rviving	1
rwb	1
rybl	1
ryteht	1
sabbathjahrcyclus	1
sabbatjahrcyclus	1
sabbbos	1
sabbo	1
sabra	1
sabre	1
sacana	1
saccharin	1
saccharine	1
sacelier	1
sacerdote	1
sacks	1
sacrificed	1
sad	1
sadducaismus	1
sadly	1
sadna	1
safardi	1
safeguard	1
safest	1
safra	1
saftey	1
sage	1
sagiv	1
saigal	1
sailers	1
sailing	1
sainte	1
sakaba	1
sakona	1
salaie	1
salami	1
salant	1
salanter	1
salary	1
salatis	1
salazopyrin	1
salceid	1
salche	1
salcis	1
saleie	1
salesmen	1
saliva	1
salje	1
salli	1
salmas	1
salmon	1
salonia	1
salpinectomy	1
salpingostomy	1
salpinxfallopian	1
salsafeh	1
salsanick	1
salsice	1
salsier	1
saluer	1
salvage	1
salvages	1
salvator	1
salwaje	1
salwajes	1
sam	1
sambucus	1
sambue	1
sameach	1
samj	1
samovar	1
samplaski	1
samuch	1
samueloff	1
san	1
sanator	1
sanbaco	1
sanbue	1
sanbuels	1
sanbug	1
sanc	1
sanctification	1
sanctifies	1
sanctuary	1
sanctus	1
sandals	1
sandbox	1
sandek	1
sanger	1
sanh	1
sanitary	1
sanitation	1
sanus	1
sanz	1
saole	1
sapone	1
saraceni	1
sarahs	1
sarazine	1
sarcler	1
sardines	1
sart	1
sartedure	1
sasu	1
sat	1
satetd	1
satiated	1
satiation	1
satisfacory	1
satisfaction	1
satisfied	1
satmar	1
saturated	1
saturn	1
saturnalia	1
saule	1
saum	1
sauta	1
savigny	1
savle	1
savo	1
savoir	1
sayana	1
sayef	1
sbc	1
sc	1
scacchi	1
scaf	1
scald	1
scallion	1
scarfs	1
scatter	1
scattering	1
scatters	1
scavenger	1
schang	1
schaprade	1
schareb	1
scharo	1
sche	1
schedule	1
schedules	1
scheinberg	1
schimmel	1
schlamm	1
schlammsyphons	1
schnitzel	1
schol	1
scholarship	1
scholien	1
scholion	1
schools	1
schreien	1
schrift	1
schuldopfer	1
schultz	1
schwalba	1
schwalbe	1
schwimmer	1
schwom	1
scie	1
scientist	1
scion	1
scissors	1
scj	1
scolopax	1
scolopendid	1
scoops	1
score	1
scorpions	1
scotch	1
scott	1
scourge	1
scrambled	1
scratching	1
scrawled	1
screamed	1
scriber	1
scribes	1
scriptured	1
scripural	1
scrolls	1
scrollthat	1
scrubbing	1
scrupulous	1
scutella	1
sdd	1
sealant	1
seaports	1
searched	1
searching	1
season	1
seasonal	1
seasons	1
seating	1
seats	1
seaweed	1
sebid	1
secare	1
sechae	1
sechece	1
sechel	1
sechet	1
secondo	1
secretarium	1
secrete	1
secretion	1
secretly	1
security	1
sedate	1
sedative	1
sediments	1
seducer	1
seeadler	1
seeming	1
seetreat	1
sefarim	1
seforim	1
segaleh	1
segel	1
segrima	1
seguintes	1
segulos	1
seh	1
sehadi	1
seie	1
seient	1
seiniere	1
seir	1
seirons	1
seit	1
seized	1
sekel	1
selech	1
selecting	1
selfish	1
selfsame	1
seller	1
sells	1
selvatico	1
semach	1
semag	1
semanciee	1
semi	1
semichah	1
seminarprogr	1
seminary	1
semitic	1
semonz	1
sen	1
senble	1
senechal	1
senes	1
seneschals	1
senior	1
seniorie	1
seniors	1
senne	1
sensibile	1
sensibilidade	1
sensors	1
sentenced	1
sentida	1
sentimental	1
sentir	1
senz	1
sephardi	1
sephardic	1
september	1
sequence	1
sequins	1
seran	1
seraphium	1
sereifah	1
sereine	1
seriefah	1
series	1
seris	1
serjentrie	1
serology	1
seropositive	1
serors	1
serpe	1
serra	1
serrated	1
sertes	1
servanz	1
servir	1
seshan	1
session	1
sestier	1
sethos	1
sethosis	1
setirah	1
settles	1
seudas	1
seur	1
sevara	1
seventy	1
sever	1
severance	1
sevil	1
sevrer	1
sewed	1
sewerage	1
sex	1
sexuality	1
sfardi	1
sfeik	1
sfeika	1
sfeiko	1
sfek	1
sfgvjsmzv	1
sga	1
sha	1
shaabat	1
shaagas	1
shaani	1
shaas	1
shabat	1
shabbosim	1
shabbosthey	1
shabtai	1
shade	1
shades	1
shaft	1
shah	1
shahar	1
shaken	1
shaking	1
shalach	1
shalet	1
shalit	1
shalm	1
shaloch	1
shamati	1
shamoa	1
shampoo	1
shani	1
shapes	1
shar	1
sharecropper	1
sharpen	1
sharpness	1
shatel	1
shatz	1
shav	1
shaver	1
shaves	1
shaving	1
shaw	1
shayich	1
sheain	1
sheamru	1
sheath	1
sheavar	1
shechinto	1
shechutei	1
sheep	1
shefachot	1
shehecheyanu	1
shehiyah	1
sheila	1
sheim	1
sheinee	1
sheiner	1
sheitel	1
shekasuv	1
shekatuv	1
shekel	1
shekilin	1
shelamim	1
shelf	1
shelishis	1
shelli	1
shemah	1
shemaitsa	1
shemen	1
shemeshir	1
shemona	1
shemoneh	1
shemus	1
shena	1
shenos	1
shenuyah	1
sheochel	1
sherbondy	1
sherry	1
sheshet	1
shesi	1
shevet	1
shevuas	1
shewbread	1
sheyasa	1
sheyecholah	1
shhi	1
shibbolei	1
shiber	1
shichrur	1
shiduch	1
shifcha	1
shifchah	1
shigegas	1
shikah	1
shikcha	1
shiltei	1
shimshon	1
shimshone	1
shimushay	1
shines	1
shinuy	1
shir	1
shirai	1
shirts	1
shitas	1
shituf	1
shivers	1
shkeidim	1
shkia	1
shkiya	1
shleima	1
shlishis	1
shlomoh	1
shmei	1
shmona	1
shmone	1
shmuels	1
shneihem	1
shnolah	1
shocked	1
shoel	1
shoelaces	1
shoemaker	1
shoemakers	1
shomea	1
shomer	1
shook	1
shooting	1
shoots	1
shops	1
shore	1
shoreh	1
shorter	1
shoteh	1
shoulders	1
shouted	1
shoveh	1
shovelful	1
showering	1
shraga	1
shrank	1
shrira	1
shrubs	1
shtarei	1
shteeble	1
shter	1
shternbuch	1
shtieblach	1
shtus	1
shua	1
shuddering	1
shufw	1
shutfim	1
shutfus	1
shuts	1
shutting	1
shuttle	1
shuvah	1
shvuos	1
siamece	1
siamese	1
siamo	1
siano	1
sibling	1
siblings	1
sich	1
sicilian	1
siddurim	1
sie	1
sieben	1
siegle	1
sifra	1
sifter	1
sige	1
signal	1
significa	1
significado	1
signify	1
signum	1
siheyeh	1
sihyeh	1
sikarik	1
sikns	1
sildenafil	1
silks	1
sill	1
sillogismo	1
silonense	1
simanei	1
simbolik	1
simhah	1
simili	1
simmer	1
simon	1
simplified	1
simul	1
simultaneously	1
sinb	1
sinc	1
sincontra	1
sindrome	1
singe	1
singolare	1
sini	1
sinje	1
sinking	1
sinned	1
sinning	1
sinople	1
sinus	1
sips	1
sirbunis	1
siren	1
sirena	1
sirva	1
sisanstader	1
sisera	1
sisgodedu	1
sisgodidu	1
sisterfrom	1
sites	1
siting	1
sitten	1
situate	1
situps	1
sitzungsber	1
sitzungsbericht	1
siyum	1
sizing	1
skalk	1
skarbut	1
skate	1
skeins	1
skerpa	1
ski	1
skill	1
skimping	1
skits	1
skull	1
sky	1
skype	1
slacken	1
slain	1
slanter	1
slap	1
slaughter	1
slave	1
slavian	1
sle	1
sled	1
sleeps	1
sleepy	1
slicers	1
slicing	1
slide	1
slider	1
slightest	1
slingplasty	1
slipping	1
slit	1
sm	1
smacks	1
smart	1
smartphone	1
smartwatch	1
smash	1
smashed	1
smearing	1
smoked	1
smoothed	1
smoothly	1
smooths	1
snag	1
snake	1
snap	1
snapped	1
snapple	1
snaps	1
sneakers	1
sneezes	1
snipe	1
snowballs	1
snzvlgeof	1
soapwart	1
soapwort	1
soc	1
socanie	1
sochal	1
sochiach	1
societies	1
socii	1
socrm	1
sodium	1
sofah	1
sofrim	1
sofrir	1
sofrirei	1
soganie	1
soggetto	1
sogro	1
sohaemus	1
soheidement	1
soheit	1
soie	1
soies	1
soiled	1
soiles	1
soit	1
sola	1
solcier	1
soldez	1
soledoire	1
solely	1
soles	1
solete	1
solives	1
sollst	1
solomon	1
solutions	1
solve	1
solved	1
solving	1
somach	1
somaich	1
somber	1
someach	1
someilier	1
someillier	1
someones	1
sometime	1
soms	1
sonnenblume	1
sonogram	1
sonu	1
soothes	1
sor	1
sorcanie	1
sorcil	1
sorcilos	1
sorfeisiez	1
sorina	1
sorparled	1
sorparlediz	1
sorparlez	1
sorsamez	1
sorsemez	1
soscanie	1
sospira	1
sospirdiz	1
sospirer	1
sospiriel	1
sospirose	1
sotahs	1
sottoseritto	1
souches	1
soufrir	1
sought	1
soul	1
soupirail	1
soupirer	1
soupy	1
souquenille	1
sovine	1
sovins	1
soy	1
sp	1
spacing	1
spades	1
spangen	1
spanhem	1
spanish	1
spare	1
sparrows	1
spasinu	1
spazieren	1
specchio	1
specialibus	1
specialized	1
specialty	1
specifications	1
spectrum	1
specularia	1
speculate	1
speculum	1
speed	1
speeds	1
speise	1
speisegesetze	1
sperber	1
spermatic	1
spermogram	1
speroff	1
speziale	1
spiciness	1
spicing	1
spikes	1
spin	1
spina	1
spindel	1
spins	1
spira	1
spirit	1
spirla	1
spite	1
spitting	1
spittle	1
spitzmaus	1
splashes	1
splenda	1
splendur	1
splinters	1
spoiled	1
spoils	1
spontaneously	1
spool	1
sporn	1
sport	1
spouses	1
spouted	1
sprachgelehrten	1
sprang	1
sprayer	1
sprechen	1
sprinkling	1
sprouting	1
sq	1
squ	1
squamo	1
squareness	1
squares	1
squaring	1
squats	1
squeaking	1
squeaky	1
sr	1
srbrct	1
src	1
srztfr	1
sschan	1
ssen	1
ssing	1
sswv	1
staar	1
stables	1
stack	1
stacking	1
stage	1
stages	1
stair	1
staircase	1
stairway	1
stake	1
stakes	1
stalk	1
stalls	1
stamps	1
standpoint	1
stapled	1
stapler	1
staright	1
starter	1
starvation	1
stary	1
stating	1
statistic	1
statistically	1
stead	1
steal	1
stealing	1
steamed	1
steering	1
steinbock	1
stele	1
stenosis	1
stereo	1
sterile	1
sterke	1
sterlet	1
sternbuch	1
sternum	1
steroids	1
stiften	1
stifts	1
stiftszelt	1
stilerman	1
stillbirth	1
stilts	1
stina	1
stipulate	1
stipulated	1
stirring	1
stirrup	1
stockings	1
stoechas	1
stok	1
stola	1
stoll	1
stolz	1
stoned	1
stoneware	1
stoppel	1
stops	1
storch	1
storekeeper	1
stork	1
stovetop	1
straighten	1
strain	1
strained	1
strait	1
strak	1
stranger	1
strata	1
straus	1
strauss	1
strawberry	1
streams	1
streets	1
strengthened	1
strengthening	1
strengthens	1
streptococcus	1
streptopelia	1
stretched	1
strettamente	1
strife	1
strikes	1
stringing	1
stripes	1
strix	1
strollers	1
stropha	1
studied	1
studying	1
stuff	1
stuffing	1
stultus	1
stumps	1
stupid	1
stuptint	1
sturzpelekan	1
stute	1
stuttgart	1
suab	1
suas	1
sub	1
subchorionic	1
subcutaneous	1
subgroup	1
subjective	1
subjonctif	1
submerging	1
submetida	1
submission	1
submitted	1
subsequentes	1
substantial	1
substantive	1
subsumed	1
subtilianimo	1
subtraction	1
successfully	1
successors	1
succos	1
suceras	1
sucier	1
sucking	1
suconscious	1
sucre	1
sud	1
sudarium	1
suddetta	1
sudor	1
suede	1
suez	1
suffering	1
sufficiently	1
sugars	1
suggesting	1
suggestions	1
suiere	1
suitcases	1
sukah	1
sukka	1
sulfasalazine	1
sulfate	1
sulfur	1
sulfurizing	1
sulfus	1
sullied	1
sulze	1
sunblock	1
sundial	1
sunflowernsa	1
sunglasses	1
sunken	1
sunlight	1
suo	1
sup	1
superintendent	1
superlative	1
supervisor	1
supplement	1
supplements	1
supposedly	1
supposes	1
suppositories	1
sura	1
surg	1
surgeons	1
surmise	1
surprising	1
surrogacy	1
surrogate	1
surround	1
surrounded	1
survival	1
survive	1
susceptibility	1
suspencion	1
suspend	1
suspended	1
suspension	1
sustain	1
sustenance	1
sv	1
svl	1
svo	1
sw	1
swan	1
swayed	1
swears	1
sweatpants	1
sweaty	1
sweets	1
swimsuit	1
swine	1
swinging	1
swings	1
swipes	1
switched	1
switches	1
swore	1
syfxyhk	1
sylvia	1
symbols	1
syn	1
synarel	1
synclinal	1
syndromew	1
synecdoche	1
synonomia	1
synopse	1
synopsis	1
syphilis	1
syriaca	1
syruacus	1
syrup	1
syrups	1
syst	1
systematic	1
systolic	1
szq	1
taam	1
taama	1
taana	1
taanah	1
taanus	1
taaruvos	1
taas	1
taber	1
tabernacle	1
tabernacles	1
tableau	1
tablet	1
tabor	1
tabula	1
tachat	1
taches	1
tachshit	1
tactics	1
tacts	1
tadition	1
taful	1
taharas	1
tailor	1
tails	1
tajed	1
tajer	1
tajez	1
takanna	1
takeoff	1
talah	1
talc	1
talenn	1
talks	1
tall	1
taller	1
talm	1
talmidei	1
talpes	1
tamaric	1
tamarisko	1
tamb	1
tameh	1
tamoxi	1
tamoxifen	1
tamper	1
tams	1
tanaaim	1
tanach	1
tanbor	1
tangent	1
tangible	1
tanis	1
tannic	1
tannin	1
tanple	1
tanto	1
tantum	1
taping	1
tapinois	1
tapir	1
tardiwe	1
tarel	1
targe	1
tarim	1
tarsus	1
tartuge	1
tarud	1
tas	1
tasches	1
tashlumav	1
tashlumei	1
tashlumim	1
tashlumin	1
tasks	1
tasteless	1
taster	1
tat	1
tattooing	1
taurus	1
tautly	1
tavi	1
tavul	1
taxation	1
taxe	1
taxi	1
tay	1
tbaazwbgehexsl	1
tbfeuym	1
tbsps	1
tbygbexmrx	1
teachings	1
teal	1
tealies	1
tealights	1
tearfully	1
teaspoon	1
techailet	1
technique	1
techniques	1
technologies	1
teenage	1
teething	1
tefachim	1
tefiilin	1
tefilla	1
tefillah	1
tefira	1
tehillim	1
tehorah	1
teilant	1
teint	1
teinture	1
teir	1
teisi	1
teison	1
tekst	1
teliers	1
temas	1
temeah	1
temeim	1
tempered	1
tempia	1
templemount	1
templo	1
templum	1
tempramentum	1
tenaiiles	1
tenaille	1
tenant	1
tenants	1
tend	1
tendencies	1
tendler	1
tendre	1
tenir	1
tenpeillon	1
tenpeilon	1
tenprer	1
tenrums	1
tens	1
tension	1
tenues	1
tephereth	1
tephilin	1
tepidum	1
tepor	1
ter	1
terafim	1
terceine	1
tercel	1
tere	1
terepine	1
tergo	1
teriake	1
terminal	1
terminated	1
termination	1
terminology	1
terne	1
ternedoire	1
tertian	1
terud	1
terumas	1
terumat	1
tesa	1
teshuv	1
testamentum	1
testatio	1
teste	1
testimonii	1
testis	1
testosterone	1
tests	1
testudo	1
tet	1
tetanus	1
tetragrammaton	1
tevale	1
teve	1
tevillas	1
tevor	1
tevul	1
tevulas	1
tewale	1
texting	1
teyuvta	1
tf	1
tfillin	1
tfuurayss	1
tg	1
tggsbxvz	1
tgp	1
thadmor	1
thalidomide	1
tharcien	1
thaubastum	1
thbuarp	1
thebais	1
thee	1
theikkar	1
theme	1
theodoret	1
theoretic	1
theoretically	1
theories	1
theos	1
thereafter	1
therefor	1
thereto	1
theriac	1
thermoses	1
thetmosis	1
theyre	1
theyve	1
thicken	1
thickened	1
thickness	1
thighbone	1
thighs	1
thine	1
thinkers	1
thinner	1
thirds	1
thirsty	1
thirteen	1
thirteenth	1
thje	1
thomas	1
thorough	1
thoughts	1
thousand	1
thousands	1
threaded	1
threaten	1
thrillers	1
thrombocytopenic	1
thrombophilia	1
thrombosis	1
throwing	1
thrums	1
thrust	1
thumb	1
thumbtacks	1
thumosis	1
thurday	1
thymine	1
ti	1
tiberias	1
tichal	1
tidal	1
tieve	1
tights	1
tigli	1
tigris	1
tih	1
tijdschrift	1
tikin	1
tikun	1
til	1
tilbash	1
tilly	1
tilmad	1
tilt	1
timidus	1
timon	1
timsah	1
timtza	1
tinge	1
tinitiner	1
tinkertoys	1
tinter	1
tinterent	1
tintin	1
tintinonz	1
tinuks	1
tiny	1
tip	1
tiphuon	1
tiphynum	1
tires	1
tiretm	1
tischendorf	1
tishmaun	1
tison	1
tisons	1
titen	1
tithes	1
titltul	1
titolo	1
titura	1
tityoi	1
tiule	1
tium	1
tive	1
tiyul	1
tiyulim	1
tizku	1
tjlbhx	1
tjswbf	1
tkxaljlz	1
tkynatn	1
tnm	1
toar	1
toaster	1
toasts	1
todays	1
todo	1
tofos	1
tohar	1
toiled	1
tolant	1
toldot	1
toledo	1
tolerate	1
tolerated	1
tolerates	1
tollere	1
tomo	1
tonels	1
toner	1
tonics	1
tonn	1
toothed	1
toppings	1
toppled	1
tops	1
torat	1
torch	1
torche	1
toreilon	1
tormenta	1
tormentos	1
tormentum	1
tornado	1
tornadoes	1
tornede	1
tornediz	1
toronto	1
torpor	1
torrential	1
torsion	1
torter	1
tortilla	1
torurios	1
torz	1
tos	1
tosafists	1
tosafus	1
tosef	1
tosefas	1
tosefots	1
tosts	1
totaling	1
tourist	1
tournant	1
tourner	1
tovah	1
tovelet	1
toxemia	1
toxoplasma	1
tp	1
tpzbb	1
tra	1
trabem	1
tracheostomy	1
tracking	1
tracks	1
tract	1
tractors	1
tracy	1
trademark	1
tradespeople	1
traditionally	1
tradizionale	1
tragacantha	1
tragbett	1
tragbutte	1
tragpette	1
tragputte	1
traianus	1
traina	1
trainer	1
traist	1
trames	1
tramis	1
trampled	1
tranchant	1
tranchiez	1
trans	1
transaction	1
transactions	1
transcutaneous	1
transfers	1
transformed	1
transforming	1
transgressors	1
transito	1
translucency	1
transmission	1
transmit	1
transmitted	1
transplanted	1
transplants	1
transvaginal	1
trapeza	1
traps	1
traumatic	1
travela	1
travelled	1
travelling	1
traver	1
trays	1
tre	1
treacle	1
treadings	1
treasurer	1
treatises	1
treats	1
trebor	1
trecedoirs	1
treces	1
tref	1
treifah	1
treifos	1
treilier	1
treillier	1
treit	1
tremendous	1
tremor	1
trenblant	1
trenble	1
trenblent	1
trenbler	1
treper	1
tresalement	1
trescharjier	1
tresjeted	1
tresjeter	1
tresorier	1
tresoverts	1
trespasent	1
trespasser	1
trespercera	1
trespercerint	1
tresrest	1
trever	1
trevs	1
tribunus	1
trichter	1
trickle	1
triege	1
trieje	1
trigger	1
trijes	1
trikl	1
trinta	1
tripolitika	1
trisomy	1
tritiare	1
triumphalis	1
trivella	1
trmqwimnudtjk	1
trobar	1
trog	1
troil	1
troja	1
troje	1
tronches	1
troncon	1
troncons	1
trop	1
trope	1
trophectoderm	1
tropicana	1
tropus	1
trou	1
troubadour	1
trouble	1
trouvere	1
trova	1
trovasi	1
truck	1
truffe	1
truffles	1
trumah	1
trunks	1
tseis	1
tshuvah	1
tsp	1
tsrichuta	1
tsvi	1
tt	1
ttf	1
ttts	1
tuber	1
tuchen	1
tudeles	1
tudes	1
tudrus	1
tuesday	1
tufre	1
tufts	1
tumas	1
tumilath	1
tumor	1
tums	1
tune	1
tunica	1
tunis	1
tunnel	1
tunneled	1
tupfen	1
tupperware	1
turei	1
turibulum	1
turim	1
turkish	1
turpentine	1
turquois	1
turtle	1
turtur	1
tutoring	1
tuttle	1
tuv	1
tuvres	1
tux	1
tuxedo	1
tvilah	1
tvpulp	1
tvt	1
tvxbyhurmgu	1
tweeze	1
tweezer	1
twig	1
twile	1
twisting	1
txoqt	1
txrksqzxwnalwr	1
tycho	1
tygerberg	1
tylenol	1
tympanon	1
tzadik	1
tzadikim	1
tzadiks	1
tzais	1
tzar	1
tzarko	1
tzedakah	1
tzedeq	1
tzedq	1
tzemach	1
tzenuos	1
tzeroros	1
tzion	1
tzitzus	1
tzivah	1
tzneuot	1
tznius	1
tznuos	1
tzom	1
tzomet	1
tzon	1
tzonua	1
tzorach	1
tzorchei	1
tzorcho	1
tzoveah	1
tzricha	1
tzrichos	1
tzurey	1
tzviah	1
uae	1
ub	1
ubaal	1
ubanim	1
ubar	1
ubeged	1
uberlieferung	1
ubgb	1
ucf	1
uchenegdan	1
udnolasrn	1
udsche	1
ue	1
uette	1
ufyfvtusxxg	1
ugerushah	1
uggests	1
uhob	1
uhr	1
uhu	1
uhua	1
uhv	1
ui	1
uiseries	1
uisseries	1
uk	1
ukinuyim	1
ulas	1
ulcerative	1
uleprpo	1
ulhaba	1
ulipristal	1
ulla	1
ullas	1
ulrebbi	1
ultaameich	1
ultra	1
ultrasonographic	1
ultraviolet	1
ulxjjdtr	1
umaalah	1
umasa	1
umbilical	1
umemkar	1
umeshiv	1
umidoraisa	1
umutar	1
unanimously	1
unavailable	1
unblemished	1
unblown	1
unblutigen	1
unbraiding	1
unbreakable	1
unbroken	1
uncoated	1
unconditionally	1
uncongugated	1
unconsciousness	1
uncover	1
underage	1
undercook	1
undercooked	1
undergown	1
underschuch	1
underscores	1
undershoe	1
understandable	1
underwent	1
undetected	1
undifferentiated	1
undyed	1
uneasy	1
uneyabem	1
unfairly	1
unfamiliar	1
unflavored	1
unfocused	1
unfortunate	1
unfounded	1
unfulfilled	1
ungares	1
ungeziefer	1
unhappy	1
unicorne	1
unified	1
unintentional	1
uninterrupted	1
unitatis	1
univers	1
universale	1
universally	1
university	1
unjust	1
unknown	1
unload	1
unmarked	1
unnecesary	1
unnecessarily	1
unperforated	1
unprotected	1
unprovoked	1
unraveling	1
unrecognizable	1
unrelenting	1
unreliable	1
unresolved	1
unrestrained	1
unrolling	1
unruly	1
unsafe	1
unstitch	1
unsuccessful	1
unsuspecting	1
unters	1
untersucht	1
untersuchungen	1
unto	1
untruth	1
unused	1
unwanted	1
unwind	1
unwinding	1
unwittingly	1
unwrapped	1
unzipping	1
uomini	1
uorcykgcs	1
upalga	1
upcoming	1
upkeep	1
uplifting	1
uploadedfiles	1
upmc	1
uporesh	1
uproar	1
uprutzos	1
uptodate	1
upupa	1
urd	1
urethra	1
urethrae	1
urethritis	1
urim	1
urinal	1
urine	1
urogynecology	1
urology	1
urschrif	1
urschrify	1
urticaceae	1
usable	1
usec	1
useless	1
usemach	1
usha	1
usr	1
usw	1
uswe	1
ut	1
uteri	1
uti	1
utica	1
utilization	1
utilized	1
uuj	1
uv	1
uva	1
uvas	1
uvdin	1
uvechoro	1
uven	1
uvitah	1
uvitta	1
uvs	1
uvula	1
uxoram	1
uxwihz	1
uzv	1
vaachos	1
vacation	1
vaccinated	1
vadils	1
vaginitis	1
vaginoscopy	1
vaginosis	1
vagisil	1
vai	1
vain	1
valaciclovir	1
valcyte	1
valeria	1
valerie	1
valganciclovir	1
valida	1
valter	1
valued	1
vanah	1
vanellus	1
vapors	1
var	1
varah	1
variables	1
variations	1
varim	1
vary	1
varying	1
vaseh	1
vasopressin	1
vasu	1
vat	1
vatalah	1
vater	1
vaticana	1
vautrer	1
vayelamed	1
vayidra	1
vbfexogf	1
vcf	1
vchalatz	1
vchayavin	1
vchen	1
vchichesh	1
vchiper	1
vchol	1
vduy	1
vdxrb	1
vece	1
veces	1
vedilie	1
vedriol	1
vegetarians	1
veile	1
veinah	1
vekasher	1
vekiruv	1
velum	1
vem	1
vene	1
venetum	1
venezia	1
venom	1
venteler	1
venter	1
ventose	1
ventouse	1
venture	1
venue	1
veram	1
verbally	1
verbum	1
vereins	1
verga	1
vergne	1
verloben	1
verne	1
verner	1
verruos	1
verschiedenen	1
versohnungsfestes	1
verum	1
vervas	1
verzoendag	1
ves	1
veshen	1
veshes	1
vesperum	1
vestedure	1
vetches	1
vetrina	1
vetriolo	1
vey	1
vh	1
vhalchah	1
vhalo	1
vhameitiv	1
vhanhagos	1
vhayah	1
vhen	1
vhhlsrdjvj	1
vholech	1
vicari	1
vicedominus	1
vicinity	1
vicks	1
victoria	1
victorie	1
vidame	1
videos	1
videotaping	1
vidons	1
viduy	1
viennese	1
viens	1
vieren	1
viewing	1
vifoqzt	1
vigilae	1
vigne	1
vignera	1
vii	1
viigklis	1
viili	1
villate	1
villi	1
villosus	1
vim	1
vimo	1
vindicate	1
violate	1
viole	1
violently	1
violes	1
violet	1
violets	1
vire	1
virtus	1
virulenta	1
visha	1
visibly	1
visitors	1
visits	1
vist	1
vitality	1
vitamin	1
vitofel	1
vitry	1
vius	1
vivarium	1
vivienne	1
vivra	1
viy	1
vj	1
vkaamar	1
vkatum	1
vkulan	1
vlcmmylpob	1
vlidrosh	1
vligmar	1
vlos	1
vlsbz	1
vm	1
vmn	1
vneakrei	1
vnichresa	1
vnishmarta	1
vnishuk	1
vnoz	1
vocabitur	1
vocacion	1
vocalized	1
vocalizing	1
voile	1
vois	1
volcano	1
volde	1
voll	1
volleyball	1
voltrer	1
volumes	1
voluminoso	1
vorrat	1
vorst	1
vous	1
vow	1
vqy	1
vr	1
vrebbi	1
vrequires	1
vrueven	1
vsachir	1
vshav	1
vshavah	1
vsiqk	1
vsu	1
vtaher	1
vtaherah	1
vtbdf	1
vtumim	1
vuide	1
vulpoi	1
vultur	1
vulvovaginal	1
vuv	1
vuvin	1
vv	1
vvfwdyq	1
vvg	1
vvtsc	1
vvxjyrgqoi	1
vx	1
vyatzah	1
vyiftor	1
wache	1
wachtel	1
wad	1
wadienkeediym	1
wadils	1
wages	1
wails	1
waists	1
waiters	1
wakes	1
waking	1
waledes	1
walee	1
walkn	1
walks	1
wallet	1
walnut	1
walter	1
wandered	1
wandte	1
wangemann	1
wanne	1
wantement	1
warbler	1
wards	1
ware	1
warmth	1
warn	1
warping	1
warps	1
warrant	1
warsaw	1
warts	1
warty	1
wascrud	1
washwater	1
wasilian	1
waskorte	1
wasps	1
wasser	1
wasserman	1
wassmer	1
wasted	1
watches	1
waterfall	1
wather	1
waze	1
wbxywwdw	1
wcqkgziyuyezaxh	1
wdzlbb	1
weakened	1
weapon	1
wearers	1
wears	1
weary	1
weathered	1
weave	1
web	1
websites	1
webster	1
wece	1
weces	1
wedant	1
wedeler	1
wediles	1
wedilie	1
wediz	1
wedlock	1
wedriol	1
weeding	1
weekend	1
weeping	1
weh	1
weihe	1
weinberger	1
weineted	1
weis	1
weise	1
weiser	1
weiss	1
welding	1
wellh	1
wellhausensch	1
wells	1
wendlstein	1
wenize	1
wenter	1
wentose	1
werdure	1
weren	1
weritel	1
werjuz	1
werke	1
wermine	1
werminiers	1
werner	1
werolz	1
werteil	1
wertir	1
weruos	1
wespe	1
westcott	1
westedure	1
western	1
westheim	1
wetted	1
wg	1
wgkb	1
wh	1
wheatear	1
wheelchair	1
whever	1
whi	1
whilst	1
whirling	1
whirlwind	1
whiskey	1
whistling	1
wi	1
wiatsx	1
wice	1
wick	1
wicked	1
wickedness	1
wickers	1
wicket	1
widons	1
widower	1
wiedehopf	1
wiesel	1
wifi	1
wiki	1
wikler	1
wilde	1
wilder	1
wildlife	1
wilkinson	1
willan	1
willebroek	1
willful	1
willfully	1
willig	1
willingness	1
willson	1
winder	1
windier	1
winding	1
windowpane	1
windowpanes	1
wings	1
winner	1
winning	1
winokur	1
wiole	1
wioles	1
wiped	1
wird	1
wisconsin	1
wise	1
wisniowiecki	1
wissen	1
wissensch	1
wissenschaftliche	1
wisswnsch	1
wither	1
withered	1
withhold	1
withstand	1
witnessed	1
wiwier	1
wj	1
wkkaq	1
wkmsjhwbvcau	1
wlodzimierz	1
wlos	1
wme	1
wmxlazf	1
wncxyddzhfuy	1
wodwes	1
wogue	1
wohnung	1
woie	1
woke	1
wolfu	1
wolltoirs	1
wolte	1
woltoir	1
woltors	1
woltrer	1
woly	1
womanly	1
wonderful	1
wonders	1
wong	1
woods	1
woolen	1
wools	1
wooster	1
workaround	1
worker	1
worlds	1
worshipped	1
worshippers	1
worships	1
worthless	1
worthwhile	1
wosner	1
wounded	1
wr	1
wrath	1
wriiten	1
wringing	1
wrinkled	1
wrist	1
wrists	1
writ	1
writer	1
wrongful	1
wrongfully	1
wrting	1
ws	1
wtitten	1
wuided	1
wuides	1
wuk	1
wurzelunters	1
wv	1
wvfnqyzrapa	1
wy	1
wzajemny	1
wzuf	1
xantinus	1
xdf	1
xenophanes	1
xerxes	1
xewe	1
xffyevxr	1
xghcwnk	1
xhetrfdiej	1
xi	1
xiapex	1
xii	1
xiii	1
xil	1
xis	1
xiv	1
xj	1
xl	1
xosbef	1
xotx	1
xox	1
xpzlyoyrd	1
xsens	1
xsxhfct	1
xt	1
xttrvzwkadpaoa	1
xxii	1
xxiii	1
xxtn	1
xxvii	1
xxxv	1
xylocaine	1
xzwkalvabrvtulzmimh	1
yaachilenah	1
yaakovs	1
yaavetz	1
yabam	1
yabasha	1
yachdav	1
yackov	1
yadehah	1
yaels	1
yafeh	1
yahoo	1
yairi	1
yaleh	1
yanuach	1
yashar	1
yasir	1
yasmin	1
yavo	1
yc	1
ye	1
yearbook	1
yearning	1
yechalel	1
yechiel	1
yegaleh	1
yehayahu	1
yehei	1
yehezkel	1
yehonasan	1
yekkis	1
yellowhammer	1
yellowish	1
yemei	1
yerech	1
yerid	1
yerucham	1
yerushah	1
yerushalaim	1
yerushalayimers	1
yerushalim	1
yerushalmis	1
yerushalyim	1
yervamoth	1
yeshai	1
yeshivas	1
yeshivish	1
yesodei	1
yesomim	1
yetzias	1
yevimtah	1
yevimto	1
yevmah	1
yhq	1
yhqpxxvvq	1
yi	1
yibums	1
yiday	1
yiddish	1
yield	1
yigaleh	1
yiheyu	1
yikach	1
yikachu	1
yiladito	1
yin	1
yinasen	1
yirei	1
yirmeyah	1
yirmiyahu	1
yissakhar	1
yitamei	1
yithar	1
yitnu	1
yitzhak	1
yitzkhak	1
yivmim	1
ykserrj	1
yldpggjnlmymiyiiiiep	1
yn	1
ynann	1
yo	1
yochal	1
yoda	1
yodaim	1
yohanan	1
yoledes	1
yomi	1
yomtov	1
yonahs	1
yoreh	1
yoret	1
yorshei	1
yosefs	1
yosei	1
yoseyg	1
yosher	1
yosis	1
yotsai	1
yotzai	1
yotze	1
yotzi	1
youll	1
younge	1
yourselves	1
youth	1
youthful	1
yovo	1
ypt	1
yrs	1
yses	1
yszjslutogxdsfwy	1
yudan	1
yudin	1
yuva	1
yvjs	1
ywxxm	1
yxa	1
yzovmvc	1
za	1
zadok	1
zag	1
zahav	1
zakanti	1
zanah	1
zaro	1
zarus	1
zatzal	1
zav	1
zbjkgw	1
zbxly	1
zchus	1
zecher	1
zeeah	1
zeev	1
zeh	1
zeicher	1
zeida	1
zekano	1
zekukaso	1
zeloso	1
zelt	1
zelusah	1
zeman	1
zera	1
zerah	1
zeraim	1
zeriah	1
zero	1
zeugma	1
zevachim	1
zevahim	1
zfy	1
zhen	1
zhu	1
zhxvjotivj	1
zig	1
zika	1
zima	1
zing	1
ziona	1
ziploc	1
zippers	1
zipping	1
ziptie	1
zirkind	1
zizania	1
zljsxmx	1
zolkiev	1
zomemin	1
zor	1
zoreh	1
zou	1
zq	1
ztuz	1
zuckermann	1
zuellig	1
zuhama	1
zupnicks	1
zurts	1
zusammenkunftsbestimmung	1
zuta	1
zvjdppvgt	1
zvmamazreo	1
zwerchfell	1
zx	1
zxfvvvvx	1
zynpa	1
