aramaic,hebrew,score,verses
ליששכר,ליששכר,2.0000,3
נתנאל,נתנאל,2.0000,10
אחירע,אחירע,2.0000,10
רעואל,רעואל,2.0000,14
ומררי,ומררי,2.0000,6
ושמעי,ושמעי,2.0000,7
ועזיאל,ועזיאל,2.0000,4
ומושי,ומושי,2.0000,4
לגרשונ,לגרשונ,2.0000,4
אליצפנ,אליצפנ,2.0000,4
למררי,למררי,2.0000,4
ידר,ידר,2.0000,4
וככל,וככל,2.0000,4
אלדד,אלדד,2.0000,3
עמיאל,עמיאל,2.0000,5
אחימנ,אחימנ,2.0000,4
וכלב,וכלב,2.0000,4
ודתנ,ודתנ,2.0000,6
מישראל,מישראל,2.0000,28
ואלעזר,ואלעזר,2.0000,19
מידבא,מידבא,2.0000,5
עלתכ,עלתכ,2.0000,6
כזבי,כזבי,2.0000,4
לזרח,לזרח,2.0000,4
ואוננ,ואוננ,2.0000,4
תולע,תולע,2.0000,5
למכיר,למכיר,2.0000,5
ומכיר,ומכיר,2.0000,3
ושכמ,ושכמ,2.0000,4
צלפחד,צלפחד,2.0000,14
ותרצה,ותרצה,2.0000,5
ונעמנ,ונעמנ,2.0000,5
אביהוא,אביהוא,2.0000,4
הרנ,הרנ,2.0000,11
ממרה,ממרה,2.0000,4
דבלתימה,דבלתימה,2.0000,4
כסלונ,כסלונ,2.0000,3
קמואל,קמואל,2.0000,4
פלטיאל,פלטיאל,2.0000,3
ולאדמ,ולאדמ,2.0000,4
למכ,למכ,2.0000,16
וצלה,וצלה,2.0000,4
קיננ,קיננ,2.0000,10
מהללאל,מהללאל,2.0000,10
מתושלח,מתושלח,2.0000,10
ונשי,ונשי,2.0000,8
ומשכ,ומשכ,2.0000,3
ויונ,ויונ,2.0000,4
וכנענ,וכנענ,2.0000,4
וארפכשד,וארפכשד,2.0000,6
יובב,יובב,2.0000,7
ארפכשד,ארפכשד,2.0000,6
שרוג,שרוג,2.0000,8
תרח,תרח,2.0000,14
בחרנ,בחרנ,2.0000,4
ואברמ,ואברמ,2.0000,6
ולוט,ולוט,2.0000,8
ואברהמ,ואברהמ,2.0000,16
ושרה,ושרה,2.0000,6
לשרה,לשרה,2.0000,8
בגרר,בגרר,2.0000,4
לאבימלכ,לאבימלכ,2.0000,6
יחידכ,יחידכ,2.0000,6
לנחור,לנחור,2.0000,6
ובתואל,ובתואל,2.0000,4
ורגלי,ורגלי,2.0000,3
בארי,בארי,2.0000,3
יהודית,יהודית,2.0000,6
לוז,לוז,2.0000,4
לרחל,לרחל,2.0000,10
בפדנ,בפדנ,2.0000,6
שלחתני,שלחתני,2.0000,4
פנואל,פנואל,2.0000,6
ושמעונ,ושמעונ,2.0000,6
צבעונ,צבעונ,2.0000,8
אהליבמה,אהליבמה,2.0000,8
יעוש,יעוש,2.0000,6
ואהליבמה,ואהליבמה,2.0000,4
אומר,אומר,2.0000,4
קנז,קנז,2.0000,8
שובל,שובל,2.0000,4
דישנ,דישנ,2.0000,6
אצר,אצר,2.0000,4
עכבור,עכבור,2.0000,7
בשכמ,בשכמ,2.0000,10
אוננ,אוננ,2.0000,4
כלתכ,כלתכ,2.0000,4
ופרעה,ופרעה,2.0000,5
כספי,כספי,2.0000,3
וקומו,וקומו,2.0000,3
ופלוא,ופלוא,2.0000,4
וכרמי,וכרמי,2.0000,4
ויכינ,ויכינ,2.0000,4
וימינ,וימינ,2.0000,4
ימואל,ימואל,2.0000,4
גרא,גרא,2.0000,7
ברבת,ברבת,2.0000,3
ומשלמ,ומשלמ,2.0000,3
ולעוג,ולעוג,2.0000,4
תודת,תודת,2.0000,4
לעזאזל,לעזאזל,2.0000,6
תלקט,תלקט,2.0000,6
ונפג,ונפג,2.0000,3
אחיסמכ,אחיסמכ,2.0000,6
ובמה,ובמה,2.0000,6
ואהליאב,ואהליאב,2.0000,4
יותמ,יותמ,2.0000,12
עכור,עכור,2.0000,5
כיונה,כיונה,2.0000,3
יהוצדק,יהוצדק,2.0000,6
שראצר,שראצר,2.0000,3
ועקרונ,ועקרונ,2.0000,4
באשדוד,באשדוד,2.0000,4
מאפרימ,מאפרימ,2.0000,3
יתקע,יתקע,2.0000,3
בבקעת,בבקעת,2.0000,3
מגבע,מגבע,2.0000,3
כושנ,כושנ,2.0000,3
זבדי,זבדי,2.0000,3
ולמלכה,ולמלכה,2.0000,3
מלכיש,מלכיש,2.0000,4
בעזה,בעזה,2.0000,3
עכסה,עכסה,2.0000,4
עתניאל,עתניאל,2.0000,4
וחצור,וחצור,2.0000,3
אביעזר,אביעזר,2.0000,4
שאנ,שאנ,2.0000,4
דאר,דאר,2.0000,3
צרעה,צרעה,2.0000,4
עבדונ,עבדונ,2.0000,3
געש,געש,2.0000,3
מציונ,מציונ,2.0000,5
ונינוה,ונינוה,2.0000,3
בנינוה,בנינוה,2.0000,3
מגלת,מגלת,2.0000,3
בנהר,בנהר,2.0000,3
אלגביש,אלגביש,2.0000,3
עפרה,עפרה,2.0000,3
פתרוס,פתרוס,2.0000,3
במקדשי,במקדשי,2.0000,3
בלשכת,בלשכת,2.0000,3
ושמואל,ושמואל,2.0000,11
ובשנת,ובשנת,2.0000,5
פשחור,פשחור,2.0000,6
ליהויקימ,ליהויקימ,2.0000,5
אלנתנ,אלנתנ,2.0000,3
חנמאל,חנמאל,2.0000,4
ויונתנ,ויונתנ,2.0000,5
ושריה,ושריה,2.0000,4
במואב,במואב,2.0000,3
בעשא,בעשא,2.0000,21
לאדומ,לאדומ,2.0000,4
וארפד,וארפד,2.0000,3
חמוטל,חמוטל,2.0000,3
יהויכינ,יהויכינ,2.0000,6
אמוצ,אמוצ,2.0000,10
מדמשק,מדמשק,2.0000,3
אליקימ,אליקימ,2.0000,9
ויואח,ויואח,2.0000,6
ספרוימ,ספרוימ,2.0000,5
אבישג,אבישג,2.0000,4
חגית,חגית,2.0000,4
ובניהו,ובניהו,2.0000,7
וצדוק,וצדוק,2.0000,4
לאדניהו,לאדניהו,2.0000,4
ושלמה,ושלמה,2.0000,4
מגת,מגת,2.0000,5
אחילוד,אחילוד,2.0000,4
מחולה,מחולה,2.0000,3
כעמכ,כעמכ,2.0000,4
ומבני,ומבני,2.0000,3
הדדעזר,הדדעזר,2.0000,9
בדמשק,בדמשק,2.0000,4
וירבעמ,וירבעמ,2.0000,4
לירבעמ,לירבעמ,2.0000,8
נמשי,נמשי,2.0000,4
משמרונ,משמרונ,2.0000,4
ויהושפט,ויהושפט,2.0000,7
יהורמ,יהורמ,2.0000,12
זבוב,זבוב,2.0000,4
ליורמ,ליורמ,2.0000,3
ואחזיהו,ואחזיהו,2.0000,3
ויהוא,ויהוא,2.0000,7
יהואש,יהואש,2.0000,16
פקחיה,פקחיה,2.0000,3
תגלת,תגלת,2.0000,3
בבזק,בבזק,2.0000,3
בזק,בזק,2.0000,3
אהוד,אהוד,2.0000,5
ואהוד,ואהוד,2.0000,3
בעפרה,בעפרה,2.0000,3
וצלמנע,וצלמנע,2.0000,6
באבימלכ,באבימלכ,2.0000,3
געל,געל,2.0000,9
מצרעה,מצרעה,2.0000,3
ומנוח,ומנוח,2.0000,3
דלילה,דלילה,2.0000,6
ויהונתנ,ויהונתנ,2.0000,13
אלקנה,אלקנה,2.0000,8
במכמש,במכמש,2.0000,3
ואבנר,ואבנר,2.0000,6
ואבישי,ואבישי,2.0000,6
ואביגיל,ואביגיל,2.0000,3
אמנונ,אמנונ,2.0000,17
לאמנונ,לאמנונ,2.0000,3
ואחימעצ,ואחימעצ,2.0000,3
ועמשא,ועמשא,2.0000,4
וברזלי,וברזלי,2.0000,3
עירא,עירא,2.0000,3
ושאול,ושאול,1.9574,23
יהוידע,יהוידע,1.9574,23
ירבעמ,ירבעמ,1.9562,67
חנוכ,חנוכ,1.9512,20
צבאות,צבאות,1.9491,249
יונתנ,יונתנ,1.9487,19
בחברונ,בחברונ,1.9459,18
ודוד,ודוד,1.9459,36
אחיקמ,אחיקמ,1.9459,18
יהוא,יהוא,1.9444,35
אבימלכ,אבימלכ,1.9429,68
שפנ,שפנ,1.9429,17
נבוזראדנ,נבוזראדנ,1.9355,15
עמיהוד,עמיהוד,1.9310,14
אלישמע,אלישמע,1.9310,14
ואביהוא,ואביהוא,1.9310,14
זלפה,זלפה,1.9310,14
ובכל,ובכל,1.9266,105
ככל,ככל,1.9259,130
בחשבונ,בחשבונ,1.9259,13
יהואחז,יהואחז,1.9259,13
בתואל,בתואל,1.9200,12
בדוד,בדוד,1.9200,12
עמינדב,עמינדב,1.9130,11
אליספ,אליספ,1.9130,11
נונ,נונ,1.9130,44
וליעקב,וליעקב,1.9130,22
אליאב,אליאב,1.9091,21
ובמדברא,ובמדבר,1.9091,5
וירמיה,וירמיהו,1.9091,4
עמונ,עמונ,1.9080,83
פלג,פלג,1.9048,10
ועיני,ועיני,1.9048,10
יערימ,יערימ,1.9048,10
ויואב,ויואב,1.9048,10
הדד,הדד,1.8983,28
יהונתנ,יהונתנ,1.8969,46
וכל,וכל,1.8949,685
שלמיאל,שלמיאל,1.8947,9
גמליאל,גמליאל,1.8947,9
פדהצור,פדהצור,1.8947,9
אבידנ,אבידנ,1.8947,9
פגעיאל,פגעיאל,1.8947,9
עכרנ,עכרנ,1.8947,9
ורחל,ורחל,1.8947,9
בניהו,בניהו,1.8947,9
אכיש,אכיש,1.8947,18
נעמנ,נעמנ,1.8947,9
ויהושע,ויהושע,1.8909,26
יתקעונ,יתקעו,1.8889,7
עשרונא,עשרונ,1.8889,12
ידבקונ,ידבקו,1.8889,4
ובעופא,ובעופ,1.8889,7
וכרובא,וכרוב,1.8889,4
ובכספא,ובכספ,1.8889,4
קיקיונ,הקיקיונ,1.8889,4
דקישונ,קישונ,1.8889,4
במשיחא,במשיח,1.8889,3
או,או,1.8852,345
אליצור,אליצור,1.8824,8
שדיאור,שדיאור,1.8824,8
אחיעזר,אחיעזר,1.8824,8
עמישדי,עמישדי,1.8824,8
ובינכ,ובינכ,1.8824,24
באדומ,באדומ,1.8824,8
מבבל,מבבל,1.8824,8
בגבעונ,בגבעונ,1.8824,8
רצינ,רצינ,1.8824,8
ועלי,ועלי,1.8824,8
אחימעצ,אחימעצ,1.8824,8
לאסא,לאסא,1.8824,8
מנחמ,מנחמ,1.8824,8
רבקה,רבקה,1.8734,37
יהויקימ,יהויקימ,1.8723,22
דעואל,דעואל,1.8667,7
במדינ,במדינ,1.8667,7
שמואל,שמואל,1.8667,91
ימינכ,ימינכ,1.8667,7
ובעמכ,ובעמכ,1.8667,7
זכריה,זכריה,1.8667,7
רבשקה,רבשקה,1.8667,14
אבנר,אבנר,1.8667,35
נבט,נבט,1.8667,21
ואלישע,ואלישע,1.8667,7
אחימלכ,אחימלכ,1.8667,7
נדב,נדב,1.8605,20
עיננ,עיננ,1.8571,13
מכיר,מכיר,1.8571,13
בעופא,בעופ,1.8571,6
מצידא,מציד,1.8571,4
דעיבל,עיבל,1.8571,8
בכרמא,בכרמ,1.8571,4
ולקטא,ולקט,1.8571,4
לעניי,לעני,1.8571,4
בחרמא,בחרמ,1.8571,3
תבכונ,תבכו,1.8571,3
תתאסר,תאסר,1.8571,3
יהושע,יהושע,1.8529,170
כל,כל,1.8464,2681
ואיתמר,ואיתמר,1.8462,6
וקהת,וקהת,1.8462,6
להושע,להושע,1.8462,6
וישראל,וישראל,1.8462,24
חגלה,חגלה,1.8462,6
ככוכבי,ככוכבי,1.8462,12
לרבקה,לרבקה,1.8462,6
ורבקה,ורבקה,1.8462,6
לוטנ,לוטנ,1.8462,6
אסנת,אסנת,1.8462,6
ושמי,ושמי,1.8462,6
וחור,וחור,1.8462,6
אורי,אורי,1.8462,6
לדריוש,לדריוש,1.8462,6
דגונ,דגונ,1.8462,6
יהושפט,יהושפט,1.8462,24
אוריה,אוריה,1.8462,24
ישי,ישי,1.8462,24
עמרי,עמרי,1.8462,12
אבינדב,אבינדב,1.8462,6
בתרצה,בתרצה,1.8462,6
ביזרעאל,ביזרעאל,1.8462,6
מררי,מררי,1.8400,23
ויעקב,ויעקב,1.8400,23
נבוכדראצר,נבוכדראצר,1.8400,23
ובירושלמ,ובירושל,1.8395,11
יהודה,יהודה,1.8386,467
מירושלמ,מירושל,1.8384,26
בלהה,בלהה,1.8378,17
בכל,בכל,1.8355,396
ובנחליא,ובנחלימ,1.8333,4
ובפרשינ,ובפרשימ,1.8333,3
זמרי,זמרי,1.8333,11
עקרונ,עקרונ,1.8333,11
ואהרנ,ואהרנ,1.8308,92
עדה,עדה,1.8286,16
רחבעמ,רחבעמ,1.8286,16
ממצרימ,ממצרימ,1.8210,117
עמרמ,עמרמ,1.8182,10
מחר,מחר,1.8182,45
ואבירמ,ואבירמ,1.8182,10
קריתימ,קריתימ,1.8182,5
עוצ,עוצ,1.8182,5
ממרא,ממרא,1.8182,15
דמשק,דמשק,1.8182,20
ואבימלכ,ואבימלכ,1.8182,5
דע,דע,1.8182,5
מעכה,מעכה,1.8182,10
סכות,סכות,1.8182,10
לאמתכ,לאמתכ,1.8182,5
קרבנכ,קרבנכ,1.8182,5
עכנ,עכנ,1.8182,5
חפני,חפני,1.8182,5
דעו,דעו,1.8182,5
ויוחננ,ויוחננ,1.8182,5
ושבנא,ושבנא,1.8182,5
אביגיל,אביגיל,1.8182,5
אלעזר,אלעזר,1.8154,59
שאול,שאול,1.8149,255
בביתכ,בביתכ,1.8113,24
דינה,דינה,1.8065,14
נבות,נבות,1.8065,14
אחאב,אחאב,1.8053,51
אלישע,אלישע,1.8049,37
בישראל,בישראל,1.8000,108
ונשיהונ,ונשיהמ,1.8000,7
יאיר,יאיר,1.8000,9
לנפשתיכונ,לנפשתיכמ,1.8000,5
וגמלינ,וגמלימ,1.8000,7
וישמעאל,וישמעאל,1.8000,9
דגרר,גרר,1.8000,6
לגמליא,לגמלימ,1.8000,4
אליפז,אליפז,1.8000,9
יורמ,יורמ,1.8000,9
מעבדי,מעבדי,1.8000,9
וחגא,וחג,1.8000,4
ובנחשא,ובנחשת,1.8000,5
כימא,כימ,1.8000,3
חושי,חושי,1.8000,9
ציבא,ציבא,1.8000,9
יואש,יואש,1.7959,22
שרה,שרה,1.7944,48
דוד,דוד,1.7940,431
חירמ,חירמ,1.7931,13
בבני,בבני,1.7910,30
פעור,פעור,1.7895,17
לעשו,לעשו,1.7895,17
צדוק,צדוק,1.7895,17
מיכה,מיכה,1.7895,17
בלק,בלק,1.7879,59
נח,נח,1.7812,57
מכל,מכל,1.7796,214
אהרנ,אהרנ,1.7789,354
ובעיני,ובעיני,1.7778,12
וחברונ,וחברונ,1.7778,4
ולאבירמ,ולאבירמ,1.7778,4
מחרנ,מחרנ,1.7778,4
מדנ,מדנ,1.7778,8
וקומ,וקומ,1.7778,4
צפו,צפו,1.7778,4
בשבע,בשבע,1.7778,4
שפמ,שפמ,1.7778,4
כארבע,כארבע,1.7778,4
מגלה,מגלה,1.7778,4
וביהודה,וביהודה,1.7778,4
תפוח,תפוח,1.7778,4
אבימ,אבימ,1.7778,4
אהליבה,אהליבה,1.7778,4
ממגדל,ממגדל,1.7778,4
לנבוכדראצר,לנבוכדראצר,1.7778,4
עזריה,עזריה,1.7778,4
מעשיה,מעשיה,1.7778,4
גוזנ,גוזנ,1.7778,4
בחירי,בחירי,1.7778,4
ואביתר,ואביתר,1.7778,4
ליואש,ליואש,1.7778,4
ליש,ליש,1.7778,4
ופינחס,ופינחס,1.7778,4
קיש,קיש,1.7778,4
במדברא,במדבר,1.7722,167
שלמה,שלמה,1.7712,120
בשמרונ,בשמרונ,1.7705,27
וביניכונ,וביניכמ,1.7692,16
יואב,יואב,1.7692,69
יזרעאלה,היזרעאלי,1.7692,8
לברכא,לברכ,1.7687,10
יצחק,יצחק,1.7668,125
אבשלומ,אבשלומ,1.7667,53
אסא,אסא,1.7647,15
ראובנ,ראובנ,1.7634,82
ומשה,ומשה,1.7627,26
צוער,צוער,1.7600,11
ולבני,ולבני,1.7600,22
אביתר,אביתר,1.7600,11
במשה,במשה,1.7500,7
שוחמ,השוחמי,1.7500,4
חירתא,החירת,1.7500,8
כספנא,כספנו,1.7500,6
נמות,נמות,1.7500,14
בגלעד,בגלעד,1.7500,7
ותכלא,ותכלת,1.7500,10
צפניה,צפניה,1.7500,7
בגת,בגת,1.7500,7
אבו,אבו,1.7500,7
יוחננ,יוחננ,1.7500,7
צרויה,צרויה,1.7500,14
איזבל,איזבל,1.7500,14
דבשור,הבשור,1.7500,3
עשהאל,עשהאל,1.7500,7
שבע,שבע,1.7494,171
שמשונ,שמשונ,1.7465,31
ולברכא,ולברכ,1.7436,6
כחטאתא,כחטאת,1.7436,6
בירדנא,בירדנ,1.7436,6
רמליהו,רמליהו,1.7391,10
מיכיהו,מיכיהו,1.7391,10
ובינ,ובינ,1.7385,113
משה,משה,1.7384,967
ודבש,ודבש,1.7349,36
מזרעא,מזרע,1.7333,14
עמודי,עמודי,1.7333,13
וידעונ,וידעו,1.7327,61
קומ,קומ,1.7297,48
יתרו,יתרו,1.7297,16
אברמ,אברמ,1.7290,67
ולאחתיה,ולאחתו,1.7273,4
ומנחתיה,ומנחתו,1.7273,8
נחור,נחור,1.7273,19
הידעתונ,הידעתמ,1.7273,4
מבתיכונ,מבתיכמ,1.7273,3
ובמנרתא,ובמנרה,1.7273,4
ביריעתא,ביריעה,1.7273,4
ובחימתי,ובחמתי,1.7273,4
גמליהונ,גמליהמ,1.7273,3
אבינועמ,אבינעמ,1.7273,4
פרעה,פרעה,1.7255,286
בשנת,בשנת,1.7248,47
תמות,תמות,1.7231,28
יעקב,יעקב,1.7224,304
ישלמ,ישלמ,1.7222,31
ולכל,ולכל,1.7188,55
עגלת,עגלת,1.7143,6
הושע,הושע,1.7143,6
בידי,בידי,1.7143,30
וחגלה,וחגלה,1.7143,3
ומלכה,ומלכה,1.7143,3
כמנחת,כמנחת,1.7143,3
ודעו,ודעו,1.7143,6
מאילמ,מאילמ,1.7143,3
יקטנ,יקטנ,1.7143,3
ותדעל,ותדעל,1.7143,3
ואחי,ואחי,1.7143,3
ולשרה,ולשרה,1.7143,3
בוז,בוז,1.7143,3
ולרבקה,ולרבקה,1.7143,3
מפדנ,מפדנ,1.7143,6
חננ,חננ,1.7143,6
יעלמ,יעלמ,1.7143,6
וליוספ,וליוספ,1.7143,3
ועוד,ועוד,1.7143,9
ואדרעי,ואדרעי,1.7143,3
גולנ,גולנ,1.7143,3
תחמד,תחמד,1.7143,3
כנפשכ,כנפשכ,1.7143,3
תל,תל,1.7143,3
יפתח,יפתח,1.7143,27
ולאמתכ,ולאמתכ,1.7143,3
מפרעה,מפרעה,1.7143,3
מבשל,מבשל,1.7143,3
תכפר,תכפר,1.7143,3
אשפוכ,אשפוכ,1.7143,3
בכנפ,בכנפ,1.7143,3
תיבש,תיבש,1.7143,3
עזקה,עזקה,1.7143,3
לעגלונ,לעגלונ,1.7143,3
עדלמ,עדלמ,1.7143,3
גנימ,גנימ,1.7143,3
ודמות,ודמות,1.7143,6
רדפי,רדפי,1.7143,3
ברבלה,ברבלה,1.7143,3
ולשלמה,ולשלמה,1.7143,3
כדוד,כדוד,1.7143,6
חזאל,חזאל,1.7143,12
לעזריה,לעזריה,1.7143,3
עמוס,עמוס,1.7143,6
צלמנע,צלמנע,1.7143,3
לאחימלכ,לאחימלכ,1.7143,3
אבישי,אבישי,1.7143,9
צקלג,צקלג,1.7143,3
ומפיבשת,ומפיבשת,1.7143,3
באבניא,באבנימ,1.7100,19
אליהו,אליהו,1.7087,44
ישמעאל,ישמעאל,1.7079,38
ליצחק,ליצחק,1.7073,35
עוד,עוד,1.7042,291
אחז,אחז,1.7037,23
לאה,לאה,1.7021,40
ליסודא,יסוד,1.7000,17
מומא,מומ,1.6981,25
ולא,ולא,1.6975,1260
בידכ,בידכ,1.6970,56
במצרימ,במצרימ,1.6933,69
גבעונ,גבעונ,1.6923,11
בלעמ,בלעמ,1.6914,74
דסיני,סיני,1.6911,56
לא,לא,1.6895,2470
במלכא,במלכ,1.6883,15
העל,העל,1.6842,8
זרבבל,זרבבל,1.6842,8
בעמודא,בעמוד,1.6790,8
כברכתא,כברכת,1.6790,4
בתנורא,בתנור,1.6790,4
כמדברא,כמדבר,1.6790,4
עד,עד,1.6785,885
יוספ,יוספ,1.6779,250
נתניה,נתניה,1.6774,13
תשעינ,תשעימ,1.6739,11
ישראל,ישראל,1.6698,1750
ארבע,ארבע,1.6697,91
דגשנ,גשנ,1.6683,19
למנשה,למנשה,1.6667,5
חרמה,חרמה,1.6667,5
מלכה,מלכה,1.6667,20
רעו,רעו,1.6667,10
חרבכ,חרבכ,1.6667,5
בעמכ,בעמכ,1.6667,5
אשדוד,אשדוד,1.6667,5
אגג,אגג,1.6667,5
מפיבשת,מפיבשת,1.6667,5
סטית,שטית,1.6667,4
ומבר,ומבנ,1.6667,3
ואתאבלו,ויתאבלו,1.6667,5
נחנא,נחנו,1.6667,4
חמישאי,חמישי,1.6667,4
לגרר,גררה,1.6667,4
לגמלכ,לגמליכ,1.6667,4
וקברו,ויקברו,1.6667,20
לחרנ,חרנה,1.6667,3
ללוז,לוזה,1.6667,4
ולטומ,ולט,1.6667,4
ולמצראי,ולמצרימ,1.6667,4
ופתחו,ויפתחו,1.6667,3
ארנבא,הארנבת,1.6667,4
שחפא,השחפ,1.6667,4
דאביבא,האביב,1.6667,8
וסמכו,ויסמכו,1.6667,4
מאלהכ,מאלהיכ,1.6667,10
וויהונ,וויהמ,1.6667,12
רדפיא,הרדפימ,1.6667,3
ותקעו,ויתקעו,1.6667,6
בניתונ,בניתמ,1.6667,3
לפרת,פרתה,1.6667,3
שלחתינונ,שלחתימ,1.6667,5
כלביא,הכלבימ,1.6667,9
ומשחו,וימשחו,1.6667,4
בקרנת,בקרנות,1.6667,3
לפלשתאי,לפלשתימ,1.6667,4
משחתכ,משחתיכ,1.6667,4
דכנענ,כנענ,1.6665,118
ובני,ובני,1.6644,124
מנשה,מנשה,1.6632,79
למלכי,למלכי,1.6615,27
והוא,והוא,1.6565,176
בירושלמ,בירושל,1.6530,71
תשקצונ,תשקצו,1.6528,7
בהיכלא,בהיכל,1.6528,7
לשבטיכונ,לשבטיכמ,1.6513,7
לבעלא,לבעל,1.6508,16
אשתיתי,שתיתי,1.6508,4
כנשרא,כנשר,1.6508,8
וזרתא,וזרת,1.6508,4
מפלת,מפלתכ,1.6508,4
נפתלי,נפתלי,1.6500,33
ובירקונא,ובירקונ,1.6484,3
ולישראל,ולישראל,1.6471,7
מחלה,מחלה,1.6471,7
בפרעה,בפרעה,1.6471,7
גוג,גוג,1.6471,7
נריה,נריה,1.6471,7
וביומא,וביומ,1.6447,64
ירמיה,ירמיהו,1.6425,90
ירבעל,ירבעל,1.6364,9
וממדברא,וממדבר,1.6364,3
אשקיני,השקיני,1.6364,5
האת,האתה,1.6364,10
דבענתות,בענתות,1.6364,3
תוסיפינ,תוסיפי,1.6364,3
לעיני,לעיני,1.6333,49
נפשתיכונ,נפשתיכמ,1.6331,24
שכמ,שכמ,1.6311,42
בני,בני,1.6299,1255
בשמת,בשמת,1.6296,11
פינחס,פינחס,1.6296,11
נפשה,נפשה,1.6296,22
וארבע,וארבע,1.6271,48
לכל,לכל,1.6270,253
מנחת,מנחת,1.6250,13
לשלמה,לשלמה,1.6250,13
גדעונ,גדעונ,1.6250,26
לכפרא,לכפר,1.6223,38
ועד,ועד,1.6222,161
אמרו,אמרו,1.6207,47
לעבדינ,לעבדימ,1.6200,18
תמרדונ,תמרדו,1.6190,3
דצבוימ,צבוימ,1.6190,3
באצבעא,באצבע,1.6190,3
כתנורא,כתנור,1.6190,3
כמלאכא,כמלאכ,1.6190,3
בכרמלא,בכרמל,1.6190,3
מהיכלא,מהיכל,1.6190,3
תמר,תמר,1.6170,19
אמכ,אמכ,1.6170,19
ויהודה,ויהודה,1.6170,19
בקברא,בקבר,1.6149,10
רחל,רחל,1.6140,46
ופלשתאי,ופלשתימ,1.6129,15
דפארנ,פארנ,1.6095,13
ומלכיהונ,ומלכיהמ,1.6084,5
ואמרנא,ונאמר,1.6049,13
אפרימ,אפרימ,1.6034,95
נחשונ,נחשונ,1.6000,8
ויסמכונ,וסמכו,1.6000,8
ששי,ששי,1.6000,4
וידע,וידע,1.6000,22
ואתקברת,ותקבר,1.6000,6
ולעיני,ולעיני,1.6000,4
חוה,חוה,1.6000,4
נעמה,נעמה,1.6000,4
ותבל,ותבל,1.6000,4
גרגשאי,הגרגשי,1.6000,5
ומגדל,ומגדל,1.6000,4
ולה,ולה,1.6000,4
ויצחק,ויצחק,1.6000,10
בלוט,בלוט,1.6000,4
ללאה,ללאה,1.6000,4
במאה,במאה,1.6000,4
שמלה,שמלה,1.6000,4
שוע,שוע,1.6000,4
לתמר,לתמר,1.6000,4
ועכברא,והעכבר,1.6000,3
ובתי,ובתי,1.6000,6
בשמכ,בשמכ,1.6000,6
מימינהונ,מימינמ,1.6000,4
ומחר,ומחר,1.6000,4
לכלב,לכלב,1.6000,4
בצלאל,בצלאל,1.6000,8
אהליאב,אהליאב,1.6000,4
בארבע,בארבע,1.6000,4
תלמי,תלמי,1.6000,4
יהודי,יהודי,1.6000,4
אשקלונ,אשקלונ,1.6000,6
רמונ,רמונ,1.6000,10
חצור,חצור,1.6000,10
מגדו,מגדו,1.6000,4
ענת,ענת,1.6000,4
ויקברונ,וקברו,1.6000,4
רצפה,רצפה,1.6000,4
ולב,ולב,1.6000,4
בצרה,בצרה,1.6000,4
עמשא,עמשא,1.6000,4
ואבשלומ,ואבשלומ,1.6000,6
דסינ,סינ,1.6000,8
זרתא,זרת,1.6000,4
לעיניכונ,לעיניכמ,1.5923,9
מושי,המושי,1.5918,3
מלחמא,מלחמ,1.5918,3
בצלמא,בצלמ,1.5918,3
מאורא,מאור,1.5918,3
תתגרי,תתגר,1.5918,3
בגלגלא,בגלגל,1.5918,9
תשתינ,תשתי,1.5918,3
בעזיא,בעזימ,1.5909,5
תשלחונ,תשלחו,1.5906,8
אברהמ,אברהמ,1.5879,158
חברונ,חברונ,1.5862,23
עבדכ,עבדכ,1.5798,94
כהנא,הכהנ,1.5797,454
במצפיא,במצפה,1.5789,9
חייכ,חייכ,1.5758,13
עברו,עברו,1.5738,24
ומנחתהונ,ומנחתמ,1.5723,25
גד,גד,1.5714,66
נדריה,נדרו,1.5714,4
בוכרכ,בכרכ,1.5714,6
צמחנ,צמחות,1.5714,4
וטבל,ויטבל,1.5714,5
נר,נר,1.5714,11
ולכונ,ולכמ,1.5714,4
ארדופ,ארדפ,1.5714,3
ולבבל,ובבל,1.5714,3
ותקע,ויתקע,1.5714,6
על,על,1.5707,2706
פגריכונ,פגריכמ,1.5702,5
שבטיכונ,שבטיכמ,1.5702,10
לאברהמ,לאברהמ,1.5692,51
לפדנ,פדנה,1.5686,8
עדריא,העדרימ,1.5686,8
ורדפו,וירדפו,1.5686,16
בשופריא,בשופרות,1.5686,8
שמכ,שמכ,1.5676,29
בשלה,בשלה,1.5652,9
כלב,כלב,1.5652,27
יעזר,יעזר,1.5652,9
נינוה,נינוה,1.5652,9
עילמ,עילמ,1.5652,9
חגי,חגי,1.5652,9
יזרעאל,יזרעאל,1.5652,9
ושבע,ושבע,1.5619,41
נפשכ,נפשכ,1.5616,57
ליעקב,ליעקב,1.5573,51
לבני,לבני,1.5561,163
כעינ,כעינ,1.5556,7
דתנ,דתנ,1.5556,7
וספדו,ויספדו,1.5556,7
לרבלת,רבלתה,1.5556,4
קומי,קומי,1.5484,12
עפרונ,עפרונ,1.5484,12
עמודא,עמוד,1.5476,10
שמי,שמי,1.5472,41
ואמרו,ויאמרו,1.5470,336
תתנ,תתנ,1.5462,46
שמעונ,שמעונ,1.5455,34
ותתקעונ,ותקעתמ,1.5455,8
עזה,עזה,1.5455,17
בה,בה,1.5453,243
בידנא,בידנו,1.5441,15
לנשינ,לנשימ,1.5441,15
אמנ,אמנ,1.5429,27
מקברינ,מקברימ,1.5429,3
ותשעינ,ותשעימ,1.5429,6
וזיתינ,וזיתימ,1.5429,3
בחגא,בחג,1.5429,6
ובשבעא,ובשבעה,1.5429,3
כטלא,כטל,1.5429,3
מקדשינ,מקדשימ,1.5429,3
דזיפ,זיפ,1.5429,3
וכוכביא,וכוכבימ,1.5429,3
אילילו,הילילו,1.5400,11
חנכת,חנכת,1.5385,5
כספכ,כספכ,1.5385,5
ברחל,ברחל,1.5385,5
לאנשי,לאנשי,1.5385,5
יונדב,יונדב,1.5385,5
לאבנר,לאבנר,1.5385,5
וחמש,וחמש,1.5368,73
אחינועמ,אחינעמ,1.5354,4
לחטאתא,לחטאת,1.5338,54
גרשונ,גרשונ,1.5333,23
ואמר,ויאמר,1.5324,2217
ממדברא,ממדבר,1.5315,15
נסכינ,נסכימ,1.5312,7
דאוליד,הולידו,1.5304,33
ומכל,ומכל,1.5294,13
שביעאה,השביעי,1.5259,103
קרח,קרח,1.5258,37
יששכר,יששכר,1.5238,24
בנחלא,בנחל,1.5238,16
אמונ,אמונ,1.5238,8
עיני,עיני,1.5200,38
ודמ,ודמ,1.5172,11
תזרע,תזרע,1.5172,11
ארבעינ,ארבעימ,1.5166,99
שקוציהונ,שקוציהמ,1.5165,6
ורגליהונ,ורגליהמ,1.5165,3
לארבעתהנ,לארבעתנ,1.5165,3
אחינ,אחימ,1.5152,15
פרשיא,הפרשימ,1.5152,5
בציונ,בציונ,1.5135,14
בשביא,בשבי,1.5132,11
מקדשכונ,מקדשכמ,1.5114,7
ימות,ימות,1.5111,51
ברקיעא,ברקיע,1.5111,6
לאלפי,לאלפימ,1.5111,6
דירמות,ירמות,1.5111,4
דעגלונ,עגלונ,1.5111,4
בינ,בינ,1.5061,154
ומרימ,ומרימ,1.5000,3
בקנאתי,בקנאתי,1.5000,3
מרעמסס,מרעמסס,1.5000,3
לאילמ,אילמה,1.5000,3
יעקנ,יעקנ,1.5000,3
קומו,קומו,1.5000,15
ובה,ובה,1.5000,3
ואשתי,ואשתה,1.5000,3
לאבוכ,לאביכ,1.5000,5
ונפתלי,ונפתלי,1.5000,6
לתמנת,תמנתה,1.5000,6
בעבדכ,בעבדכ,1.5000,3
ומנשה,ומנשה,1.5000,3
בשעיר,בשעיר,1.5000,6
מתחשבא,תחשב,1.5000,3
כרמינ,כרמימ,1.5000,12
וגרגשאי,והגרגשי,1.5000,3
חזירא,החזיר,1.5000,6
בתולי,בתולי,1.5000,3
ליתמא,ליתומ,1.5000,10
חרבי,חרבי,1.5000,9
אליתא,האליה,1.5000,8
צפרינ,צפרימ,1.5000,3
גרשמ,גרשמ,1.5000,3
ווי,ווי,1.5000,12
בתכלא,בתכלת,1.5000,3
ביומיכונ,בימיכמ,1.5000,3
ולי,ולי,1.5000,3
ליריחו,ליריחו,1.5000,3
פתחו,פתחו,1.5000,3
ללכיש,לכישה,1.5000,3
מעכת,המעכתי,1.5000,3
ובאשר,ובאשר,1.5000,3
כבית,כבית,1.5000,6
מארבע,מארבע,1.5000,3
בארעי,בארצי,1.5000,3
לשמעי,לשמעי,1.5000,3
בקבורתיה,בקברתו,1.5000,3
אחיטוב,אחיטוב,1.5000,3
מצפונא,מצפונ,1.4981,23
לעיניהונ,לעיניהמ,1.4940,19
כנ,כנ,1.4927,437
ובית,ובית,1.4921,47
ויכפר,וכפר,1.4887,63
יפנה,יפנה,1.4884,16
בעלא,הבעל,1.4881,25
ואמ,ואמ,1.4872,232
גלעד,גלעד,1.4865,55
בעננא,בעננ,1.4857,12
ישתונ,ישתו,1.4857,10
תחגונ,תחגו,1.4857,4
שמעי,שמעי,1.4857,13
ולעמא,ולעמ,1.4857,4
מעילא,המעיל,1.4848,14
בשופרא,בשופר,1.4841,11
עשרונינ,עשרנימ,1.4836,24
לפרעה,לפרעה,1.4828,43
לדוד,לדוד,1.4825,53
מבר,מבנ,1.4821,83
שלחני,שלחני,1.4815,30
זרח,זרח,1.4815,10
ליהצ,יהצה,1.4815,4
לחצרונ,לחצרנ,1.4815,4
ומאלינ,ומאלה,1.4815,4
וחשבה,ויחשבה,1.4815,4
אשקי,אשקה,1.4815,4
משנתיה,משנתו,1.4815,4
לחמריה,לחמרו,1.4815,4
ובשמיה,ובשמו,1.4815,4
אכלתונ,אכלתמ,1.4815,4
כתישא,כתית,1.4790,8
הוא,הוא,1.4783,799
חמישאה,החמישי,1.4769,12
הינא,ההינ,1.4744,23
ואלינ,ואלה,1.4742,91
לאפרימ,לאפרימ,1.4737,7
עוג,עוג,1.4737,14
ומנחתה,ומנחתה,1.4737,7
לאב,לאב,1.4737,7
חנניה,חנניה,1.4737,7
פלשתאה,הפלשתי,1.4720,23
חמש,חמש,1.4703,68
קינ,קינ,1.4694,18
דסופ,סופ,1.4684,31
ליזרעאל,יזרעאלה,1.4667,6
בכורי,בכורי,1.4667,11
כבדא,הכבד,1.4667,22
ברק,ברק,1.4667,11
וילבש,ולבש,1.4667,7
סיסרא,סיסרא,1.4667,11
ביתכ,ביתכ,1.4648,26
אחי,אחי,1.4607,65
דמלחא,המלח,1.4592,13
עברינ,עברימ,1.4583,35
לאחורא,אחור,1.4583,10
ההוא,ההוא,1.4583,280
ידכ,ידכ,1.4583,70
מזרעיה,מזרעו,1.4583,7
שוקא,שוק,1.4571,17
לדריכונ,לדרתיכמ,1.4571,51
ותקדש,וקדשת,1.4571,17
לשמעונ,לשמעונ,1.4545,4
ויצהר,ויצהר,1.4545,4
עזיאל,עזיאל,1.4545,4
יכפר,יכפר,1.4545,12
רביעאה,הרביעי,1.4545,15
לדתנ,לדתנ,1.4545,4
ישימונ,הישימנ,1.4545,5
חפר,חפר,1.4545,8
חרנ,חרנ,1.4545,4
בבאר,בבאר,1.4545,4
חפרו,חפרו,1.4545,4
בנתי,בנתי,1.4545,4
ולוי,ולוי,1.4545,8
וזרח,וזרח,1.4545,4
בכרי,בכרי,1.4545,8
בחלב,בחלב,1.4545,4
תענכ,תענכ,1.4545,4
ילבש,ילבש,1.4545,4
ורביתא,ותרבית,1.4545,5
ועינוהי,ועיניו,1.4545,8
ביריחו,ביריחו,1.4545,4
וחצר,וחצר,1.4545,4
ולאביתר,ולאביתר,1.4545,4
לצדוק,לצדוק,1.4545,4
ועל,ועל,1.4511,345
כארעא,כארצ,1.4505,6
ותותב,ותושב,1.4505,6
וחלמ,ויחלמ,1.4505,6
טורני,סרני,1.4505,12
דמצרימ,מצרימ,1.4505,397
תתנונ,תתנו,1.4471,30
ומטרת,ומשמרת,1.4444,4
ולהלא,והלאה,1.4444,13
בלחמא,בלחמ,1.4444,7
ובדהבא,ובזהב,1.4444,5
בנתנא,בנתינו,1.4444,6
ועברנא,ונעבר,1.4444,4
ותתפני,ופנית,1.4444,4
ולבריה,ולבנו,1.4444,3
בארעתא,בארצת,1.4444,4
דגלבוע,הגלבע,1.4444,3
נזריה,נזרו,1.4440,17
ואנחנא,ואנחנו,1.4400,16
בכורינ,בכורימ,1.4400,4
בכהניא,בכהנימ,1.4400,4
איתמר,איתמר,1.4400,9
ויבוסאי,והיבוסי,1.4400,24
ועמי,ועמי,1.4400,9
לכ,לכ,1.4391,594
מבית,מבית,1.4378,78
ומכנסינ,ומכנסי,1.4318,3
ומלכ,וימלכ,1.4307,61
באצבעיה,באצבעו,1.4295,12
עלתיה,עלתו,1.4286,10
תכתוב,תכתב,1.4286,5
ארמ,ארמ,1.4286,70
בכספא,בכספ,1.4286,20
יברכ,יברכ,1.4286,5
וחכימ,וחכמ,1.4286,5
קרנת,קרנת,1.4286,10
ותתקדשונ,והתקדשתמ,1.4286,4
בעמי,בעמי,1.4286,5
ירחמ,ירחמ,1.4286,5
ולאמיה,ולאמו,1.4286,6
בתיהונ,בתיהמ,1.4286,9
נדרהא,נדריה,1.4286,10
עבדכונ,עבדכמ,1.4286,3
מלאכיה,מלאכו,1.4286,3
וחפרו,ויחפרו,1.4286,6
לגשנ,גשנה,1.4286,3
יקשי,יקשה,1.4286,3
נשיכונ,נשיכמ,1.4286,9
לבונתה,לבנתה,1.4286,3
אצבעיה,אצבעו,1.4286,6
ולאלינ,ולאלה,1.4286,3
ומעמיה,ומעמו,1.4286,3
לאפק,אפקה,1.4286,3
תבכי,תבכה,1.4286,3
מידכונ,מידכמ,1.4286,6
ולשלמ,ולשלומ,1.4286,3
חגיכונ,חגיכמ,1.4286,3
בפלשתאי,בפלשתימ,1.4286,9
ואת,ואתה,1.4274,136
נפשי,נפשי,1.4264,46
ביומא,ביומ,1.4254,383
עיניהונ,עיניהמ,1.4225,14
רגליהונ,רגליהמ,1.4225,14
לקדשותיה,לקדשו,1.4225,7
וברישי,ובראשי,1.4222,4
ברחובא,ברחוב,1.4167,3
דנביות,נביות,1.4167,3
ומלאכא,ומלאכ,1.4167,6
לארונא,לארונ,1.4167,3
לקעילה,קעילה,1.4167,6
לאשמא,לאשמ,1.4150,8
כעפרא,כעפר,1.4150,8
מצנפתא,המצנפת,1.4143,11
בביתיה,בביתו,1.4141,14
ובניהונ,ובניהמ,1.4132,9
אחיתופל,אחיתפל,1.4132,9
לעבדכ,לעבדכ,1.4118,18
נשי,נשי,1.4118,12
שבא,שבא,1.4118,12
אמתכ,אמתכ,1.4118,12
ועמורה,ועמרה,1.4103,11
אלפיא,אלפי,1.4089,11
מבני,מבני,1.4054,39
לעינוהי,לעיניו,1.4050,5
וכספא,וכספ,1.4032,17
דבבל,בבל,1.4025,127
ובנינ,ובנימ,1.4000,8
יריענ,יריעת,1.4000,16
אנחנא,אנחנו,1.4000,80
ופוטאי,ופוט,1.4000,4
מגדלא,המגדל,1.4000,4
דכורכ,זכורכ,1.4000,4
ונחשא,ונחשת,1.4000,8
אילוהי,אילו,1.4000,4
דנ,דנ,1.4000,49
קטלתיכ,הרגתיכ,1.4000,3
נבו,נבו,1.4000,7
ויפת,ויפת,1.4000,7
אחתי,אחתי,1.4000,14
קרת,קראה,1.4000,4
לאבונא,לאבינו,1.4000,4
ואמתכ,ואמתכ,1.4000,7
ביובלא,ביבל,1.4000,7
חנה,חנה,1.4000,7
וקניהונ,וקנתמ,1.4000,4
וללוטא,ולקללה,1.4000,7
לאחאב,לאחאב,1.4000,7
טורניא,הסרנימ,1.4000,3
חזקיה,חזקיהו,1.3992,40
אמר,אמר,1.3989,690
ולפומ,ולפי,1.3968,4
וסמכ,ויסמכ,1.3968,4
ורדפ,וירדפ,1.3968,12
יזדרע,יזרע,1.3968,4
בתי,בתי,1.3968,22
אדכרת,זכרת,1.3968,4
תתנבי,תנבא,1.3968,4
בניכונ,בניכמ,1.3964,31
וקרא,ויקרא,1.3961,223
כמותא,כמות,1.3929,3
ללשכת,לשכת,1.3929,3
לאהרנ,לאהרנ,1.3926,47
בארונא,בארונ,1.3918,7
דחרמונ,חרמונ,1.3918,7
ועמכ,ועמכ,1.3913,8
בארעכ,בארצכ,1.3902,19
ואמרת,ותאמר,1.3902,209
בארעא,בארצ,1.3902,422
וכתב,ויכתב,1.3901,23
וחרביה,וחרבו,1.3889,5
בעברא,בעבר,1.3867,28
חמ,חמ,1.3846,9
ותובו,ושובו,1.3846,6
צידונ,צידונ,1.3846,9
רגלי,רגלי,1.3818,19
חמריהונ,חמריהמ,1.3818,4
ובשפלתא,ובשפלה,1.3818,4
נדריכונ,נדריכמ,1.3818,4
לישראל,לישראל,1.3810,29
בימא,בימ,1.3800,23
ובכו,ויבכו,1.3798,18
מלכי,מלכי,1.3793,50
יהי,יהיה,1.3786,396
תמינאה,השמיני,1.3770,30
וגבורתיה,וגבורתו,1.3761,7
ולילי,ולילה,1.3757,10
תהומא,תהומ,1.3757,10
ולהונ,ולהמ,1.3750,7
השלמ,השלומ,1.3750,14
תשבעונ,תשבעו,1.3737,4
דיריעתא,היריעה,1.3737,20
לארבעתהונ,לארבעתמ,1.3714,4
לגלגלתהונ,לגלגלתמ,1.3714,6
מנחתהונ,מנחתמ,1.3714,6
לוט,לוט,1.3714,36
ואתאבל,ויתאבל,1.3714,3
וירדנא,והירדנ,1.3714,3
מארעא,מארצ,1.3697,163
פלשתאי,פלשתימ,1.3685,133
ושמה,ושמה,1.3684,13
בקהלא,בקהל,1.3684,7
לעופא,לעופ,1.3684,7
לאחסנת,לאחזת,1.3684,9
ותסתמרונ,ונשמרתמ,1.3641,7
וברכיה,ויברכהו,1.3636,13
ותזרעונ,וזרעתמ,1.3636,6
ולאבדא,ולהאביד,1.3636,3
מלמילד,מלדת,1.3636,5
במערתא,במערה,1.3636,9
ומעזי,ועזימ,1.3636,5
בעליא,הבעלימ,1.3636,9
יאשיהו,יאשיהו,1.3636,15
שמענא,שמענו,1.3611,14
ובננ,ובנות,1.3608,42
בחרבא,בחרב,1.3577,87
מלאכא,מלאכ,1.3563,65
אמ,אמ,1.3551,373
יונה,יונה,1.3548,21
עמודיא,העמודימ,1.3547,20
לוי,לוי,1.3543,43
עמלק,עמלק,1.3538,22
מה,מה,1.3524,284
ואולמוהי,ואלמו,1.3523,7
לגלגלתא,לגלגלת,1.3506,4
אזובא,אזוב,1.3506,4
אפרת,אפרתה,1.3506,4
בלבכ,בלבבכ,1.3506,12
דערד,ערד,1.3500,3
אכלית,אכלתי,1.3500,9
בחמשינ,בחמשימ,1.3500,3
שאלתיאל,שלתיאל,1.3500,3
ואילוהי,ואילו,1.3500,3
בדקא,בדק,1.3500,6
חמשינ,חמשימ,1.3498,86
ובחרבא,ובחרב,1.3492,5
דקדרונ,קדרונ,1.3492,5
טעמיה,טעמו,1.3469,3
קמתונ,קמתמ,1.3469,3
כלתיה,כלתו,1.3469,9
חלמיה,חלמו,1.3469,6
תתאפי,תאפה,1.3469,3
ויתמ,ויתומ,1.3469,3
למרדפ,לרדפ,1.3469,3
ודמיה,ודמו,1.3469,3
וצרו,ויצרו,1.3469,6
מרודכ,מרדכ,1.3469,3
בעמיה,בעמיו,1.3462,5
ירושלמ,ירושל,1.3461,155
ומה,ומה,1.3451,38
חילותא,החילימ,1.3440,12
בשלמ,בשלומ,1.3396,26
ובניכונ,ובניכמ,1.3372,12
לעלתא,לעלה,1.3363,54
מחתיתיה,מחתתו,1.3333,6
אכלתיה,אכלתהו,1.3333,5
ואתקבר,ויקבר,1.3333,24
שופריא,שופרות,1.3333,5
אתניא,האתנות,1.3333,6
צורישדי,צורישדי,1.3333,5
וארונ,וארונ,1.3333,4
למחר,למחר,1.3333,6
בזעו,קרעו,1.3333,4
ורגמו,וירגמו,1.3333,4
זורו,סורו,1.3333,4
מדמה,מדמה,1.3333,5
קרית,קרית,1.3333,22
ואפרימ,ואפרימ,1.3333,5
יוכבד,יוכבד,1.3333,4
חגא,חג,1.3333,38
מנחתה,מנחתה,1.3333,4
תדר,תדר,1.3333,3
ועבדיכ,ועבדיכ,1.3333,4
מלבנה,מלבנה,1.3333,3
לתשעת,לתשעת,1.3333,3
קניתי,קניתי,1.3333,3
נשינ,נשימ,1.3333,28
אתפתחו,נפתחו,1.3333,4
עקרה,עקרה,1.3333,5
ומבית,ומבית,1.3333,4
מארעכ,מארצכ,1.3333,4
עי,העי,1.3333,18
לדמשק,לדמשק,1.3333,3
ופיכל,ופיכל,1.3333,3
בקרית,בקרית,1.3333,3
גמליא,הגמלימ,1.3333,14
לבנ,לבנ,1.3333,63
קטורה,קטורה,1.3333,3
ארמאה,הארמי,1.3333,8
ובכא,ויבכ,1.3333,26
ואחיכ,ואחיכ,1.3333,3
אילונ,אילונ,1.3333,5
וענה,וענה,1.3333,4
ארמלותה,אלמנותה,1.3333,4
בידה,בידה,1.3333,10
בחלמי,בחלמי,1.3333,4
פוטיפרע,פוטיפרע,1.3333,3
יעל,יעל,1.3333,5
הימינ,האמינ,1.3333,4
למסקי,למס,1.3333,8
דאטד,האטד,1.3333,4
ברככ,ברככ,1.3333,4
וחמרכ,וחמרכ,1.3333,3
מאחיכ,מאחיכ,1.3333,3
בשמי,בשמי,1.3333,19
כרמכ,כרמכ,1.3333,5
גנבא,הגנב,1.3333,8
רגלכ,רגלכ,1.3333,8
גזל,גזל,1.3333,4
משחו,משחו,1.3333,3
ושער,ושער,1.3333,5
אחסנתכונ,אחזתכמ,1.3333,6
ובבית,ובבית,1.3333,3
יגח,יגח,1.3333,3
ולקטרת,ולקטרת,1.3333,3
וקנה,וקנה,1.3333,6
וחפוי,וצפוי,1.3333,4
עזיה,עזיה,1.3333,4
אפוד,אפוד,1.3333,5
לצור,לצור,1.3333,3
זיתיא,הזיתימ,1.3333,4
ועינ,ועינ,1.3333,5
לשמכ,לשמכ,1.3333,3
לכיש,לכיש,1.3333,5
מערוער,מערוער,1.3333,4
ארכאה,הארכי,1.3333,4
ענתות,ענתות,1.3333,3
ובאודנכ,ובאזניכ,1.3333,3
לחולא,לחל,1.3333,3
חוכמתכ,חכמתכ,1.3333,4
בניתי,בניתי,1.3333,4
תופת,התפת,1.3333,5
גנינ,גנות,1.3333,3
בבבל,בבבל,1.3333,5
יהונדב,יהונדב,1.3333,3
סנחריב,סנחריב,1.3333,6
מלככונ,מלככמ,1.3333,4
חסר,חסר,1.3333,3
בארמ,בארמ,1.3333,3
גיחזי,גיחזי,1.3333,4
אמציה,אמציה,1.3333,6
וקברוהי,ויקברהו,1.3333,6
דבורה,דבורה,1.3333,6
גזתא,הגזה,1.3333,4
לרמתא,הרמתה,1.3333,8
משיחיה,משיחו,1.3333,4
ואמתא,ואמה,1.3297,22
חיוהי,חייו,1.3297,11
יומא,היומ,1.3295,416
שבעינ,שבעימ,1.3295,49
כדרלעומר,כדרלעמר,1.3269,6
ברגליכונ,ברגליכמ,1.3269,3
ולבננא,ולבנינו,1.3247,3
מעבדוהי,מעבדיו,1.3247,6
יתקדש,יקדש,1.3233,8
תודתא,תודה,1.3233,8
ויהי,והיה,1.3206,416
ובשתא,ובשנה,1.3200,11
בסתרא,בסתר,1.3180,11
ומערתא,והמערה,1.3176,8
תיבדונ,תאבדונ,1.3176,7
גפיהונ,כנפיהמ,1.3176,8
בעיניכונ,בעיניכמ,1.3166,16
וירושלמ,וירושל,1.3166,10
ותחות,ותחת,1.3131,13
ופתחת,ותפתח,1.3125,7
אחתנא,אחתנו,1.3125,3
חלמנא,חלמנו,1.3125,3
בתשעא,בתשעה,1.3125,3
שלחנא,שלחנו,1.3125,3
בתפינ,בתפימ,1.3125,3
זבולנ,זבולנ,1.3115,20
ויגלח,וגלח,1.3095,5
אמרתונ,אמרתמ,1.3095,11
מעשרתיכונ,מעשרתיכמ,1.3091,4
כורא,כור,1.3091,4
ועמלקאי,ועמלק,1.3091,4
ופצחיהנ,וחצריהנ,1.3082,26
ומטרתהונ,ומשמרתמ,1.3077,4
בספרא,בספר,1.3069,19
וביד,וביד,1.3061,16
ותקרבונ,והקרבתמ,1.3061,24
עבדי,עבדי,1.3036,117
והא,והנה,1.3022,406
בידיה,בידו,1.3018,70
ובנו,ויבנו,1.3005,12
בתיא,הבתימ,1.3005,12
בנתיה,בנתיו,1.3000,13
ואכלו,ויאכלו,1.2994,23
נשתי,נשתה,1.2963,7
וכהניא,והכהנימ,1.2962,13
חמור,חמור,1.2958,23
ולנטרי,ולשמרי,1.2923,6
מקל,מקול,1.2923,12
וארבעינ,וארבעימ,1.2917,31
יתנ,יתנ,1.2903,60
שכבת,שכבת,1.2903,10
ושלחו,וישלחו,1.2903,24
בנינ,בנימ,1.2903,108
האלינ,האלה,1.2900,259
ישעיה,ישעיהו,1.2879,15
ועברו,ויעברו,1.2865,22
וקל,וקול,1.2865,17
ליומא,ליומ,1.2857,18
מבינ,מבינ,1.2857,9
ולבניכ,ולבניכ,1.2857,9
בסלא,בסל,1.2857,5
וכרמינ,וכרמימ,1.2857,5
ויקני,וקנא,1.2857,4
למטלניהונ,למסעיהמ,1.2857,8
נשנא,נשינו,1.2857,5
אחתהונ,אחתמ,1.2857,9
טפלנא,טפנו,1.2857,6
בחילמא,בחלמ,1.2857,3
עינהא,עיניה,1.2857,6
ועברת,ותעבר,1.2857,3
לקדמותכונ,לקראתכמ,1.2857,3
ותבשל,ובשלת,1.2857,3
וברדא,והברד,1.2857,6
מחמעא,מחמצת,1.2857,3
מצדתי,רשתי,1.2857,4
לבהתא,לבשת,1.2857,4
מפומכ,מפיכ,1.2857,3
אזדהר,נזהר,1.2857,4
ואשמא,והאשמ,1.2857,3
לחסדא,לחרפ,1.2857,5
סטנ,שטנ,1.2857,3
כחלא,כחול,1.2840,13
לקדמותי,לקראתי,1.2834,8
תשע,תשע,1.2830,17
אבהתי,אבתי,1.2804,11
אדכרתה,אזכרתה,1.2800,8
יבוסאי,היבוסי,1.2800,6
נבלתהונ,נבלתמ,1.2800,6
במצדתא,במצדות,1.2800,4
יתקברונ,יקברו,1.2800,4
ונסכיהונ,ונסכיהמ,1.2791,15
במיא,במימ,1.2791,66
לשלמ,לשלומ,1.2785,24
ואתונ,ואתמ,1.2741,75
כיומי,כימי,1.2741,15
בת,בת,1.2739,100
כיומא,כיומ,1.2735,24
לקדמותכ,לקראתכ,1.2727,7
וטפלכונ,וטפכמ,1.2727,5
לדריהונ,לדרתמ,1.2727,20
בלע,בלע,1.2727,7
ועשרונא,ועשרונ,1.2727,5
ידע,ידע,1.2727,56
מקימ,מקימ,1.2727,7
מאבונא,מאבינו,1.2727,5
אתבהילו,נבהלו,1.2727,5
ובתינ,ובתימ,1.2727,4
לצדקיה,לצדקיהו,1.2727,4
ולמשתי,ולשתות,1.2727,5
וסוסונ,וסוס,1.2706,6
שדי,שדי,1.2698,20
שמרונ,שמרונ,1.2683,26
וחיא,ויחי,1.2681,68
בארעכונ,בארצכמ,1.2662,13
ושלח,וישלח,1.2659,145
עלי,עלי,1.2655,87
ביתא,הבית,1.2653,145
כמיא,כמימ,1.2644,11
בחלמא,בחלומ,1.2632,8
ומצרימ,ומצרימ,1.2632,6
לביתכ,לביתכ,1.2632,6
אחזיהו,אחזיהו,1.2632,6
ארונא,ארונ,1.2605,75
מצריתא,המצרית,1.2600,7
ומלכינ,ומלכימ,1.2600,7
קהת,קהת,1.2593,17
תעברונ,תעברו,1.2593,6
להיכלא,להיכל,1.2593,3
חלקיה,חלקיהו,1.2593,8
גדליה,גדליהו,1.2593,14
אלהנא,אלהינו,1.2589,95
אלפינ,אלפ,1.2586,182
אשמיה,אשמו,1.2571,8
ולשומ,ולשמ,1.2571,4
בסדומ,בסדמ,1.2571,4
וחפר,ויחפר,1.2571,4
וטבנ,וטבות,1.2571,4
ואמיה,ואמו,1.2571,10
שעריה,שערו,1.2571,4
צפורה,צפרה,1.2571,4
ברמתא,ברמה,1.2571,8
לבבל,בבלה,1.2568,23
כספיהונ,כספיהמ,1.2562,4
ולמא,ולמה,1.2560,26
לנא,לנו,1.2530,208
ולילדותכ,ולמולדתכ,1.2527,3
למימר,לאמר,1.2527,1101
עשיראה,העשירי,1.2522,9
תיכלונ,תאכלו,1.2509,84
ויכסונ,וכסו,1.2500,10
ויקמוצ,וקמצ,1.2500,6
תעבר,תעבר,1.2500,10
דשלחתא,שלחת,1.2500,5
ורישי,וראשי,1.2500,5
ועבידי,ועשי,1.2500,3
קריבי,ובשרי,1.2500,4
אתננ,אתנת,1.2500,3
ולקיט,וילקט,1.2500,4
לעיניכ,לעיניכ,1.2500,5
ישוינכ,ישמכ,1.2500,3
ובענא,ובצאנ,1.2500,4
ביומיה,ביומו,1.2500,9
ומתכא,ומסכה,1.2500,5
דמניד,מחריד,1.2500,13
נבל,נבל,1.2500,15
ויסמוכ,וסמכ,1.2500,23
ומתרע,ומפתח,1.2500,4
ביבשתא,ביבשה,1.2500,9
בלחודה,לבדה,1.2500,6
ולסטר,ולצלע,1.2500,4
וכחדא,ויחדו,1.2500,5
ובבוצא,ובשש,1.2500,4
יבינ,יבינ,1.2500,5
תקעו,תקעו,1.2500,5
כריח,וריח,1.2500,3
ואתמסי,וימס,1.2500,3
כרמי,כרמי,1.2500,5
בלבננ,בלבנונ,1.2500,3
דבנינא,הבנינ,1.2500,3
רבקא,מרבק,1.2500,3
איכדינ,איכ,1.2479,27
מרימ,מרימ,1.2444,14
שזיר,משזר,1.2444,42
חמיע,חמצ,1.2444,20
וקניאו,ויקנאו,1.2444,4
לדר,לדור,1.2444,4
זבול,זבל,1.2444,4
צדקיה,צדקיהו,1.2433,26
פרשינ,פרשימ,1.2419,11
לשמי,לשמי,1.2414,9
חושנא,החשנ,1.2414,28
יכילו,יכלו,1.2406,30
בשמהתהונ,בשמתמ,1.2397,5
ובבעירא,ובבהמה,1.2397,20
ואסריה,ויאסרהו,1.2397,5
ירדנא,הירדנ,1.2383,98
מזרקא,מזרק,1.2381,12
יבכונ,יבכו,1.2381,3
לזרעא,לזרע,1.2381,4
נחלינ,נחלי,1.2381,5
ינצונ,ינצו,1.2381,3
אבני,אבני,1.2381,13
ומטרא,ומטר,1.2381,5
תשתונ,תשתו,1.2381,4
דמהלכא,ההלכת,1.2381,3
ותלבש,והלבשת,1.2381,6
וטורני,וסרני,1.2381,3
משכנא,המשכנ,1.2365,124
אתנ,אתנ,1.2364,68
מעל,מעל,1.2348,117
מאלינ,מאלה,1.2347,11
תבנא,תבנ,1.2343,12
ער,ער,1.2308,8
פרצ,פרצ,1.2308,8
לנח,לנח,1.2308,4
אתננה,אתננה,1.2308,8
רדפו,רדפו,1.2308,4
ויששכר,ויששכר,1.2308,4
מספד,מספד,1.2308,4
תונונ,תונו,1.2308,4
מועדי,מועדי,1.2308,4
בעמלק,בעמלק,1.2308,4
גזית,גזית,1.2308,4
רחוב,רחוב,1.2308,4
אחזיה,אחזיה,1.2308,4
אמציהו,אמציהו,1.2308,4
מותיה,מותו,1.2298,9
נדבתא,נדבה,1.2298,9
בחמשא,בחמשה,1.2297,13
לשארא,לשארית,1.2281,7
חלב,חלב,1.2277,31
והיא,והיא,1.2273,27
לכהנא,לכהנ,1.2261,34
ושמעו,וישמעו,1.2255,25
כהניא,הכהנימ,1.2253,93
נזירא,הנזיר,1.2250,7
דמשיחינ,משחימ,1.2250,7
ביומיא,בימימ,1.2245,40
ותחגונ,וחגתמ,1.2222,6
לאברמ,לאברמ,1.2222,11
במה,במה,1.2222,11
ויודי,והתודה,1.2222,4
ויסגר,והסגיר,1.2222,10
ואגירא,ושכיר,1.2222,4
ומחוהא,ויכוה,1.2222,4
ומשבטא,וממטה,1.2222,11
ושבעא,ושבעה,1.2209,15
אלינ,אלה,1.2204,299
קברו,קברו,1.2174,7
ונסכה,ונסכה,1.2174,7
מבשר,מבשר,1.2174,7
לאבשלומ,לאבשלומ,1.2174,7
ואנא,ואני,1.2158,120
שמשא,השמש,1.2157,62
ואכלת,ותאכל,1.2128,19
שת,שת,1.2121,10
אוריא,האורימ,1.2121,4
נבני,נבנה,1.2121,4
אנוש,אנוש,1.2121,10
מנוח,מנוח,1.2121,10
במשכבה,בשכבה,1.2121,4
אחיה,אחיה,1.2121,10
נבלתיה,נבלתו,1.2121,4
מביתיה,מביתו,1.2121,4
ולארמלא,ולאלמנה,1.2121,8
ולאהרנ,ולאהרנ,1.2121,10
אוצרי,אוצרות,1.2121,4
שלח,שלח,1.2107,79
אדוניהו,אדניהו,1.2091,7
דאשמא,האשמ,1.2088,15
פרסתא,פרסה,1.2088,10
ירדופ,ירדפ,1.2088,5
תהי,תהיה,1.2085,142
טורי,הרי,1.2078,22
ונשיא,והנשימ,1.2037,10
סוסותיה,סוסיו,1.2037,5
ייבדונ,יאבדו,1.2037,5
ברדא,הברד,1.2037,13
דציונ,ציונ,1.2027,34
עיניכונ,עיניכמ,1.2016,16
ובלעת,ותבלע,1.2000,4
ותבני,ובנית,1.2000,4
במעברכונ,בעברכמ,1.2000,4
ויבנונ,ובנו,1.2000,8
קמחא,קמח,1.2000,7
ונוטיב,והטבנו,1.2000,4
ובכיתונ,ותבכו,1.2000,4
לבזא,לבז,1.2000,11
תצלח,תצלח,1.2000,3
כגיורא,כגר,1.2000,7
נעבר,נעבר,1.2000,3
דזרד,זרד,1.2000,3
יובקא,יבק,1.2000,9
צפור,צפור,1.2000,9
ובחמשת,ובחמשה,1.2000,3
מפומכונ,מפיכמ,1.2000,5
ולפלגות,ולחצי,1.2000,8
לדמא,לדמ,1.2000,7
תסחר,תסב,1.2000,3
צידא,ציד,1.2000,10
אליעזר,אליעזר,1.2000,3
ידעה,ידעה,1.2000,3
מחנימ,מחנימ,1.2000,3
פוטי,פוטי,1.2000,3
ובדרומא,ובנגב,1.2000,3
ואתפנינא,ונפנ,1.2000,6
מערער,מערער,1.2000,3
שביעתא,השביעת,1.2000,7
מלככ,מלככ,1.2000,3
סביכונ,זקניכמ,1.2000,3
ובחמה,ובחמה,1.2000,3
לסיחונ,לסיחונ,1.2000,3
צפירינ,השעירמ,1.2000,4
יחל,יחלל,1.2000,3
פקח,פקח,1.2000,6
כשית,כשש,1.2000,3
ובחושנא,ולחשנ,1.2000,6
ענוביא,מקבילת,1.2000,4
ודהבהונ,וזהבמ,1.2000,3
ואשפוכ,ושפכתי,1.2000,5
מצור,מצר,1.2000,3
תועיבנ,תועבות,1.2000,3
בביתי,בביתי,1.2000,3
באעברא,בהעביר,1.2000,3
ולתרעא,ולנתוצ,1.2000,3
ובשוקי,ובחצות,1.2000,7
מבכא,בכו,1.2000,3
נבוכדנאצר,נבכדנאצר,1.2000,7
שמעיה,שמעיה,1.2000,3
נשכ,נשיכ,1.2000,3
וכסדאי,וכשדימ,1.2000,3
מלכת,מלכת,1.2000,3
וזכותי,וצדקתי,1.2000,3
ואחלוש,וחליתי,1.2000,3
לי,לי,1.1994,376
מבנת,מבנות,1.1973,16
בקניא,בקנה,1.1973,8
חד,אחד,1.1934,430
ואמרית,ואמר,1.1932,90
דארנונ,ארנונ,1.1930,6
לירדנא,לירדנ,1.1930,12
למצרימ,מצרימה,1.1924,52
ושמעית,ואשמע,1.1895,7
למנ,למנ,1.1892,11
ועבדוהי,ועבדיו,1.1888,10
נחלא,נחל,1.1883,34
ביד,ביד,1.1870,119
סקופת,מפתנ,1.1868,6
במנינ,במספר,1.1856,46
ויזדמנונ,ונועדו,1.1852,4
ובנא,ויבנ,1.1852,52
מתור,משור,1.1852,4
ולחסודינ,ולחרפה,1.1852,4
וקרת,ותקרא,1.1829,46
עליכונ,עליכמ,1.1828,88
עפרא,עפר,1.1821,22
ירחיכונ,חדשיכמ,1.1818,5
ועבדי,ועבדי,1.1818,13
ותדכרונ,וזכרתמ,1.1818,5
אפרשותי,תרומתי,1.1818,4
ואחסנתכ,ונחלתכ,1.1818,7
באבנא,באבנ,1.1818,7
במניכונ,בכליכמ,1.1818,3
באתינ,ובמופתימ,1.1818,3
במיכלהונ,באכלמ,1.1818,3
ובנגרות,ובחרשת,1.1818,4
ואחסנתי,ונחלתי,1.1818,3
מדייניתא,המדינית,1.1795,3
תועבתיכ,תועבותיכ,1.1795,5
נסכיה,נסכו,1.1786,3
מסכות,מסכת,1.1786,3
חמריה,חמרו,1.1786,6
ירכיה,ירכו,1.1786,9
שארא,שארית,1.1786,33
שפולי,שולי,1.1786,6
שאילו,שאלו,1.1786,6
ולאבהתכונ,ולאבותיכמ,1.1786,3
אתנא,האתונ,1.1786,11
לקדמותנא,לקראתנו,1.1769,9
תולדת,תולדת,1.1765,10
מעיני,מעיני,1.1765,5
כנפי,כנפי,1.1765,5
מגדל,מגדל,1.1765,5
ויתברכונ,ונברכו,1.1765,6
ללבנ,ללבנ,1.1765,10
ומלי,ומלא,1.1765,6
לה,לה,1.1760,162
בעמא,בעמ,1.1755,16
ובפרשוהי,ובפרשיו,1.1748,4
עבר,עבר,1.1737,49
דמקרב,המקריב,1.1736,13
בקודשא,בקדש,1.1719,25
נפשכונ,נפשכמ,1.1712,13
עופא,עופ,1.1711,27
אשלח,אשלח,1.1707,12
תפרוק,תפדה,1.1688,10
הימנתונ,האמנתמ,1.1688,3
רוחיהנ,מגרשיהנ,1.1688,3
ושאליה,וישאלהו,1.1688,3
ואמרתונ,ותאמרו,1.1688,12
תושב,התשבי,1.1688,5
דמבארות,הבארתי,1.1688,3
אטוניהונ,מיתריהמ,1.1667,4
לשמשותהונ,לשרתמ,1.1667,3
לעמכ,לעמכ,1.1667,7
במניניהונ,במספרמ,1.1667,14
לבושיכונ,בגדיכמ,1.1667,4
מטלניהונ,מסעיהמ,1.1667,6
פתגמיהונ,דבריהמ,1.1667,5
ובריכו,ויברכו,1.1667,5
שלה,שלה,1.1667,7
פתגמיכונ,דבריכמ,1.1667,13
וקימיא,והחקימ,1.1667,5
אתכנעותיכ,כלמתכ,1.1667,3
נפשנא,נפשנו,1.1667,3
חמרינ,חמרימ,1.1667,4
יקומא,היקומ,1.1667,3
ולודאי,ולוד,1.1667,3
כנשיא,כנשימ,1.1667,4
לשעיר,שעירה,1.1667,3
כאריא,כאריה,1.1667,8
ועקרא,ועקרה,1.1667,3
משכבא,המשכב,1.1667,8
כסוסיא,כסוס,1.1667,3
המונא,ההמונ,1.1667,5
ותימר,ואמרת,1.1662,160
בכ,בכ,1.1650,60
ויומיא,והימימ,1.1640,10
ואכל,ויאכל,1.1640,20
תרביא,החלבימ,1.1640,10
גשוראה,הגשורי,1.1636,4
לממלכיה,למלכו,1.1636,4
לרקיעא,לרקיע,1.1624,4
בגדפיהונ,בכנפיהמ,1.1624,4
ורוחיהנ,ומגרשיהנ,1.1624,4
קטרת,קטרת,1.1613,27
חור,חור,1.1613,9
מעמכ,מעמכ,1.1613,9
תבל,תבל,1.1613,9
מיד,מיד,1.1594,40
ולאבוהי,ולאביו,1.1591,3
דשמאלא,השמאלית,1.1591,6
ואבניא,והאבנימ,1.1591,3
דמכרמלא,הכרמלי,1.1591,3
אפיכונ,פניכמ,1.1579,9
יריחו,יריחו,1.1579,11
מצלח,מצליח,1.1579,7
שקי,המשקימ,1.1579,7
וי,הוי,1.1570,42
למירתה,לרשתה,1.1567,53
יפרסונ,יפרשו,1.1556,4
כפלתא,המכפלה,1.1556,6
במתקלא,במשקל,1.1556,4
ונדבח,ונזבחה,1.1556,4
רכיבינ,רכבימ,1.1556,6
נהר,נהר,1.1556,13
שאל,שאל,1.1556,13
אלהכ,אלהיכ,1.1552,290
ושכיב,וישכב,1.1538,42
בעשרא,בעשור,1.1538,10
ידיהונ,ידיהמ,1.1538,36
לקדשותי,להקדישני,1.1538,4
חיי,חיי,1.1538,15
וסרכיכונ,ושטריכמ,1.1538,4
קלינ,קלת,1.1529,7
יתנונ,יתנו,1.1527,9
רגליכונ,רגליכמ,1.1515,5
בנתיכונ,בנתיכמ,1.1515,7
בימיניה,בימינו,1.1515,3
מלכיהונ,מלכיהמ,1.1515,10
ואוליד,ויולד,1.1503,72
יחזינ,תראינה,1.1503,8
וכנ,וכנ,1.1494,25
ויפלונ,ונפלו,1.1494,10
לקדמות,לקראת,1.1474,46
וכנענאי,והכנעני,1.1471,13
עמא,העמ,1.1464,676
שלפי,שלפ,1.1455,7
ברתכ,בתכ,1.1455,9
מורניתא,החנית,1.1455,9
ותתנונ,ונתתמ,1.1435,19
ועופא,ועופ,1.1429,4
ונדע,ונדעה,1.1429,4
למערת,מערת,1.1429,4
מחלי,מחלי,1.1429,4
ידעת,ידעת,1.1429,26
קרא,קרא,1.1429,44
תמנע,תמנע,1.1429,4
לשלה,לשלה,1.1429,4
קטיליהונ,חלליהמ,1.1429,3
לאלעזר,לאלעזר,1.1429,4
ועפר,ועפר,1.1429,4
וחמ,וחמ,1.1429,4
לתולדתהונ,לתולדתמ,1.1429,3
כספיה,כספו,1.1429,8
לאמיה,לאמו,1.1429,8
רישה,ראשה,1.1429,6
ולבנ,ולבנ,1.1429,4
יתרחק,ירחק,1.1429,4
ומנחתא,ומנחה,1.1429,12
קני,קני,1.1429,4
דאגליתינונ,הדחתימ,1.1429,4
רחמנא,רחומ,1.1429,4
נדבח,נזבחה,1.1429,4
בדהבא,בזהב,1.1429,4
גלוהי,גליו,1.1429,4
ובירחא,ובחדש,1.1407,7
ושאילו,וישאלו,1.1407,11
ולנכסת,ולזבח,1.1379,27
אבוכ,אביכ,1.1371,84
ביתיה,ביתו,1.1368,68
לברתיה,לבתו,1.1364,5
ידעתונ,ידעתמ,1.1364,15
ודכשר,והישר,1.1364,5
ותהי,והיתה,1.1358,103
ואחוהי,ואחיו,1.1349,11
ונקומ,ונקומה,1.1333,3
ושמאלא,ושמאל,1.1333,3
וכרמלא,וכרמל,1.1333,3
תזרעונ,תזרעו,1.1333,3
אגוריכונ,מזבחותיכמ,1.1333,4
יספדונ,יספדו,1.1333,3
אלהא,אלהי,1.1324,230
לקדמותיה,לקראתו,1.1324,33
וחמשינ,וחמשימ,1.1323,39
לאת,לאות,1.1319,19
כרמא,כרמ,1.1314,11
סיחונ,סיחונ,1.1304,13
עזינ,עזימ,1.1295,41
ושמיה,ושמו,1.1295,23
גלעדאה,הגלעדי,1.1294,6
כלידינ,משקדימ,1.1294,8
ביתי,ביתי,1.1282,11
ויתנונ,ונתנו,1.1275,23
כפרתא,הכפרת,1.1271,19
לכונ,לכמ,1.1265,593
מואב,מואב,1.1261,67
ועמא,והעמ,1.1259,38
מריריא,המרימ,1.1250,6
ענבינ,ענבימ,1.1250,9
פסחא,הפסח,1.1250,27
תנינות,שנית,1.1250,27
נהי,נהיה,1.1250,5
ושמעת,ותשמע,1.1250,3
מדבחכ,מזבחכ,1.1250,3
וכהנא,והכהנ,1.1250,9
גבעתא,הגבעה,1.1250,15
יריעתא,היריעת,1.1250,10
ארזינ,ארזימ,1.1250,9
נבייכונ,נביאיכמ,1.1250,3
בחוכמתיה,בחכמתו,1.1250,3
רוח,רוח,1.1242,86
ולבעירא,ולבהמת,1.1230,7
ישכוב,ישכב,1.1224,15
אבונא,אבינו,1.1224,22
ביומי,בימי,1.1224,35
בשילו,בשלו,1.1224,5
ולחמ,ולחמ,1.1200,7
הבל,הבל,1.1200,7
בשת,בשת,1.1200,7
וקמ,ויקמ,1.1200,116
ותתכבש,ונכבשה,1.1200,4
לטפלכונ,לטפכמ,1.1200,4
כשומ,כשמ,1.1200,4
גומר,גמר,1.1200,4
ואבהתכ,ואבתיכ,1.1200,4
כקל,כקול,1.1200,4
תהכונ,תלכו,1.1198,27
לפרכתא,לפרכת,1.1193,8
מרבע,רבוע,1.1183,13
ענה,ענה,1.1163,12
זרעא,זרע,1.1155,44
עמכ,עמכ,1.1145,129
לנסכא,לנסכ,1.1143,3
מעשרא,מעשר,1.1143,12
אעבר,אעברה,1.1143,9
כעופא,כעופ,1.1143,3
כרמלא,הכרמל,1.1136,7
ולשמאלא,ושמאול,1.1127,9
סוסונ,סוסימ,1.1121,23
במותהונ,במתמ,1.1111,5
ונתוב,ונשובה,1.1111,5
במי,במי,1.1111,5
ותעבר,והעברת,1.1111,5
ורישיה,וראשו,1.1111,5
רדפ,רדפ,1.1111,5
טפלכונ,טפכמ,1.1111,8
בלחשיהונ,בלטיהמ,1.1111,5
ואתיבית,ואענ,1.1111,5
לכוכבת,למלכת,1.1111,5
גדעוני,גדעני,1.1111,5
תולדתהונ,תולדתמ,1.1111,12
להלא,הלאה,1.1111,3
מקדשיה,מקדשו,1.1111,3
נחליא,הנחלימ,1.1111,3
אמחי,אמחה,1.1111,3
נפלת,נפלה,1.1111,7
תובי,שובי,1.1111,3
עברתונ,עברתמ,1.1111,3
אחא,אח,1.1111,9
נשיהונ,נשיהמ,1.1111,7
ופרסתא,ופרסה,1.1111,4
יבני,יבנה,1.1111,6
ידעונונ,ידעומ,1.1111,4
בנבלתהונ,בנבלתמ,1.1111,3
מנבלתהונ,מנבלתמ,1.1111,4
נתקא,הנתק,1.1111,8
לבניא,הלבנימ,1.1111,4
לשתא,לששת,1.1111,6
בגבעתא,בגבעה,1.1111,9
ערליא,הערלימ,1.1111,4
שונמ,השונמית,1.1111,3
ואמליכו,וימליכו,1.1111,5
ויהב,ויתנ,1.1100,169
ובנכ,ובניכ,1.1092,18
ופרשינ,ופרשימ,1.1077,4
ישמעונ,ישמעו,1.1073,17
מסחור,מסביב,1.1071,31
וליה,ולו,1.1070,17
דשבתא,השבת,1.1066,25
ויוספ,ויוספ,1.1064,13
דקיק,דק,1.1053,7
בפומה,בפיה,1.1020,3
לסדומ,סדמה,1.1020,6
אמתה,שפחתה,1.1020,6
בחברכ,ברעכ,1.1020,3
ובאבא,ובפרי,1.1020,3
במיגד,במשכ,1.1020,3
מחטופ,מחמס,1.1020,3
רביעיתא,הרביעית,1.1000,3
רוחיה,רוחו,1.1000,7
נפשיה,נפשו,1.0985,36
אשוי,אשימ,1.0980,14
יומי,ימי,1.0977,118
כספא,הכספ,1.0973,53
שמש,שמש,1.0968,17
מידיהונ,מידמ,1.0958,11
וחמרינ,וחמרימ,1.0957,7
בתריהונ,אחריהמ,1.0952,51
למנחתא,למנחה,1.0938,21
עברנא,עברנו,1.0938,5
ומברא,ומחוצ,1.0938,7
תחותכ,תחתיכ,1.0938,7
לקדמותהונ,לקראתמ,1.0931,18
עשרינ,עשרימ,1.0929,84
תובו,שובו,1.0920,19
לקדמותה,לקראתה,1.0909,4
ומסקינ,ומקטרימ,1.0909,6
בחד,באחד,1.0909,30
ונפלו,ויפלו,1.0909,20
צלמי,צלמי,1.0909,6
תרצה,תרצה,1.0909,3
אמי,אמי,1.0909,6
לקטו,לקטו,1.0909,3
לבניכ,לבניכ,1.0909,3
וירחמ,ורחמכ,1.0909,4
תפתח,תפתח,1.0909,3
לארבע,לארבע,1.0909,3
וביתא,והבית,1.0909,8
גת,גת,1.0909,6
מלכהא,מלכיה,1.0909,4
דעי,דעי,1.0909,3
כושי,כושי,1.0909,3
גלית,גלית,1.0909,3
שנינ,שנה,1.0891,373
עמודיהונ,עמודיהמ,1.0888,8
מאה,מאות,1.0880,265
אנשי,אנשי,1.0874,56
לחלצא,החללימ,1.0864,4
ונימר,ואמרנו,1.0864,4
כנענאי,הכנעני,1.0862,37
מאותא,המאות,1.0862,9
קהלא,הקהל,1.0861,29
שלמינ,תמיממ,1.0859,43
עלה,עליה,1.0852,162
כאלינ,כאלה,1.0837,10
וגופנינ,וגפנ,1.0833,3
ותשקי,והשקית,1.0833,3
כרובינ,כרבימ,1.0833,12
תתרעונ,תתצונ,1.0833,3
וקדישא,וקדוש,1.0833,3
גופנוהי,גפנו,1.0833,3
ועבר,ויעבר,1.0825,31
עבדוהי,עבדיו,1.0811,61
קרבניה,קרבנו,1.0802,35
מטלא,מטל,1.0800,3
בתולינ,בתולימ,1.0800,3
דחשבונ,חשבונ,1.0794,12
אדומ,אדומ,1.0783,31
ופתח,ויפתח,1.0776,12
דבביכונ,איביכמ,1.0774,32
בשמא,בשמ,1.0772,38
חמרי,החמרימ,1.0769,4
רמוניא,הרמנימ,1.0769,5
טפלא,הטפ,1.0769,5
ועבדכ,ועבדכ,1.0769,7
תחוס,תחוס,1.0769,7
יקרביניה,יקריבנו,1.0769,7
נשיא,הנשימ,1.0752,26
אחסנתנא,נחלתנו,1.0744,5
בעינכ,בעיניכ,1.0725,37
למא,למה,1.0714,80
ויהבו,ויתנו,1.0714,36
למרעי,לרעות,1.0714,3
פקדני,צוני,1.0714,5
דיריתו,ירשו,1.0714,3
האיזיל,האלכ,1.0714,3
וגזרת,ותכרת,1.0714,3
ענכונ,צאנכמ,1.0714,6
תהומיא,תהמת,1.0714,3
מסטרהא,מנרה,1.0714,3
לדיריה,צדיו,1.0714,3
ומננ,ומאינ,1.0714,5
ובעדנא,ובעת,1.0714,5
יטרונ,ישמרו,1.0714,6
ולצדו,ולשמה,1.0714,3
ומזיו,ומהדר,1.0714,3
אשרתא,האשרה,1.0714,5
עשו,עשו,1.0709,117
אבהתוהי,אבתיו,1.0667,40
לעמי,לעמי,1.0667,8
ישלח,ישלח,1.0667,8
אדע,אדע,1.0667,4
אשלחינכ,אשלחכ,1.0667,3
ותשתונ,ושתיתמ,1.0667,4
וישבעונ,ושבעו,1.0667,3
מקדשהונ,מקדשמ,1.0667,5
משתא,משנת,1.0667,4
פגרי,פגרי,1.0667,4
נביאתא,הנביאה,1.0667,3
אכזראינ,אכזרי,1.0667,3
וזעיקו,ויזעקו,1.0667,8
כתיבינ,כתובימ,1.0667,32
למשכנא,למשכנ,1.0655,22
וילידנ,וילדו,1.0643,7
מארעיה,מארצו,1.0643,7
נשוהי,נשיו,1.0640,12
ותחפי,וצפית,1.0638,20
תמותונ,תמותו,1.0625,9
בידיהונ,בידמ,1.0621,25
לעדנ,לעת,1.0621,11
מנרתא,המנרה,1.0615,23
ולבניהונ,ולבניהמ,1.0615,3
קשתא,הקשת,1.0606,7
ציצא,ציצ,1.0588,5
מגלתא,המגלה,1.0588,6
לבא,לב,1.0587,74
שמיא,השמימ,1.0582,166
אמרית,אמרתי,1.0556,38
קימיא,החקימ,1.0556,19
ושבעינ,ושבעימ,1.0552,17
ויטרונ,ושמרו,1.0545,22
מלכא,מלכ,1.0537,533
בדמא,בדמ,1.0537,12
סלא,סל,1.0526,6
מלח,מלח,1.0526,5
רבעות,רביעת,1.0526,8
ונח,ונח,1.0526,5
עלמ,עולמ,1.0521,127
אגירא,שכיר,1.0519,9
בכנ,לכנ,1.0506,180
ישתכחונ,ימצאונ,1.0505,8
ובכורי,ובכרת,1.0505,4
באחוהי,באחיו,1.0505,8
ואמרא,ותאמרנ,1.0505,4
יסבעונ,ישבעו,1.0505,4
וטורנינ,וסגנימ,1.0505,4
ותענונ,ועניתמ,1.0500,7
זיתינ,זיתימ,1.0500,3
יחלונ,יחללו,1.0500,3
צוחר,צחר,1.0500,3
בכונ,בכמ,1.0500,63
אתבזעו,נבקעו,1.0476,3
וערעו,ויפגעו,1.0476,3
חכימהא,חכמיה,1.0476,3
ועדרי,ועשתרת,1.0476,6
לנסיותכ,ענתכ,1.0476,3
אעלני,הביאני,1.0476,3
ויתמא,והיתומ,1.0476,6
עריתהנ,ערותנ,1.0476,3
מתרמינ,ינשאו,1.0476,3
כמשחתא,כמדות,1.0476,6
אחסנתי,נחלתי,1.0476,6
בשלו,בשגגה,1.0476,22
עמורה,עמרה,1.0476,8
למקבר,לקבר,1.0476,4
אחתיה,אחתו,1.0476,14
דאמות,מותי,1.0476,6
למשכב,לשכב,1.0476,4
ובזו,ויבזו,1.0476,5
לבנא,לבבנו,1.0476,3
וברתכ,ובתכ,1.0476,5
תדרוכ,תדרכ,1.0476,3
וזרק,ויזרק,1.0476,5
יקדש,יקדיש,1.0476,6
בתינ,בתימ,1.0476,11
חלמ,הנחלמי,1.0476,3
ברמות,ברמת,1.0476,4
דכספ,כספ,1.0466,91
שקצא,שקצ,1.0452,9
לזנה,למינה,1.0446,13
דקודשי,קדשי,1.0435,24
שפט,שפט,1.0435,6
תעבדונ,תעשו,1.0417,105
בלחודי,לבדי,1.0417,10
ולמהכ,וללכת,1.0417,5
ונסכיה,ונסכו,1.0417,5
אחוכ,אחיכ,1.0417,75
לאבא,לאבי,1.0417,5
למקרי,לקרא,1.0408,17
שמיה,שמו,1.0405,123
בשתיא,בשתי,1.0400,7
מדמא,מדמ,1.0400,13
בית,בית,1.0399,437
ויתנ,ונתנ,1.0395,69
בשתא,בשנה,1.0388,67
עינוהי,עיניו,1.0370,28
לבית,לבית,1.0367,120
תניתא,השנית,1.0357,29
וחמשא,וחמשה,1.0352,21
אסרת,אסרה,1.0345,9
חטינ,חטימ,1.0345,9
ימותונ,ימתו,1.0328,21
תימר,תאמר,1.0323,36
אוסיפ,אוסיפ,1.0323,8
אחוכונ,אחיכמ,1.0321,38
בעיניהונ,בעיניהמ,1.0321,7
עינינ,עינימ,1.0317,10
מחרבא,מחרב,1.0317,5
תגלי,תגלה,1.0317,13
ענכ,צאנכ,1.0316,14
לאבהתכ,לאבתיכ,1.0316,14
יתכונ,אתכמ,1.0314,296
ארבעא,ארבעה,1.0312,33
לבכונ,לבבכמ,1.0312,33
ובריכ,ויברכ,1.0309,40
ואקבר,ואקברה,1.0303,3
תקימונ,תקימו,1.0303,3
דבחיהונ,זבחיהמ,1.0303,3
יתקלונ,יכשלו,1.0292,8
דפרסא,פרכת,1.0286,8
נדרא,נדר,1.0286,14
אמיה,אמו,1.0286,54
ומתמנ,ומשמ,1.0286,12
יקומ,יקומ,1.0286,18
בזו,בזזו,1.0286,6
טפלהונ,טפמ,1.0286,6
דכשר,הישר,1.0286,27
ולמרחמ,ולאהבה,1.0286,3
מעזקתיה,בפתיל,1.0286,3
לזיע,לזועה,1.0286,4
אורכא,ארכ,1.0278,37
בחצוצרתא,בחצצרת,1.0256,4
שמהונ,שממ,1.0256,5
ובכת,ותבכ,1.0256,5
אבניא,האבנימ,1.0256,24
וגבריהונ,ואנשיהמ,1.0256,4
ושמע,וישמע,1.0241,58
יומינ,ימימ,1.0239,273
יעבר,יעבר,1.0233,11
ורוח,ורוח,1.0233,11
לאחוכונ,לאחיכמ,1.0227,3
ואתקדש,ונקדשתי,1.0227,6
ותקדשונ,וקדשתמ,1.0227,3
ואעברו,ויעבירו,1.0227,3
ובחוביה,ובחטאתו,1.0227,3
שטינ,שטימ,1.0227,27
לשואה,לשומ,1.0214,13
מיומא,מיומ,1.0196,14
לשכתא,הלשכות,1.0196,6
ולבנכ,ולזרעכ,1.0185,15
בידכונ,בידכמ,1.0185,11
ונפלח,ונעבדה,1.0185,5
ובכפנא,וברעב,1.0185,10
אקדשית,הקדשתי,1.0182,4
ארגונא,הארגמנ,1.0182,4
לבכ,לבבכ,1.0174,26
למלכא,למלכ,1.0159,64
תכלא,תכלת,1.0159,32
רישכ,ראשכ,1.0159,8
גמלא,הגמל,1.0145,7
בבעירא,בבהמה,1.0136,17
ותמללונ,ודברתמ,1.0130,3
היכלא,היכל,1.0130,9
לעפרא,לעפר,1.0130,3
ולרמתא,ולגבעות,1.0130,3
בשקרא,בשקר,1.0130,3
וצלוחיתא,וצפחת,1.0130,3
החזיתונ,הראיתמ,1.0130,3
ואקדימו,וישכימו,1.0115,11
ואבוהי,ואביו,1.0111,7
מבנוהי,מבניו,1.0111,7
בתריכונ,אחריכמ,1.0101,10
בארעהונ,בארצמ,1.0080,9
עמי,עמי,1.0067,151
כחדא,יחדו,1.0065,77
רבוניה,אדניו,1.0065,35
אחזיני,הראני,1.0065,7
ספרא,הספר,1.0063,32
לחמא,לחמ,1.0062,90
בפומכ,בפיכ,1.0062,9
ובחר,ויבחר,1.0057,8
מצראה,מצרי,1.0057,8
יימרונ,יאמרו,1.0048,32
ושלחית,ואשלח,1.0048,8
דקריבינ,הקרבימ,1.0048,7
דירחו,ירחו,1.0039,10
רישי,ראשי,1.0025,50
ליהודה,ליהודה,1.0000,6
וחיליה,וצבאו,1.0000,24
ועמודי,ומיתריהמ,1.0000,4
בחופאה,במכסה,1.0000,6
מטולהונ,משאמ,1.0000,6
קנאה,קנאה,1.0000,4
פטירינ,ורקיקי,1.0000,8
מתקלה,משקלה,1.0000,12
לדכואיהונ,לטהרמ,1.0000,4
וחורו,ויכבסו,1.0000,4
מחיל,מצבא,1.0000,4
תיבבונ,תריעו,1.0000,3
מטלני,מסעי,1.0000,4
עיננא,עינינו,1.0000,3
טלא,הטל,1.0000,7
גדי,גדי,1.0000,8
אתוותי,אתתי,1.0000,4
וטולו,וסעו,1.0000,6
כשעה,כרגע,1.0000,4
וצלינא,קלנו,1.0000,4
אמרי,אמרי,1.0000,7
ביתו,לינו,1.0000,4
וסטת,ותט,1.0000,4
מותבכ,מושבכ,1.0000,3
ללוי,ללוי,1.0000,3
וישתוק,וקמו,1.0000,6
דברתא,המלקוח,1.0000,8
תדונ,תתחטאו,1.0000,4
לעבדיכ,לעבדיכ,1.0000,6
מאחסנת,מנחלת,1.0000,6
שבטיא,שבטי,1.0000,35
וארעא,והארצ,1.0000,44
ולאפרשא,ולהבדיל,1.0000,3
ואטדינ,ודרדר,1.0000,3
מטלטל,ונד,1.0000,4
ותשע,ותשע,1.0000,11
ואתתכ,ואשתכ,1.0000,3
ויפשונ,ופרו,1.0000,4
ואימתכונ,ומוראכמ,1.0000,4
וערית,וערות,1.0000,3
וארמ,וארמ,1.0000,4
ומשכנינ,ואהלימ,1.0000,3
ושפנינא,ותר,1.0000,3
ידהא,ידיה,1.0000,6
תותבותכ,מגריכ,1.0000,4
ברכתי,ברכתי,1.0000,4
ותקדמונ,והשכמתמ,1.0000,4
אתתי,אשתי,1.0000,9
סכינא,המאכלת,1.0000,4
ומארע,ומארצ,1.0000,4
גמלינ,גמלימ,1.0000,6
ואוחיאת,ותמהר,1.0000,11
ארעתא,הארצת,1.0000,4
סניתונ,שנאתמ,1.0000,3
כיומיא,כימימ,1.0000,4
נמור,וטלוא,1.0000,4
העוד,העוד,1.0000,4
ובנימנ,ובנימנ,1.0000,4
חלמית,חלמתי,1.0000,4
ופטימתא,ותאכלנה,1.0000,3
פטימנ,בריאות,1.0000,4
נימר,נאמר,1.0000,3
ותורכ,ובקרכ,1.0000,4
חבר,חבר,1.0000,5
וענהונ,וצאנמ,1.0000,7
גבעת,גבעת,1.0000,4
לפקדא,לצות,1.0000,3
במללותהונ,בדברמ,1.0000,4
וקרבתונ,ותקרבונ,1.0000,3
מיתיכונ,באכמ,1.0000,6
וגמרנא,ונחרמ,1.0000,4
ומישרא,והערבה,1.0000,3
בבעל,בבעל,1.0000,5
כיי,כיהוה,1.0000,3
לרחמי,לאהבי,1.0000,4
וגיורכ,וגרכ,1.0000,4
ולמטר,ולשמר,1.0000,8
ותירת,וירשת,1.0000,4
לאבהתנא,לאבתינו,1.0000,6
ידעונ,ידעונ,1.0000,5
ואילא,וכאיל,1.0000,3
ציצינ,סנפיר,1.0000,10
תקימ,תקימ,1.0000,5
סרכיא,השטרימ,1.0000,7
עמר,צמר,1.0000,5
חויתי,הגדתי,1.0000,6
בשחנא,בשחינ,1.0000,3
תבאש,תרע,1.0000,4
באפקותיה,בהוציאו,1.0000,3
ויהבה,ויתנה,1.0000,8
ואתעתדו,ויתיצבו,1.0000,6
ויסדרונ,וערכו,1.0000,5
לשקרא,לשקר,1.0000,7
ואתכנישת,ותקהל,1.0000,3
ומכיכא,ושפלה,1.0000,4
ולבושא,והבגד,1.0000,4
לסאבותיה,לטמאו,1.0000,4
אחתכ,מולדת,1.0000,4
כיציבא,כאזרח,1.0000,10
יסדר,יערכ,1.0000,6
יתמסכנ,ימוכ,1.0000,6
ויזדבנ,ונמכר,1.0000,8
לחרבא,לחרב,1.0000,7
לריקנו,לריק,1.0000,4
סינכ,של,1.0000,3
סרכי,שטרי,1.0000,7
נפלח,נעבד,1.0000,6
טוי,צלי,1.0000,5
במפקי,בצאתי,1.0000,3
ימלוכ,ימלכ,1.0000,7
יתרגמ,יסקל,1.0000,8
חנונ,חנונ,1.0000,3
כלידהא,גביעיה,1.0000,4
ושושנ,כפתר,1.0000,4
ענובינ,ללאת,1.0000,12
פורפינ,קרסי,1.0000,8
פורפיא,הקרסימ,1.0000,4
לתרויהונ,לשניהמ,1.0000,3
לסופיהונ,לירכתימ,1.0000,4
עזקתהונ,הבריחמ,1.0000,4
והמינ,כמעשהו,1.0000,4
כרומ,וישפה,1.0000,4
לפומיה,לפיו,1.0000,4
לכסאה,לכסות,1.0000,6
לאפרשות,לתרומת,1.0000,4
תבור,תבור,1.0000,3
מרעיה,חליו,1.0000,3
כספהונ,כספמ,1.0000,3
בקרווהי,בעריו,1.0000,4
מאורחתכונ,מדרכיכמ,1.0000,5
לביע,לששונ,1.0000,3
ומזרזי,והחלוצ,1.0000,3
לעי,לעי,1.0000,4
מחונונ,הכומ,1.0000,3
מגיחינ,נלחמימ,1.0000,8
שפלתא,השפלה,1.0000,3
שדוכת,שקטה,1.0000,4
ארעאה,תחתונ,1.0000,3
דמות,דמות,1.0000,10
במיזלהנ,בלכתנ,1.0000,3
וגלגליא,והאופנימ,1.0000,4
במדינתא,בארצות,1.0000,9
קצא,הקצ,1.0000,4
כאורחתיכ,כדרכיכ,1.0000,3
ותקלת,ומכשול,1.0000,3
ברישכ,בראשכ,1.0000,3
ואתרחיצת,ותבטחי,1.0000,3
ויפגרונ,והרסו,1.0000,3
מזכותה,מצדקתו,1.0000,3
סיפיהונ,חרבותמ,1.0000,4
רעיעא,משענת,1.0000,3
תברית,שברתי,1.0000,4
אתכנעותהונ,כלמתמ,1.0000,6
מסמתא,העזרה,1.0000,3
למכלתא,לאיפה,1.0000,4
כרעותי,תתנקמ,1.0000,3
אסתכיאת,נשקפה,1.0000,3
בתרעיא,בשערימ,1.0000,4
ירודינ,תנימ,1.0000,7
מקפי,קצוצי,1.0000,3
זרזא,האזור,1.0000,5
אודנוהי,אזניו,1.0000,4
אקימו,הקימו,1.0000,4
וארטוש,ונטשתי,1.0000,3
ותרעיא,והמסגר,1.0000,3
דמגיחינ,הנלחמימ,1.0000,3
תשתיזיב,תמלט,1.0000,4
וחדיאו,וישמחו,1.0000,3
פלחוהי,כהניו,1.0000,3
תמונ,ציימ,1.0000,3
כנחל,כנחל,1.0000,3
שליונ,שאננות,1.0000,3
בסקא,בשק,1.0000,3
ודאתקנכ,ויצרכ,1.0000,3
בסרתכ,השמעתיכ,1.0000,3
כשפע,כנהר,1.0000,3
בדאתונ,באמרכמ,1.0000,3
וסגידת,ותשתחו,1.0000,6
דאתרעיתא,בחרת,1.0000,3
שושנינ,צצימ,1.0000,4
ואפלי,ובערתי,1.0000,3
לרבונכ,לאדניכ,1.0000,3
מסגירותיה,מצרעתו,1.0000,3
ושדוכת,ותשקט,1.0000,4
משלהנ,עיפימ,1.0000,3
האשבוק,החדלתי,1.0000,3
סעדא,העזר,1.0000,3
לחיננ,פלגשימ,1.0000,3
ונסק,ונעלה,1.0000,7
תבני,תבנה,1.0000,9
ואיכדינ,ואיכ,1.0000,9
תוספונ,תספונ,1.0000,6
תועבתהונ,תועבתמ,1.0000,3
ובכי,ובכה,1.0000,3
באפודא,לאפוד,1.0000,3
לאשתא,לאש,1.0000,3
במשריתא,במחנה,0.9969,27
שופרא,שופר,0.9965,11
לחד,לאחד,0.9956,16
ואפיהונ,ופניהמ,0.9952,8
אלהיה,אלהיו,0.9943,25
ומאתנ,ומאתימ,0.9929,14
למשפכ,לשפכ,0.9925,6
דאתור,אשור,0.9922,71
ושלחיה,וישלחהו,0.9917,4
צפונא,צפונ,0.9905,32
ומידא,ומיד,0.9905,4
בקשתא,בקשת,0.9905,4
נחשא,נחשת,0.9903,41
ואתתא,ואשה,0.9890,25
ידנא,ידינו,0.9890,5
אחילו,חללו,0.9890,5
אדמ,אדמ,0.9885,107
חלונ,חלנ,0.9882,6
מיתכ,מתכ,0.9882,6
יבש,יביש,0.9882,12
תשתי,תשתה,0.9877,8
מותבניכונ,מושבתיכמ,0.9852,14
אלההונ,אלהיהמ,0.9852,38
חרבא,חרב,0.9844,70
יומיא,הימימ,0.9839,119
יצבע,יכבס,0.9836,30
וארגונא,וארגמנ,0.9835,21
לשלחא,לשלח,0.9832,9
ועאנ,וצאנ,0.9825,7
וקרו,ויקראו,0.9821,22
בשמיה,בשמו,0.9821,5
תשכוב,תשכב,0.9821,5
חורונ,חורנ,0.9821,5
ושומ,ושמ,0.9820,74
בארבעת,בארבעה,0.9818,6
שבתא,שבת,0.9818,21
צומא,צומ,0.9818,6
נשרא,נשר,0.9818,3
ארעיה,ארצו,0.9812,29
ובנוהי,ובניו,0.9811,36
ונפל,ויפל,0.9808,32
פתא,פת,0.9804,5
ולבית,ולבית,0.9796,12
כפתגמיכונ,כדבריכמ,0.9796,3
לאפקותהונ,להוציאמ,0.9796,3
וסוכלתנותא,ותבונה,0.9796,3
ומיתו,וימתו,0.9783,9
שריתי,הואלתי,0.9778,4
אשוינכ,אשימכ,0.9778,4
עללתכ,תבואתכ,0.9778,4
החזיתא,הראית,0.9778,6
ותגלופ,ופתחת,0.9778,4
נטרתונ,שמרתמ,0.9778,4
ונגיח,ונלחמה,0.9778,4
כרוביא,הכרבימ,0.9778,22
לפתגמ,לפי,0.9778,33
נטלי,נשאי,0.9767,21
סלתא,סלת,0.9763,32
ויסחי,ורחצ,0.9762,41
וקמת,ותקמ,0.9756,15
אנא,אני,0.9755,583
חרביה,חרבו,0.9754,9
כלינ,הכלית,0.9754,9
לעמא,לעמ,0.9747,62
יעבדונ,יעשו,0.9746,23
וליתבי,ולירושל,0.9740,5
קלי,קולי,0.9739,8
קרנוהי,קרנתיו,0.9739,8
מחובתיה,מחטאתו,0.9733,7
כוש,כוש,0.9730,9
רבונכ,אדניכ,0.9730,18
וקמו,ויקמו,0.9728,26
אבנינ,אבנימ,0.9722,25
ואשתא,ואש,0.9722,7
ונהי,והיינו,0.9722,7
דעבר,העבר,0.9722,7
לביתא,הביתה,0.9718,23
הלא,הלא,0.9707,91
מטרת,משמרת,0.9704,40
תתוב,תשוב,0.9697,16
דשא,הדלת,0.9697,16
שכוב,שכבה,0.9697,4
מותב,מושב,0.9697,4
ויכוס,ושחט,0.9688,31
ומלילו,וידברו,0.9677,30
ספר,ספר,0.9673,37
תחותוהי,תחתיו,0.9672,54
משתיא,משתה,0.9670,12
עננא,העננ,0.9667,29
ומליל,וידבר,0.9666,304
לממת,למות,0.9662,25
ויקרב,והקריב,0.9657,32
בוצינהא,נרתיה,0.9655,14
מסבי,מזקני,0.9655,14
בסיסיה,כנו,0.9655,14
ובעירא,ובהמה,0.9649,15
בניהונ,בניהמ,0.9649,22
לחיליהונ,לצבאתמ,0.9643,27
ובגו,ובתוכ,0.9643,6
יתמחי,ימחה,0.9643,3
ממשחא,משמנ,0.9643,3
כואה,המכוה,0.9643,3
ויבני,ובנה,0.9643,3
ואקימינונ,ונטעתימ,0.9643,3
שפנינינ,תרימ,0.9630,13
ברכוהי,ברכיו,0.9630,3
חצרא,היתרת,0.9630,13
ללואי,ללוימ,0.9623,17
לשאול,לשאול,0.9620,19
יהבתה,נתתיה,0.9615,5
יתעתד,יתיצב,0.9615,5
תגריכ,רכליכ,0.9615,5
ושרו,ויחנו,0.9609,123
ובמותא,ובדבר,0.9603,11
וארבעה,וארבעה,0.9600,6
אבוהנ,אביהנ,0.9600,8
תחבלונ,תשחתונ,0.9600,4
אוטיבו,היטיבו,0.9600,3
ויתקלונ,וכשלו,0.9600,4
מרמצתא,המשבצת,0.9600,4
ויתבהא,וישביה,0.9600,4
דחטאתא,החטאת,0.9568,31
בעזקתא,בטבעת,0.9565,9
לבהונ,לבמ,0.9565,33
את,אתה,0.9562,325
לחדא,מאד,0.9545,262
אבהתהונ,אבתמ,0.9542,73
תרויהונ,שניהמ,0.9534,58
בפומ,בפי,0.9532,16
אלהכונ,אלהיכמ,0.9531,209
ושוי,וישמ,0.9524,80
ומא,ומדוע,0.9524,10
עינ,עינ,0.9524,15
אגרכ,שכרכ,0.9524,5
קצו,מאסו,0.9524,10
בנפשיה,בנפשו,0.9524,4
ובנתכ,ובנתיכ,0.9524,6
חכימינ,חכמימ,0.9524,10
גלגלא,הגלגל,0.9524,10
בחכמתא,בחכמה,0.9524,4
ולבנוהי,ולבניו,0.9510,16
ומלכיא,והמלכימ,0.9510,4
ופרשוהי,ופרשיו,0.9510,4
ולמדבחא,ולמזבח,0.9510,4
מזרקיא,המזרקות,0.9510,4
ויהכונ,והלכו,0.9506,7
דמ,דמ,0.9500,38
לעלמ,לעולמ,0.9494,29
מנה,ממנה,0.9486,39
אתמניאו,התפקדו,0.9474,9
ויערוק,ונס,0.9474,9
ושלחת,ותשלח,0.9474,6
לאריחיא,לבדימ,0.9474,9
עלכ,עליכ,0.9474,135
תבתונ,שבתמ,0.9474,7
אחונא,אחינו,0.9459,14
לשמשותיה,לשרתו,0.9455,4
לחיסודינ,לחרפה,0.9455,4
ואעלני,ויביאני,0.9455,6
ויי,ויהוה,0.9441,57
מדינ,מדינ,0.9434,25
וכפר,ויכפר,0.9429,6
בלביה,בלבו,0.9429,12
והפכ,ויהפכ,0.9429,6
דפסי,הפסימ,0.9429,3
תברתא,שברת,0.9429,3
מעמיה,מעמיו,0.9423,7
דאגליתי,הגליתי,0.9421,3
ויזרקונ,וזרקו,0.9412,5
ליתכ,אינכ,0.9412,8
אמתי,אמתי,0.9412,4
למרחמ,לאהבה,0.9412,16
דובנא,הזב,0.9412,16
רכבי,רכבי,0.9412,4
מיכל,מיכל,0.9412,12
תליתאה,השלישי,0.9408,49
כיורא,הכיר,0.9408,15
ויתכונ,ואתכמ,0.9402,5
וברמשא,ובערב,0.9402,5
ושתיאו,וישתו,0.9402,10
במילדה,בלדתה,0.9402,5
תמנעונ,תגרעו,0.9402,5
ודהבא,וזהב,0.9396,19
עמה,עמה,0.9391,27
בעשרינ,בעשרימ,0.9391,6
אזגדינ,מלאכימ,0.9383,38
אתיתונ,באתמ,0.9375,12
בסיבו,בשיבה,0.9375,3
מערתא,המערה,0.9375,5
ותווהי,ותאו,0.9375,3
ממסקי,ממעלי,0.9375,3
מדבחי,מזבחי,0.9375,10
ולרוח,ולפאת,0.9375,6
קלניכ,שוליכ,0.9375,3
וצורת,ותמרת,0.9375,3
גלות,שבות,0.9369,13
חמשא,חמשה,0.9368,43
דגלעד,הגלעד,0.9366,19
ורהט,וירצ,0.9362,22
רוחהא,מגרשה,0.9362,22
וית,ואת,0.9361,1537
חרשי,חרטמי,0.9351,4
וטפלא,והטפ,0.9351,8
לטבא,לטובה,0.9351,8
מתמנ,משמ,0.9343,128
ית,את,0.9342,6158
מגרופיתא,היעימ,0.9333,7
בשניא,בשנימ,0.9333,4
והב,ותנ,0.9333,7
כנפא,כנפ,0.9333,7
פוק,צא,0.9333,14
ואוחי,וימהר,0.9333,14
לאשכחא,למצא,0.9333,7
ואוחיאו,וימהרו,0.9333,7
ותשבוק,וסלחת,0.9333,7
ויודונ,והתודו,0.9333,4
ויריתו,ויירשו,0.9333,5
בנת,בנות,0.9333,37
כחד,כאחד,0.9333,8
ביומוהי,בימיו,0.9333,8
עמיק,עמק,0.9333,12
תליד,תלד,0.9333,6
ולבננ,והלבנונ,0.9333,3
וממשחה,ומשמנה,0.9333,3
למצפיא,המצפתה,0.9333,8
קנינ,הקנימ,0.9312,8
ותירתונ,וירשתמ,0.9311,13
ואעבד,ואעשה,0.9310,9
לתורא,לפר,0.9302,20
ושאיל,וישאל,0.9302,16
ועבדינ,ועבדימ,0.9290,8
רקיעא,רקיע,0.9286,4
ואבנא,ואבנ,0.9286,9
דייטב,ייטב,0.9286,9
שאלתא,שאלת,0.9286,3
תקרבונ,תקריבו,0.9275,20
שוחדא,שחד,0.9275,8
אבוהי,אביו,0.9272,128
ואסער,ופקדתי,0.9268,19
ישתי,ישתה,0.9259,5
מתנא,מתנה,0.9259,5
לכהניא,לכהנימ,0.9257,9
באלינ,באלה,0.9244,5
אורכיה,ארכו,0.9239,17
ויימרונ,ואמרו,0.9234,31
גאל,גאל,0.9231,9
בחילכ,בכחכ,0.9231,6
יצהר,יצהר,0.9231,3
פרת,פרת,0.9231,15
אשבקינכ,אעזבכ,0.9231,6
בחרציה,במתניו,0.9231,6
שנת,שנת,0.9231,15
במתננ,בבשנ,0.9231,12
לתרכא,להוריש,0.9231,6
מסקא,מפרסת,0.9231,6
עגלתא,העגלה,0.9231,8
משכני,משכני,0.9231,3
אורחתכונ,דרכיכמ,0.9231,12
ומשכי,וערת,0.9231,6
תחוונ,תגידו,0.9231,6
מצפיא,המצפה,0.9231,8
שמעה,שמעה,0.9231,3
מאורחיה,מדרכו,0.9231,12
ודיני,ומשפטי,0.9231,6
וכותרנ,ותמרימ,0.9231,5
אשמא,אשמ,0.9231,10
חלמא,חלומ,0.9231,18
לאנתו,לאשה,0.9226,47
חטאתא,חטאת,0.9222,36
ארעא,הארצ,0.9220,835
אסתמר,השמר,0.9218,19
דמא,הדמ,0.9218,55
לירחא,לחדש,0.9216,94
לבניכונ,לבניכמ,0.9212,4
וכדינ,וכה,0.9212,19
ידיה,ידו,0.9211,100
ויכתוב,וכתב,0.9211,7
אחתיכ,אחותכ,0.9211,7
סדרינ,טורימ,0.9211,7
ועסרא,ועשרת,0.9211,7
הדינ,הזה,0.9202,738
וגברוהי,ואנשיו,0.9200,23
ועבד,ויעש,0.9191,250
ודא,וזאת,0.9189,34
קשי,קשה,0.9184,15
וענכ,וצאנכ,0.9184,5
ימא,הימ,0.9176,104
עלנא,עלינו,0.9173,61
ותתנ,ונתתה,0.9172,56
ועואי,והעוימ,0.9167,3
ערעיתא,הצרעה,0.9167,3
ולמיעל,ולבוא,0.9167,3
במטרת,באשמרת,0.9167,3
ולעברא,ולכתפ,0.9167,3
ברתיכינ,ברכב,0.9167,3
דלביש,מבינות,0.9167,3
ויוכח,והוכיח,0.9167,3
במסקנא,במעלה,0.9167,3
נטרי,שמרי,0.9167,11
מנהא,כליה,0.9167,11
ויסב,ולקח,0.9167,55
ואזל,וילכ,0.9167,209
נפקי,יצאי,0.9167,11
כפתגמיא,כדברימ,0.9167,11
תסתאבונ,תטמאו,0.9167,11
דרבותא,המשחה,0.9153,27
ונטלו,ויסעו,0.9147,118
דארמותא,התנופה,0.9143,16
וידכי,וטהר,0.9143,32
במישריא,בערבת,0.9143,16
קבר,קבר,0.9143,8
יקדשונ,יקדישו,0.9143,4
כבר,כבר,0.9143,8
ויפרסונ,ופרשו,0.9143,8
כדננ,כה,0.9131,457
עבדיה,עבדו,0.9124,27
ולגיורא,ולגר,0.9123,12
ומכא,ומזה,0.9123,13
ותיכלונ,ואכלתמ,0.9117,27
במתא,הבמות,0.9107,17
מזדרע,מזריע,0.9091,4
ואוריתי,ותורתי,0.9091,3
למבכי,לבכות,0.9091,4
למנינ,למספר,0.9091,4
וחופאה,ומכסה,0.9091,5
דמה,דמה,0.9091,5
אפוק,אצא,0.9091,10
בתחומיה,בגבלו,0.9091,5
וילידת,ותלד,0.9091,75
ופקדיה,ויצוהו,0.9091,5
דרחשא,הרמשת,0.9091,5
ואנשי,ואנשי,0.9091,5
משיזבא,הפליט,0.9091,5
וזביני,ומקנת,0.9091,5
תבשילינ,מטעמימ,0.9091,10
בתרנא,אחרינו,0.9091,5
ואשתמודע,ויכר,0.9091,5
צלב,תלה,0.9091,5
חותו,רדו,0.9091,5
ופקדית,ואצוה,0.9091,5
אפקנא,הוציאנו,0.9091,5
וסוכלתנ,ונבונ,0.9091,5
לדכותיה,לטהרתו,0.9091,5
מסמקי,מאדמימ,0.9091,10
ולבושי,ובגדי,0.9091,5
וקרבא,ומלחמה,0.9091,5
ואגזר,וכרתי,0.9091,5
תושבחתיכ,תפארתכ,0.9091,5
תחוי,תגיד,0.9091,5
חרצכ,מתניכ,0.9091,5
ברגלוהי,ברגליו,0.9091,5
ומרד,ויקשר,0.9091,5
דמחוי,המגיד,0.9091,5
לבאר,בארה,0.9091,3
לשכמ,שכמה,0.9091,6
ועינכ,ועיניכ,0.9091,3
ועממינ,ועמימ,0.9091,3
אמרת,אמרת,0.9072,22
ועובדיכונ,ומעלליכמ,0.9067,4
וקרתא,והעיר,0.9032,14
ואגיחו,וילחמו,0.9032,14
דמעלמא,מעולמ,0.9028,5
מאחוהי,מאחיו,0.9028,5
למדבחא,המזבחה,0.9021,53
ויצבע,וכבס,0.9020,23
אעביד,אעשה,0.9017,54
תטרונ,תשמרו,0.9016,22
וחויאו,ויגדו,0.9006,21
בתחומ,בגבול,0.9000,9
וסגיאו,וירבו,0.9000,9
הבו,הבו,0.9000,9
לצפרא,לבקר,0.9000,9
לחברונ,חברונה,0.9000,3
דבענ,מבקשי,0.9000,9
בסיסיא,המכנות,0.9000,9
ולילדותי,מולדתי,0.9000,3
וחתאי,והחתי,0.9000,9
ואורכא,וארכ,0.9000,3
וגנבת,ותגנב,0.9000,3
תוקדונ,תשרפונ,0.9000,6
ולמפלח,ולעבדו,0.9000,3
לרשיעא,לרשע,0.9000,3
תדכרונ,תזכירו,0.9000,3
מיללינ,ייליל,0.9000,3
תדחל,תירא,0.8989,40
שלמ,שלומ,0.8988,52
ועבדו,ויעשו,0.8986,93
הויתונ,הייתמ,0.8980,18
ואקדימ,וישכמ,0.8980,22
וכבושיהונ,וחשקיהמ,0.8980,11
דיובלא,היבל,0.8974,14
כתפי,כתפת,0.8974,7
גיאה,ברנע,0.8966,13
ואשלח,ושלחתי,0.8966,18
ואחסנא,ונחלה,0.8966,13
ותשוי,ושמת,0.8966,26
למטרא,למשמרת,0.8963,11
כפתגמא,כדבר,0.8960,56
שלימ,תמימ,0.8957,44
אתידע,נודע,0.8944,8
קטילי,חללי,0.8944,16
לימינא,ימינ,0.8936,12
רישיה,ראשו,0.8933,67
חזינא,ראינו,0.8929,10
בכרנ,בעצמ,0.8929,25
ומטוב,וממגד,0.8929,5
בלחודוהי,לבדו,0.8923,29
הדא,הזאת,0.8920,289
שמעית,שמעתי,0.8919,22
דארננ,ארננ,0.8914,6
עליהונ,עליהמ,0.8913,146
עלוהי,עליו,0.8910,263
שמעו,שמעו,0.8909,49
לגיורא,לגר,0.8901,9
ומלכא,ומלכ,0.8893,17
יקרבונ,יקריבו,0.8889,10
לאתתיה,לאשתו,0.8889,4
דקלטיה,מקלטו,0.8889,4
ליבשתא,היבשה,0.8889,4
ותלדינ,וילדת,0.8889,4
רחמיה,העדלמי,0.8889,4
ובתקופ,ובקצפ,0.8889,4
וחפהי,ויצפהו,0.8889,4
לארעיה,לארצו,0.8889,4
אסקית,העליתי,0.8889,4
שמהת,שמות,0.8889,40
דקטלית,הכתי,0.8889,4
ופתורא,והשלחנ,0.8889,4
וירימ,והניפ,0.8889,16
רטיבינ,לחימ,0.8889,4
מנחתיה,מנחתו,0.8889,4
צפיר,שעיר,0.8889,38
פוקו,צאו,0.8889,12
ואזלו,וילכו,0.8889,100
מעצרתא,ונחשב,0.8889,4
ועמנא,ואתנו,0.8889,4
ותחסנונ,והתנחלתמ,0.8889,4
פושו,פרו,0.8889,8
אתתכ,אשתכ,0.8889,11
חואי,החוי,0.8889,11
בקשיטות,בתמ,0.8889,4
מתיב,משיב,0.8889,7
ופוק,וצא,0.8889,4
לכנשת,לקהל,0.8889,4
בתראינ,אחרנימ,0.8889,4
ופשר,ופתר,0.8889,3
אוחו,מהרו,0.8889,4
ועשר,ועשר,0.8889,4
במפקהונ,בצאתמ,0.8889,8
ונחתית,ואפנ,0.8889,4
יפתי,ירחיב,0.8889,4
וימללונ,ודברו,0.8889,4
במפקכונ,בצאתכמ,0.8889,8
סוכלתנו,תבונה,0.8889,4
קמ,קמ,0.8889,10
כובעינ,אבנט,0.8889,4
מפקיה,צאתו,0.8889,4
ויוקדונ,ושרפו,0.8889,4
עריתה,ערותה,0.8889,8
ותרעי,שבתתיה,0.8889,4
שיזבנא,הצילנו,0.8889,4
אסנא,הסנה,0.8889,3
תמלי,תמול,0.8889,4
ונוני,והדגה,0.8889,4
וסרי,ויבאש,0.8889,4
ופותיא,ורחב,0.8889,32
כתלתא,כשלשת,0.8889,4
ואשוינה,ושמתיה,0.8889,4
ושבקו,ויעזבו,0.8889,8
סקינ,שקימ,0.8889,7
יוסיפ,יוסיפ,0.8889,6
מתחזרינ,יסבו,0.8889,4
גלגליא,האופנימ,0.8889,8
מפרשנ,יתכנ,0.8889,4
חמדתא,חמד,0.8889,4
מבישו,מרע,0.8889,4
לסעיד,לעזרה,0.8889,4
דואג,האדמי,0.8889,4
עמלקאה,עמלקי,0.8889,4
תחומ,גבול,0.8878,91
בביתא,בבית,0.8873,43
בשרא,בשר,0.8870,51
ותעבדונ,ועשיתמ,0.8868,47
ותידעונ,וידעתמ,0.8864,26
תהימנונ,תאמינו,0.8864,3
ואפקני,ויוצאני,0.8864,3
תושבחתה,תפארתו,0.8864,3
ואתמליאת,ותמלא,0.8842,6
מדבחינ,מזבחימ,0.8842,6
נביא,הנביא,0.8839,84
עבדיכ,עבדיכ,0.8837,19
חבנא,חטאנו,0.8824,15
וסגיד,וישתחו,0.8824,45
לאתותבא,לגור,0.8824,15
מלכהונ,מלכמ,0.8824,5
בירחא,בחדש,0.8819,56
ארמא,תנופה,0.8814,26
וידי,והזה,0.8814,26
ברתיה,בתו,0.8814,26
ופקיד,ויצו,0.8806,59
והוה,ויהי,0.8801,749
רגליה,רגלו,0.8800,7
ידכונ,ידכמ,0.8800,7
ומיתת,ותמת,0.8800,11
לביתיה,לביתו,0.8796,19
ונוקבא,ונקבה,0.8792,7
סוסותא,הסוסימ,0.8792,7
לאלהא,לאלהימ,0.8788,29
מלכות,ממלכות,0.8786,20
יהונ,יהיו,0.8780,108
ירכא,ירכ,0.8780,10
ואשכח,וימצא,0.8780,18
וצבע,ותולעת,0.8780,36
וכענ,ועתה,0.8778,212
חסדא,החסד,0.8772,5
שתיא,השתי,0.8772,5
בעיני,בעיני,0.8767,48
דכי,טהור,0.8763,85
דסדומ,סדמ,0.8762,23
במשכנ,באהל,0.8759,60
עמנא,עמנו,0.8757,31
דעדנ,עדנ,0.8757,9
לרבוני,לאדני,0.8756,24
להונ,להמ,0.8755,530
ואתרעמו,וילנו,0.8750,7
דאזדמנו,הנועדימ,0.8750,3
בעדבא,בגורל,0.8750,14
דחפי,המכסה,0.8750,14
חרכא,החלונ,0.8750,7
לאתבותיה,להשיבו,0.8750,3
ויברכנכ,וברככ,0.8750,5
ולאתקרבא,ולדבקה,0.8750,3
סכואה,הצפה,0.8750,7
פקדתינונ,צויתימ,0.8750,3
אתכבישת,נלכדה,0.8750,7
דארגיזתא,התרגזכ,0.8750,3
אולמא,אולמ,0.8739,4
מניהונ,כליהמ,0.8730,5
אדכרו,זכרו,0.8730,5
ודכר,ואיל,0.8727,24
ושויאו,וישימו,0.8727,24
מתרעמינ,מלינמ,0.8727,4
ובדרעכ,ובזרעכ,0.8727,3
דאכלינ,האכלימ,0.8727,3
ובעקתא,ובמצוק,0.8727,4
ואתיקר,ואכבדה,0.8727,4
לאבהתכונ,לאבתיכמ,0.8718,15
מבתריהונ,מאחריהמ,0.8718,3
דא,זאת,0.8710,233
חזיתי,ראיתי,0.8710,27
יהימנונ,יאמינו,0.8708,7
ותימרונ,ואמרתמ,0.8708,21
גיתיהונ,מקניהמ,0.8708,7
מעונ,מעונ,0.8696,5
וקדיש,ויקדש,0.8696,8
כפתגמכ,כדברכ,0.8696,10
ודחילא,והנורא,0.8696,10
תקרב,תקרב,0.8696,10
ובתרוהי,ואחריו,0.8696,10
אתיתי,באתי,0.8696,6
בזא,בז,0.8696,6
חרמא,חרמ,0.8690,7
לרוח,לפאת,0.8679,23
מנחתא,המנחה,0.8678,35
בנורא,באש,0.8676,118
מאתנ,מאתימ,0.8670,16
ועמיה,ועמו,0.8670,8
באחסנא,בנחלה,0.8667,13
חלמיא,החלמות,0.8667,3
ועברינ,ובריח,0.8667,3
כתפוהי,כתפיו,0.8667,3
מלמשמע,משמוע,0.8667,3
בנימנ,בנימנ,0.8657,29
ואזלת,ותלכ,0.8649,32
ונפקת,ותצא,0.8649,16
פתורא,השלחנ,0.8642,35
ריקנ,ריקמ,0.8642,7
בבתיכונ,בבתיכמ,0.8636,4
ליט,ארור,0.8632,41
ונטלינ,ונסעו,0.8627,6
בצפרא,בבקר,0.8626,91
ושית,ושש,0.8615,36
חלימ,חלמ,0.8615,4
קיטא,קיצ,0.8615,4
שבת,שבתונ,0.8602,8
ולאמהנ,ולשפחות,0.8595,4
ויגיחונ,ונלחמו,0.8595,4
עבדית,עשיתי,0.8594,44
מדבחא,המזבח,0.8592,177
אפיהונ,פניהמ,0.8571,27
דבביהונ,איביהמ,0.8571,22
טקסיה,דגלו,0.8571,3
ומית,וימת,0.8571,111
סלעא,השקל,0.8571,9
ואלפ,ואלפ,0.8571,3
מניא,הכלימ,0.8571,24
ותרימ,והנפת,0.8571,6
מסאבינ,טמאימ,0.8571,15
ואית,ויש,0.8571,9
במטלהונ,בנסעמ,0.8571,3
נוני,דגי,0.8571,6
ותחזונ,וראיתמ,0.8571,9
מכנשתא,מעדת,0.8571,3
ועיבור,ודגנ,0.8571,3
באפרשותכונ,בהרימכמ,0.8571,3
נסטי,ובכרמ,0.8571,3
וגמר,ויחרמ,0.8571,3
למואב,למואב,0.8571,3
למעבר,לעבר,0.8571,12
ברכא,ברכ,0.8571,10
אטר,אשמר,0.8571,3
יחי,יחיה,0.8571,10
וסגידו,וישתחוו,0.8571,24
לקריביה,לשארו,0.8571,3
מזרעיתיה,ממשפחתו,0.8571,3
ואקימיה,ויעמדהו,0.8571,3
ותדכונ,וטהרתמ,0.8571,3
דמזרז,חלוצ,0.8571,6
בעירנא,מקננו,0.8571,3
לקינ,לקינ,0.8571,3
דפתחת,פצתה,0.8571,3
וחצדא,וקציר,0.8571,3
עינכ,עיניכ,0.8571,27
וסדרו,ויערכו,0.8571,9
יגזר,ימול,0.8571,6
ופטיר,ומצות,0.8571,3
מזעירא,מקטנ,0.8571,6
בנתכ,בנתיכ,0.8571,3
ואפקוהי,ויצאהו,0.8571,3
דאתונא,הכבשנ,0.8571,6
חקליה,שדהו,0.8571,9
טיבותיה,חסדו,0.8571,3
משכי,ערת,0.8571,6
וחוטרכ,ומטכ,0.8571,3
ונחתומא,והאפה,0.8571,3
כסותיה,ויחלפ,0.8571,3
שקיפנ,שדפות,0.8571,3
ותחתונ,והורדתמ,0.8571,6
דלבושינ,חלפות,0.8571,3
וישוי,וישוי,0.8571,3
אדביקו,השיגו,0.8571,3
באחסנתהונ,בנחלתמ,0.8571,3
וכבשנא,ונלכד,0.8571,3
ויבדר,והפיצ,0.8571,3
בחיליה,בכחו,0.8571,3
ותלפונ,ולמדתמ,0.8571,3
יומיכ,ימיכ,0.8571,9
לתרכותהונ,להורישמ,0.8571,3
מבלי,מבלי,0.8571,9
ועבדית,ואעש,0.8571,6
בעירה,בהמתה,0.8571,3
דסדיקא,ושסעת,0.8571,3
טפזא,השפנ,0.8571,3
במכנשכ,באספכ,0.8571,3
ומקלקל,השחד,0.8571,3
וימשחונ,ומדדו,0.8571,3
מקרב,מקריב,0.8571,3
בדכרא,באיל,0.8571,3
יוקדא,תוקד,0.8571,3
ותרבי,ומשחת,0.8571,18
בהמינ,בחשב,0.8571,3
דנכיסא,האזב,0.8571,3
לאעברא,להעביר,0.8571,5
תקטלונ,תהרגו,0.8571,3
מטעיא,וחללה,0.8571,3
קודשיהונ,קדשיהמ,0.8571,4
ודיקטול,ישלמנה,0.8571,3
בחבוליא,בנשכ,0.8571,3
אקדמ,והתיצב,0.8571,3
אומאה,השביע,0.8571,3
ודאזער,והממעיט,0.8571,3
וצחי,ויצמא,0.8571,3
ארמלנ,אלמנות,0.8571,3
לחוביכונ,לפשעכמ,0.8571,3
סטריה,צלעו,0.8571,3
ושושנהא,כפתריה,0.8571,6
בפורפיא,בקרסימ,0.8571,3
ורמונא,פעמנ,0.8571,3
לקדוש,לרחצה,0.8571,3
בסוכלתנו,ובדעת,0.8571,3
קדשי,נזמי,0.8571,6
ואוקיד,וישרפ,0.8571,9
טובי,טובי,0.8571,3
ואשוינונ,ושמתימ,0.8571,3
כתלתינ,כשלשימ,0.8571,3
ומלנ,ושאבי,0.8571,3
וחיל,וכח,0.8571,3
ואציתו,והאזינו,0.8571,3
פצידי,אפיקי,0.8571,3
סרבנא,המרי,0.8571,6
סטרכ,צדכ,0.8571,3
זהור,נגה,0.8571,3
מלדנה,מתערה,0.8571,3
ביבבא,בתרועה,0.8571,3
תתרחצונ,תבטחו,0.8571,3
דמעינ,דמעה,0.8571,3
ישתבח,יתהלל,0.8571,3
ופלחונונ,ויעבדומ,0.8571,3
מחתהא,וישרק,0.8571,3
תתמסר,תנתנ,0.8571,9
וזיניה,וכליו,0.8571,3
עור,בנחשתימ,0.8571,3
ואתמנע,ויחדל,0.8571,3
הבר,המבלעדי,0.8571,3
דמתרחצינ,הבטחימ,0.8571,3
כזחלא,כילק,0.8571,3
ורמוניא,וכתרת,0.8571,3
לדיש,למרמס,0.8571,3
השיזבא,ההצילו,0.8571,3
ומבדריא,הצלעה,0.8571,3
ממעלנא,מלבוא,0.8571,3
תריסא,הצנה,0.8571,3
תונ,חדר,0.8571,3
תחומהא,גבוליה,0.8571,3
אתנגידו,פשטו,0.8571,3
מאנשא,מאדמ,0.8571,10
לפרשא,לפלא,0.8571,4
מחיתא,הכית,0.8571,4
ויתה,ואותה,0.8571,3
תמננ,שמנימ,0.8571,8
ולדי,ולאשר,0.8571,6
תוריה,שורו,0.8571,4
ספתיה,שפתו,0.8571,3
נטרתא,שמרת,0.8571,4
במשח,בשמנ,0.8553,65
דדהב,זהב,0.8545,112
משכנ,אהל,0.8541,161
בתריהנ,אחריהנ,0.8533,4
וברכ,ובנכ,0.8533,8
נפשא,נפש,0.8526,54
ונפקו,ויצאו,0.8525,52
מקדשי,מקדשי,0.8525,13
זמנינ,פעמימ,0.8514,63
לביה,לבו,0.8512,38
בר,בנ,0.8512,1164
ומיא,ומימ,0.8511,12
הגר,הגר,0.8500,17
ואתילידו,ויולדו,0.8485,4
בעממיהונ,בגויהמ,0.8485,4
בשמיא,בשמימ,0.8485,16
ואסגי,והרביתי,0.8485,14
דימינא,הימינ,0.8485,14
בסלעי,בשקל,0.8478,39
פרסא,מסכ,0.8475,25
תנינא,השני,0.8465,53
תפרשונ,תרימו,0.8462,11
וכפנא,והרעב,0.8462,11
עבופ,רעננ,0.8462,11
אריחיא,הבדימ,0.8462,22
אימתי,מתי,0.8458,17
ידי,ידי,0.8451,45
דמיה,דמו,0.8444,19
בחוביהונ,בעונמ,0.8442,5
ונפשא,ונפש,0.8442,5
ודינ,וזה,0.8430,51
וקרויא,והערימ,0.8421,8
ואתעתד,ויתיצב,0.8421,8
ואסקיה,ויעלהו,0.8421,8
ודכיר,ויזכר,0.8421,8
וחויאת,ותגד,0.8421,8
חס,חלילה,0.8421,16
יקימ,יקימ,0.8421,4
יחוי,יגיד,0.8421,8
ואבני,ואבני,0.8421,4
עולימיה,נערו,0.8421,8
עבדא,עבד,0.8416,54
מדברא,המדבר,0.8413,25
הליכו,הלכו,0.8410,19
כפוריא,הכפרימ,0.8400,6
וכליתא,וכלביא,0.8400,3
וארמלא,ואלמנה,0.8400,7
ואסהיד,ואעידה,0.8400,3
טוריא,ההרימ,0.8398,43
ומאה,ומאה,0.8387,13
למשריתא,למחנה,0.8386,58
וימותונ,ומתו,0.8381,12
ומלו,ומלאו,0.8381,8
לחוד,רק,0.8380,119
לאבוהי,לאביו,0.8363,11
ואשוי,ושמתי,0.8358,28
ותיבדונ,ואבדתמ,0.8342,6
וגבר,ואיש,0.8333,110
שתיתאה,הששי,0.8333,10
בזיכיא,הכפות,0.8333,5
מיתיהונ,באמ,0.8333,5
אזדמנו,התקדשו,0.8333,5
וסבי,וזקני,0.8333,10
דחלתונ,יראתמ,0.8333,5
אתעתד,התיצב,0.8333,5
מצות,מריבת,0.8333,5
ומתרכא,וגרושה,0.8333,5
ותתרכונ,והורשתמ,0.8333,5
יפת,יפת,0.8333,5
אסדוהי,מראשתיו,0.8333,5
וענא,והצאנ,0.8333,5
ובנהא,וילדיה,0.8333,5
ואשכחיה,וימצאהו,0.8333,5
בבתריתא,באחרנה,0.8333,5
בבהילו,בחפזונ,0.8333,5
וישתיצונ,ונכרתו,0.8333,5
מלפפנ,חברת,0.8333,5
חליל,נבוב,0.8333,5
ואשתממו,ומשמה,0.8333,5
וטעית,ותזני,0.8333,5
לכפנא,לרעב,0.8333,5
ברנית,ארמנות,0.8333,5
לעולימיה,לנערו,0.8333,5
בליליא,בלילה,0.8333,35
שליפא,שלופה,0.8333,3
כרמיא,הכרמימ,0.8333,3
תזעיר,תמעיט,0.8333,3
מפומיה,מפיו,0.8333,5
דעתא,הדעת,0.8333,3
זרעכונ,זרעכמ,0.8333,3
לאתור,אשורה,0.8333,7
וקרית,ואקרא,0.8333,8
שבליא,השבלימ,0.8333,4
פקדית,צויתי,0.8333,23
וחואי,והחוי,0.8333,7
בעדניה,בעתו,0.8333,4
תכסי,תכסה,0.8333,4
נשמא,נשמה,0.8333,4
ממדור,ממעונ,0.8333,3
בהרא,בהרת,0.8333,4
שתיתיתא,הששית,0.8333,3
בצחותא,בצמא,0.8333,5
יבהתונ,יבשו,0.8333,10
תחותי,תחתני,0.8333,3
אבוהונ,אביהמ,0.8327,31
ארחיקו,הרחיקו,0.8308,3
אחוהי,אחיו,0.8304,114
אחסנא,נחלה,0.8302,44
וצר,ויצר,0.8296,8
בדא,בזאת,0.8293,17
מאימ,אולי,0.8288,46
אתת,אשת,0.8282,94
תקריב,תקריב,0.8276,6
עניה,צאנו,0.8276,12
ודנ,וישפט,0.8276,12
ואשתעי,ויספר,0.8276,12
חימתי,חמתי,0.8271,10
יתחשב,יחשב,0.8271,5
ושאר,ויתר,0.8269,43
פתגמיא,הדברימ,0.8266,143
לשבטא,למטה,0.8261,95
וחוי,ויגד,0.8254,39
משכבי,משכב,0.8254,4
לקדשא,לקדש,0.8254,4
כהנ,כהנ,0.8254,13
מימינא,מימינ,0.8254,4
קריבינ,קרבימ,0.8254,4
תרתינ,שתי,0.8236,101
מזכי,ינקה,0.8235,7
כותכונ,ככמ,0.8235,7
ואנ,ואיה,0.8235,5
קרתיה,עירו,0.8235,21
חוטריא,המקלות,0.8235,7
לחואה,להגיד,0.8235,14
בכפנא,ברעב,0.8235,14
מרוח,מפאת,0.8235,14
ליליא,הלילה,0.8231,33
כולנא,כלנו,0.8229,8
ארי,כי,0.8228,2519
חתאה,חת,0.8226,17
אבא,אבי,0.8222,94
יקומונ,יקומו,0.8213,10
אשכחית,מצאתי,0.8205,32
ולאנ,ואנה,0.8205,4
המונ,המונ,0.8205,8
שלחו,שלחו,0.8205,8
לברכ,לבנכ,0.8205,4
בקרתא,בעיר,0.8199,66
ובאיש,וירע,0.8182,9
לאתעבדא,תעשינה,0.8182,9
בארחנ,בדרכיו,0.8182,9
בלבושא,בבגד,0.8182,9
ואפי,ופני,0.8182,9
סוסותהונ,סוסיהמ,0.8182,3
דחמת,חמת,0.8182,15
עינוונ,עינת,0.8182,3
יתידע,יודע,0.8182,7
ולנקובתא,ולנקבה,0.8182,3
שבעא,שבעת,0.8178,66
לבושי,בגדי,0.8172,38
חכימ,חכמ,0.8167,14
זמנא,מועד,0.8165,218
ואמוראי,והאמרי,0.8150,10
ואתפניאו,ויפנו,0.8150,10
ברישיה,בראשו,0.8148,10
ומחונונ,ויכומ,0.8148,7
קניזאה,הקנזי,0.8148,3
ורבוני,ואדני,0.8148,8
תחובונ,תחטאו,0.8148,4
עבורכ,ויצהרכ,0.8148,5
ותכתוב,וכתבת,0.8148,4
יעדנה,יסירנה,0.8148,6
מדוביה,מזובו,0.8148,3
ואעלית,ואביא,0.8148,3
רכובינ,ברכימ,0.8148,3
בירונ,ברושימ,0.8148,5
ויצבונ,ונטעו,0.8148,4
דמתננ,הבשנ,0.8148,22
שוו,שימו,0.8148,11
בישתהונ,רעתמ,0.8148,11
קטוליא,טבחימ,0.8136,24
בנוהי,בניו,0.8131,80
ידיכונ,ידיכמ,0.8130,10
ועליהונ,ועליהמ,0.8128,4
ותור,ושור,0.8116,7
יתוב,ישוב,0.8116,28
יי,יהוה,0.8111,4341
באר,באר,0.8108,15
אזגדיא,המלאכימ,0.8108,15
מיתו,מתו,0.8105,11
חתנא,חתנ,0.8100,9
צפירא,השעיר,0.8088,11
סבי,זקני,0.8085,57
ונפק,ויצא,0.8085,152
לחילא,לצבא,0.8065,25
פותיא,רחב,0.8056,29
ואתו,ויבאו,0.8052,155
קטולא,הרצח,0.8049,33
ערדעניא,הצפרדעימ,0.8047,8
יברכנכ,יברככ,0.8046,7
ידינ,ידימ,0.8046,7
תרבא,החלב,0.8043,37
כתלגא,כשלג,0.8036,5
רגלוהי,רגליו,0.8025,15
חופאיה,מכסהו,0.8000,4
ססגונא,תחש,0.8000,12
דאנהורי,מנרת,0.8000,4
במקרבהונ,בגשתמ,0.8000,4
דכרא,האיל,0.8000,26
וגברא,והאיש,0.8000,20
יבבתא,החנימ,0.8000,4
יבבא,תרועה,0.8000,10
וישכח,ומצא,0.8000,6
ותסבונ,ולקחתמ,0.8000,8
עליהנ,עליהנ,0.8000,5
עובדיא,המעשימ,0.8000,4
אזדריקו,זרק,0.8000,4
בגרמא,בחלל,0.8000,4
נפקית,יצאתי,0.8000,4
קטלית,הרגתי,0.8000,6
חבית,חטאתי,0.8000,20
מברכת,לקב,0.8000,4
מדורכ,קנכ,0.8000,4
אוקידו,שרפו,0.8000,6
לשזבא,למקלט,0.8000,4
ובשר,ובשר,0.8000,4
ונסיבת,ותקח,0.8000,32
ואוסיפת,ותספ,0.8000,4
בישת,רעת,0.8000,8
ואתנגיד,ויגוע,0.8000,8
ודכירנא,וזכרתי,0.8000,6
אהלה,אהלה,0.8000,3
ומישר,ועמק,0.8000,4
מגזר,המול,0.8000,4
שמנ,חמאה,0.8000,4
ידה,ידה,0.8000,7
תיומינ,בבטנה,0.8000,4
ונטר,וישמר,0.8000,4
פלחתכ,עבדתיכ,0.8000,4
וזקפית,ואשא,0.8000,8
וזבנ,ויקנ,0.8000,4
קמה,קמה,0.8000,3
ליוספ,ליוספ,0.8000,10
תחזונ,תראו,0.8000,8
אבאשתונ,הרעתמ,0.8000,4
דבש,דבש,0.8000,4
ותדכר,וזכרת,0.8000,8
במתבכ,בשבתכ,0.8000,4
וזכו,וצדקה,0.8000,16
אסהדית,העדתי,0.8000,4
קדל,ערפ,0.8000,18
פרקתא,פדית,0.8000,4
כקדמאי,כראשנימ,0.8000,6
ותסגדונ,והשתחויתמ,0.8000,6
ותסטונ,וסרתמ,0.8000,4
למעבדה,לעשתה,0.8000,4
קמתהונ,מצבתמ,0.8000,4
יפל,יפל,0.8000,5
ועקנ,וצרות,0.8000,4
ישוונ,ישימו,0.8000,8
ויסדר,וערכ,0.8000,4
תטפי,תכבה,0.8000,8
ואדי,ויז,0.8000,4
מחסרא,ממארת,0.8000,4
ויפקד,וצוה,0.8000,8
ובמי,התולעת,0.8000,4
לגלות,לגלות,0.8000,3
ואסתאבת,ותטמא,0.8000,4
תקומ,תקומ,0.8000,4
מתחמנ,עבת,0.8000,6
לאדלקא,להעלת,0.8000,4
דשמעינ,השמעימ,0.8000,3
אזילי,לכי,0.8000,10
לתלתא,לשלשת,0.8000,4
ואעי,ועצי,0.8000,4
ותלפפ,וחברת,0.8000,4
מכבשינ,מחשקימ,0.8000,4
בוסמנו,רקח,0.8000,4
אתבזיזת,שדדה,0.8000,4
מלמחזי,מראות,0.8000,4
ואקימו,ויקימו,0.8000,3
ומערע,ופגע,0.8000,6
דאמרינ,האמרימ,0.8000,11
מגוה,מתוכה,0.8000,4
לירותא,למורשה,0.8000,4
ישיזבונ,יצילו,0.8000,4
גרמיא,העצמות,0.8000,4
שביקא,עזובה,0.8000,4
שוריא,החמתימ,0.8000,4
ורברבוהי,ושריו,0.8000,4
בשורי,בחומת,0.8000,4
דאשתכחו,הנמצאימ,0.8000,4
ועובד,ומעשה,0.8000,4
מלכותכ,ממלכתכ,0.8000,3
ואשתיזיב,וימלט,0.8000,6
חודיתא,החידה,0.8000,4
לגבעתא,הגבעתה,0.8000,5
מעולמיא,מהנערימ,0.8000,4
בריש,בראש,0.8000,27
רגלא,רגל,0.8000,6
תשארונ,תותירו,0.8000,3
לדכר,לזכר,0.8000,3
לחבלותה,לשחתה,0.8000,4
ושלחינונ,וישלחמ,0.8000,6
ואברכנכ,וברכתיכ,0.8000,3
ולצפונא,וצפנה,0.8000,3
יומיכונ,ימיכמ,0.8000,4
תשדניה,תשפכנו,0.8000,3
דמהא,דמיה,0.8000,3
צפונ,צפנ,0.8000,4
לאבהתהונ,לאבותמ,0.8000,9
גתאה,הגתי,0.8000,3
וימא,והימ,0.8000,3
ואשתטחית,ואפל,0.8000,5
וקשתיא,והפלתי,0.8000,3
ובר,ובנ,0.7975,21
בנתיהונ,בנתיהמ,0.7972,3
והות,ותהי,0.7969,52
ועננא,ועננ,0.7959,3
נשמתא,נשמת,0.7959,3
יובלא,יובל,0.7959,6
בעפרא,בעפר,0.7959,3
ואתפני,ויפנ,0.7955,14
דשויתי,שמתי,0.7955,7
תהונ,תהיו,0.7953,17
ארעכ,ארצכ,0.7943,14
לבננ,הלבנונ,0.7941,9
מעלת,עלת,0.7941,15
בתרכ,אחריכ,0.7941,27
קרבנ,קרבנ,0.7937,25
ברעוא,ניחח,0.7927,65
עשר,עשר,0.7921,60
פקודי,מצותי,0.7917,19
למשתי,לשתות,0.7917,19
עדבא,הגורל,0.7917,19
דביש,הרע,0.7914,74
כולכונ,כלכמ,0.7912,8
מגנ,חנמ,0.7895,15
וצפיר,ושעיר,0.7895,12
יומוהי,ימיו,0.7895,6
מאתמלי,מתמל,0.7895,5
מלכיא,המלכימ,0.7895,27
מניניהונ,פקדיהמ,0.7879,19
ותקרב,והקרבת,0.7879,6
איתיאו,הביאו,0.7879,12
עולימיא,הנערימ,0.7879,10
באימריא,בכשבימ,0.7879,4
וגיורא,והגר,0.7879,13
ויתקרבונ,ונגשו,0.7879,3
דכתיבינ,הכתובה,0.7879,8
ברישיהונ,בראשמ,0.7879,6
יהודיתא,העברית,0.7879,3
גוב,בור,0.7879,13
דאתרעיתי,בחרתי,0.7879,7
וישתלהונ,ויעפו,0.7879,3
קרוינ,ערימ,0.7875,63
אבהתכ,אבתיכ,0.7870,17
ובנתיכונ,ובנתיכמ,0.7863,4
ותמננ,ושמנימ,0.7857,9
בתרוהי,אחריו,0.7857,44
ואתנ,ונתתי,0.7857,99
ויברכ,וברכ,0.7857,4
וברא,ויברא,0.7857,4
ומחנונ,ויכמ,0.7857,11
ברכיה,ברכו,0.7857,3
חרבת,חרבות,0.7857,3
אריא,האריה,0.7857,6
דצנ,צנ,0.7843,4
בחקלא,בשדה,0.7841,69
מיומי,מימי,0.7840,7
למתנ,לתת,0.7834,85
אמינ,אמה,0.7829,59
לאפקא,להוציא,0.7826,9
תסקונ,תעלו,0.7826,9
יתוקד,ישרפ,0.7826,9
וידא,ויד,0.7826,5
צלמניא,התרפימ,0.7826,9
נחתי,יורדי,0.7826,9
מריר,מר,0.7826,6
לאחסנא,לאחזה,0.7824,13
ורתיכינ,ורכב,0.7822,8
ירעונ,ירעו,0.7820,4
ומחו,ויכו,0.7812,25
תיתבונ,תשבו,0.7812,10
למבני,לבנות,0.7812,15
ואגיח,וילחמ,0.7805,16
אבוהא,אביה,0.7801,27
שמהתהונ,שמתמ,0.7778,7
למללא,לדבר,0.7778,63
האית,היש,0.7778,14
ומחהי,ויכהו,0.7778,14
לארחיה,לדרכו,0.7778,7
חדתא,חדשה,0.7778,14
אי,אי,0.7778,7
ותכנוש,ואספת,0.7778,7
ואתער,וייקצ,0.7778,7
סחרנותהונ,קברתה,0.7778,3
ולאשתממו,ולשרקה,0.7778,3
מתקופ,מחרונ,0.7778,7
מרמצנ,משבצת,0.7778,7
קימכ,בריתכ,0.7778,7
ישתיזיב,ימלט,0.7778,7
אסער,אפקד,0.7778,7
ארכינו,הטו,0.7778,7
כומרי,כהני,0.7778,7
ואלהא,ואלהי,0.7778,8
אסתמרו,השמרו,0.7778,7
לדבחא,לזבח,0.7774,13
סגיאינ,רבימ,0.7755,114
ותהונ,והייתמ,0.7755,19
ודחילו,וייראו,0.7755,19
בריה,בנו,0.7750,124
ואשכחו,וימצאו,0.7742,12
נחש,נחש,0.7742,6
ותיתבונ,וישבתמ,0.7742,12
וקשוט,ואמת,0.7742,12
ופלח,ויעבד,0.7742,12
בנהא,בניה,0.7742,9
קל,קול,0.7731,92
תפלח,תעבד,0.7727,17
יתבינ,ישבימ,0.7721,21
שמעת,שמעת,0.7719,11
מסופ,מקצ,0.7714,27
נעביד,נעשה,0.7714,21
חשוכא,החשכ,0.7714,6
ומדי,ומאשר,0.7714,3
דוביה,זובו,0.7714,3
ויתבי,וישבי,0.7714,9
רישיהונ,ראשיהמ,0.7708,13
אבהנ,אבות,0.7704,13
מרמשא,מערב,0.7692,5
רוגזיה,אפו,0.7692,25
ותורינ,ובקר,0.7692,20
כגברא,כאיש,0.7692,10
טענ,זנימ,0.7692,5
והבו,ותנו,0.7692,5
ארמות,תנופת,0.7692,5
לאתריה,למקמו,0.7692,10
תתפלג,תחלק,0.7692,5
ודיניא,והמשפטימ,0.7692,10
מחית,ממטיר,0.7692,5
קנינהונ,רכושמ,0.7692,5
אחבל,אשחית,0.7692,5
ותהכונ,והלכתמ,0.7692,10
למבת,ללונ,0.7692,5
מלאכי,מלאכי,0.7692,5
רגולינ,עקדימ,0.7692,5
דגורא,הגל,0.7692,5
וטקיס,ויאסר,0.7692,5
ופקידו,ויצוו,0.7692,5
פלכ,ארגב,0.7692,5
ותסגוד,והשתחוית,0.7692,5
מרממא,הנטויה,0.7692,10
ותחדונ,ושמחתמ,0.7692,5
עלותכ,עלתיכ,0.7692,4
ותמחי,והכית,0.7692,5
יסודי,מוסדי,0.7692,4
עמיא,כהה,0.7692,10
סמקא,אדמדמת,0.7692,5
מכיכ,שפל,0.7692,5
ואצדי,והשמתי,0.7692,5
חוטרכ,מטכ,0.7692,5
ותתעתד,ונצבת,0.7692,5
בפלגות,בחצי,0.7692,5
דחלתכ,העלוכ,0.7692,5
דעבדינ,העשימ,0.7692,5
יביבו,הריעו,0.7692,5
תסגדונ,תשתחוו,0.7692,5
אתברת,נשברה,0.7692,4
בצורתא,הגזרה,0.7692,5
במיעלהונ,בבואמ,0.7692,5
אסיריא,המטרה,0.7692,10
לטקסיהונ,לדגליהמ,0.7692,3
וסמכיהונ,ואדניהמ,0.7692,19
ידענא,ידעתי,0.7692,30
חיא,החי,0.7692,10
ובארעא,ובארצ,0.7692,3
ויסגרניה,והסגירו,0.7692,4
ויקטלינני,והרגני,0.7692,3
ילידת,ילדה,0.7688,29
אפודא,האפוד,0.7683,9
לעמיה,עמיו,0.7683,11
ואשיצי,והכרתי,0.7671,28
ולית,ואינ,0.7664,123
אפ,גמ,0.7663,282
אחסנת,נחלת,0.7660,36
קודשינ,קדשימ,0.7647,36
רכב,רכב,0.7647,13
נוקבא,נקבה,0.7645,11
אתפרשו,נפרדו,0.7639,5
לכולהונ,לכלמ,0.7639,5
פריזאי,הפרזי,0.7639,5
שתיה,שנתו,0.7636,21
עזקנ,טבעת,0.7636,21
רביע,רבצ,0.7636,3
צווריה,צואריו,0.7636,3
מטב,מטוב,0.7636,3
אסירינ,אסורימ,0.7636,3
גירא,ירה,0.7636,3
עליתא,העליונה,0.7636,3
קלכ,קולכ,0.7636,3
ותטרונ,ושמרתמ,0.7632,29
ופריזאי,והפרזי,0.7625,10
טקס,דגל,0.7619,8
תעבד,תעשה,0.7619,82
אתינא,באנו,0.7619,8
וסריב,וימאנ,0.7619,8
וכבשה,וילכדה,0.7619,8
בענא,בצאנ,0.7619,8
ותתובונ,ושבתמ,0.7619,8
אתריא,המקמות,0.7619,8
תורכ,בקרכ,0.7619,4
מתרינ,משני,0.7619,8
שליח,שלוח,0.7619,4
ואתיבינונ,והשבתימ,0.7619,5
ליואב,ליואב,0.7619,4
אתנבי,הנבא,0.7619,16
פתגמי,דברי,0.7611,172
שמע,שמע,0.7605,50
לאחוהי,לאחיו,0.7602,15
אחרנינ,אחרות,0.7602,5
תחות,תחת,0.7592,93
עובד,מעשה,0.7590,74
מרחיק,מרחק,0.7586,14
חכמתא,חכמה,0.7586,7
תחומא,הגבול,0.7586,33
וסליקת,ותעל,0.7586,11
ולמעבד,ולעשות,0.7579,6
יומ,יומ,0.7578,61
רמשא,הערב,0.7576,75
ואהוי,והייתי,0.7568,14
קרתא,העיר,0.7560,237
קדמאה,הראשונ,0.7559,48
לוחיא,הלחת,0.7556,17
ההיא,ההיא,0.7547,50
וארי,וכי,0.7544,86
תדירא,תמיד,0.7532,58
אשאר,השאיר,0.7526,12
וקריבו,ויקרבו,0.7522,18
והליכ,ויתהלכ,0.7521,4
וישמע,ושמע,0.7516,11
באתרא,במקומ,0.7515,62
קרויא,הערימ,0.7514,65
היא,היא,0.7505,91
מניני,פקודי,0.7500,15
דאנהרותא,המאור,0.7500,6
וישכוב,ושכב,0.7500,6
ומנ,ומנ,0.7500,63
יפלח,יעבד,0.7500,9
בכי,בכה,0.7500,5
ויתעתדונ,והתיצבו,0.7500,3
בלחודכ,לבדכ,0.7500,6
דמשאלי,התאוה,0.7500,6
מהימנ,נאמנ,0.7500,7
ונטלוהי,וישאהו,0.7500,3
ואשתעיאו,ויספרו,0.7500,3
לאמרא,לכבש,0.7500,12
דקדיש,הקדוש,0.7500,3
ותפלחונ,ועבדתמ,0.7500,15
ודיקרב,והנגע,0.7500,6
בחוטריה,במטהו,0.7500,3
אבדתונ,כמוש,0.7500,3
ירחי,לחדשי,0.7500,3
ובעלה,ואישה,0.7500,3
ויקימ,והקימ,0.7500,3
לקרוינ,המבצר,0.7500,3
ואתיבו,ויענו,0.7500,18
קרדו,אררט,0.7500,3
לפרסת,לכפ,0.7500,3
מבנכ,מזרעכ,0.7500,3
וניחי,ונחיה,0.7500,4
לממלי,לשאב,0.7500,6
בתולתא,בתולה,0.7500,9
וגפיפ,ויחבק,0.7500,3
הבי,תני,0.7500,6
כמאתמלי,כתמול,0.7500,5
תשוונ,תשימו,0.7500,6
סאיבו,טמאו,0.7500,3
חזת,ראתה,0.7500,3
וקטרת,ותקשר,0.7500,3
אשתעו,ספרו,0.7500,3
ותוהו,ויחרדו,0.7500,3
וסרכינ,ושטרימ,0.7500,3
קדמנא,לפנינו,0.7500,15
באתריהונ,תחתמ,0.7500,9
ארכה,ארכה,0.7500,3
וקרווהי,ועריו,0.7500,3
לפלגות,לחצי,0.7500,3
משפכ,אשדת,0.7500,3
ודינינ,ומשפטימ,0.7500,6
דירינ,גרימ,0.7500,7
ותוקיד,ושרפת,0.7500,3
ותבע,ודרש,0.7500,3
ויתבעונ,ודרשו,0.7500,3
דקודשכ,קדשכ,0.7500,3
לישניה,לשנו,0.7500,3
דחדי,ישיש,0.7500,3
ואתיתונ,ותבאו,0.7500,3
בפומהונ,בפיהמ,0.7500,5
חמרהונ,יינמ,0.7500,3
ומלהא,ומלאה,0.7500,3
סמכ,סמכ,0.7500,3
לבושיא,הבגדימ,0.7500,9
חצר,יתרת,0.7500,6
ויגיח,ונלחמ,0.7500,3
באימרא,וערפתו,0.7500,3
גרמי,עצמות,0.7500,12
דאמתיה,אמתו,0.7500,3
בפותיא,ברחב,0.7500,3
כמני,ככלי,0.7500,3
רגגא,מחמד,0.7500,3
כאורחתיה,כדרכיו,0.7500,3
במשכנינ,באהלימ,0.7500,3
סומקינ,אדמימ,0.7500,3
פליגו,חלקו,0.7500,3
ודרומא,והנגב,0.7500,3
לאשתכללא,יסד,0.7500,3
יתקפנ,תחזקנה,0.7500,3
דודיא,הסירות,0.7500,3
דיבש,הוביש,0.7500,3
ואוקידו,וישרפו,0.7500,3
ומתננ,והבשנ,0.7500,3
בתלתינ,בשלשימ,0.7500,3
יתמנעונ,יחדלו,0.7500,3
לבושכ,בגדיכ,0.7500,3
שריה,שריה,0.7500,3
באשת,זעמי,0.7500,3
קטולכ,דמכ,0.7500,3
אתכנעות,כלמת,0.7500,3
ותיחונ,וחייתמ,0.7500,3
ידלק,מכבה,0.7500,3
ותינחתא,יגונ,0.7500,3
אשניאו,הפרו,0.7500,3
כריכתא,הבצרות,0.7500,3
ואדליק,והצתי,0.7500,6
וישבחונ,ורננו,0.7500,3
ועבדתונ,ותעשו,0.7500,3
בעותהונ,תחנתמ,0.7500,3
אקטלינכ,אמיתכ,0.7500,3
ויומא,והיומ,0.7500,4
שולטניה,ממשלתו,0.7500,3
סרגתא,השבכה,0.7500,3
ואתמליכ,ויועצ,0.7500,3
מתכ,מוצק,0.7500,3
ישיזביננא,יצילנו,0.7500,3
לגמרותהונ,להחריממ,0.7500,3
קרבי,מלחמות,0.7500,3
רהטיא,הרצימ,0.7500,6
וכמנא,והארב,0.7500,3
בחנגיא,במחלות,0.7500,3
סעודתא,הבריה,0.7500,3
לבנוהי,לבניו,0.7490,7
למשאל,לשאל,0.7483,5
יתי,אתי,0.7473,70
בעל,בעל,0.7467,14
ענא,הצאנ,0.7465,81
קדמיהונ,לפניהמ,0.7464,42
בטורא,בהר,0.7446,86
ואפ,וגמ,0.7443,163
שית,שש,0.7442,64
וסליקו,ויעלו,0.7442,48
שלימתא,תמימה,0.7440,7
ואמלל,ואדברה,0.7440,7
אבוכונ,אביכמ,0.7440,14
ואתבר,ושברתי,0.7440,7
רישיכונ,ראשיכמ,0.7438,3
באוריתי,בתורתי,0.7438,3
לבעלה,בעלה,0.7429,3
דמדכי,המטהר,0.7429,13
בוסמיא,הסמימ,0.7429,18
ונסיב,ויקח,0.7421,164
וחזת,ותרא,0.7419,23
למניניהונ,לפקדיהמ,0.7418,9
מיא,מימ,0.7416,111
למפלח,לעבד,0.7407,40
בתכיפ,פתאמ,0.7407,10
סרבנ,מרי,0.7407,10
בער,בער,0.7407,5
מזרעית,ממשפחת,0.7407,10
מטר,מטר,0.7407,5
בקשיו,בפרכ,0.7407,10
וחדא,ואחת,0.7407,10
אחיהונ,אחיהמ,0.7407,6
עגלא,העגל,0.7407,6
לאתקבלא,לריח,0.7397,27
ופלגות,וחצי,0.7397,27
ואתיב,ויענ,0.7391,85
יעיברונ,יעברו,0.7385,3
דערלתיה,ערלתו,0.7385,3
ויוספונ,ויספו,0.7385,3
משומשניה,משרתו,0.7385,4
בעלה,אישה,0.7368,28
יציבא,האזרח,0.7368,7
ונחתו,וירדו,0.7368,21
ורבני,ושרי,0.7368,14
כענא,כצאנ,0.7368,7
ברזלא,הברזל,0.7368,4
אשכחנא,מצאנו,0.7368,7
יערוק,ינוס,0.7368,7
ביתה,ביתה,0.7368,7
זבינו,מכרו,0.7368,7
דיני,משפטי,0.7368,28
בתרעי,בשערי,0.7368,7
סחור,סביב,0.7360,138
עמ,עמ,0.7357,295
תלת,שלש,0.7355,89
ולואה,והלוי,0.7353,5
בי,בי,0.7347,36
צלמ,פסל,0.7347,18
בגינתא,בגנ,0.7347,4
לאנשא,לאדמ,0.7347,4
לשמשא,לשרת,0.7347,24
קריתא,קראת,0.7347,4
עלונ,עלות,0.7345,13
אספסתא,מספוא,0.7333,3
חזיתונ,ראיתמ,0.7333,9
ולקיש,ומלקוש,0.7333,3
במרר,תמרורימ,0.7333,3
נטלו,נסעו,0.7333,11
ויהבת,ותתנ,0.7333,11
אשכחו,מצאו,0.7333,11
הויתי,הייתי,0.7333,11
שניא,השנימ,0.7333,7
תפקונ,תצאו,0.7333,11
דארזא,הארז,0.7333,7
נטלינ,יסעו,0.7324,26
ברמשא,בערב,0.7317,30
למירת,לרשת,0.7317,15
בתר,אחרי,0.7313,294
בגו,בתוכ,0.7312,170
אבהתכונ,אבותיכמ,0.7309,26
לבוש,בגד,0.7308,19
משכא,העור,0.7308,19
הנומ,הנמ,0.7304,6
שתי,שתה,0.7297,9
למשמע,לשמע,0.7296,13
משכניהונ,אהליהמ,0.7292,5
בפומיה,בפיו,0.7292,7
דרתא,החצר,0.7288,43
עמכונ,עמכמ,0.7280,41
יתיה,אתו,0.7279,503
למפקהונ,לצאתמ,0.7273,4
ופרסא,ומסכ,0.7273,4
תסב,תקח,0.7273,36
שפניניא,התרימ,0.7273,4
תלתות,שלשית,0.7273,4
וסב,וקח,0.7273,12
אחסנתיה,נחלתו,0.7273,28
ספותהא,שפתיה,0.7273,4
וישנונ,והפר,0.7273,4
ונציב,ויטע,0.7273,4
בינכ,בינכ,0.7273,4
ירית,יורש,0.7273,4
האפ,הגמ,0.7273,4
ונחתת,ותרד,0.7273,8
ונצו,ויריבו,0.7273,4
כותנא,כמנו,0.7273,4
סוכלתנ,נבונ,0.7273,4
וצליתי,ואתפלל,0.7273,4
ותתבע,ודרשת,0.7273,4
תרימ,תניפ,0.7273,4
למפלחהונ,לעבדמ,0.7273,4
וליט,וארור,0.7273,4
אודנא,תנוכ,0.7273,8
לבת,לבת,0.7273,4
ולבושוהי,ובגדיו,0.7273,4
תעיקונ,וגר,0.7273,4
מיכלכ,לחמכ,0.7273,4
ליקר,לכבוד,0.7273,4
לחילת,גי,0.7273,4
ויכבשינה,ולכדה,0.7273,4
וחס,ויחמל,0.7273,4
ואסגית,ותרבי,0.7273,4
נגותא,האיימ,0.7273,4
ואפרוק,והושעתי,0.7273,4
וכוינ,וחלונות,0.7273,4
פתורינ,שלחנות,0.7273,4
דמתחסנינ,משבה,0.7273,4
יהנונ,יועילו,0.7273,4
גיריא,החצימ,0.7273,4
קרונתונ,הכתרת,0.7273,4
רבוננא,אדנינו,0.7273,4
ערסיה,מטתו,0.7273,4
ועמודוהי,ועמדיו,0.7273,3
במיתא,במת,0.7273,3
פתיח,פתוח,0.7273,3
סנאי,איבי,0.7273,9
נתוב,נשוב,0.7273,3
אגרי,שכרי,0.7273,6
מחדא,מאחד,0.7273,3
חירו,דרור,0.7273,3
אתבר,אשבר,0.7273,6
למדברא,המדברה,0.7253,17
חוכמת,חכמת,0.7253,3
מכתשא,הנגע,0.7237,55
תדחלונ,תיראו,0.7234,34
כפנא,הרעב,0.7234,34
ידעינ,ידעו,0.7229,23
תחומכ,גבלכ,0.7222,13
ונעביד,ונעשה,0.7222,3
בארעיה,בארצו,0.7222,3
אלולפונ,לולי,0.7222,3
לחורבא,לחרבה,0.7222,4
ואשלמ,ושלמתי,0.7222,4
בחורשא,בחרשה,0.7222,3
יסב,יקח,0.7216,35
תור,פר,0.7211,53
כקשא,כקש,0.7200,3
למטר,לשמר,0.7200,27
חוטריה,מטהו,0.7200,9
ותחומ,וגבול,0.7200,9
בלא,בלא,0.7200,9
אוחרנתא,האחרת,0.7200,3
לסהיד,לעד,0.7200,9
למסגד,להשתחות,0.7200,9
בקרויכ,בשעריכ,0.7200,15
מבסרהונ,מבשרמ,0.7200,3
ולאלפא,ולהורת,0.7200,3
לאסתאבא,לטמאה,0.7200,9
מגו,מתוכ,0.7193,82
ברוכ,ברוכ,0.7191,16
רביעאי,רבעימ,0.7190,5
כחיזו,כמראה,0.7179,14
חיליה,צבאו,0.7179,14
תמנ,שמ,0.7176,479
לאנ,אנה,0.7174,11
וסליק,ויעל,0.7170,76
ושתי,וישת,0.7154,11
לואי,הלוימ,0.7143,45
פתח,פטר,0.7143,15
וחפת,ותכס,0.7143,5
דתורתא,הפרה,0.7143,5
וכבשו,וילכדו,0.7143,5
אפקות,מוצא,0.7143,5
מתחות,מתחת,0.7143,20
סהדינ,עדימ,0.7143,10
לזנוהי,למינהו,0.7143,10
ליתהא,איננה,0.7143,5
ולמדינחא,ונגבה,0.7143,5
אקימ,אקימ,0.7143,5
רהיט,רצ,0.7143,5
לבריה,לבנו,0.7143,5
אשכחתא,מצאת,0.7143,5
לבישא,לרעה,0.7143,10
ואשתאר,ויותר,0.7143,5
תותבותהונ,מגוריהמ,0.7143,5
למעבדיה,לעשתו,0.7143,5
כיוני,כנימ,0.7143,5
עגל,עגל,0.7143,5
יוקדונ,ישרפו,0.7143,5
בצירא,במצור,0.7143,10
למסבה,לקחתה,0.7143,5
ויחדי,ושמח,0.7143,5
ופלחו,ויעבדו,0.7143,15
בתרהא,אחריה,0.7143,5
יתקרבונ,יגשו,0.7143,5
אריחי,בדי,0.7143,5
מסרינונ,נתנמ,0.7143,5
תינינ,תאנימ,0.7143,5
דכרניא,המזכיר,0.7143,5
אוסיפו,יספו,0.7143,4
ויטבול,וטבל,0.7143,6
ובכונ,ובכ,0.7143,3
קלטנ,מקלט,0.7143,3
קיימוי,חקיו,0.7143,4
אדוניה,אדניה,0.7143,3
בדמ,בדמימ,0.7143,3
נהרינ,נהרות,0.7143,5
ומריד,וימרד,0.7143,4
באדרונ,בחדר,0.7143,4
כלבא,הכלב,0.7143,3
אבנא,אבנ,0.7135,22
מכתש,נגע,0.7126,31
דכרינ,פרימ,0.7126,23
מניה,ממנו,0.7124,109
ותסב,ולקחת,0.7119,42
דיניא,המשפטימ,0.7111,16
נבייא,הנביאימ,0.7111,28
מלנ,מלאימ,0.7111,16
קניא,הקנה,0.7111,4
קדמיכונ,לפניכמ,0.7109,40
יתבי,ישבי,0.7105,73
פולחניה,עבדתו,0.7097,11
פומכ,פיכ,0.7097,11
מלעלא,מלמעלה,0.7096,14
אתרעמתונ,תלונו,0.7091,3
עאנ,צאנ,0.7091,26
אתעבידת,התועבה,0.7091,3
עמיה,עמו,0.7087,162
מערע,מקרא,0.7083,17
יוספונ,יוספו,0.7083,3
ברמ,אכ,0.7079,143
וחרבא,וחרב,0.7075,4
ידוהי,ידיו,0.7071,22
בזיכא,מלאה,0.7059,24
במפקיה,בצאתו,0.7059,6
לתחומ,לגבול,0.7059,6
בטלל,בצל,0.7059,6
לאחיכ,לאחיכ,0.7059,3
ורהטת,ותרצ,0.7059,6
אפיקו,הוציאו,0.7059,6
למדחל,ליראה,0.7059,18
בידינ,הידענימ,0.7059,5
שמושא,השרד,0.7059,6
ארחמ,ארחמ,0.7059,3
פתגמכ,דבריכ,0.7059,12
אתבע,אבקש,0.7059,6
תחומהונ,גבולמ,0.7059,6
וכפרנהא,ובנותיה,0.7059,6
ואכניש,וקבצתי,0.7059,6
תבעו,דרשו,0.7059,12
מעברא,מעבר,0.7044,11
מנ,מנ,0.7043,593
קודשא,הקדש,0.7042,109
אפי,פני,0.7028,201
מברא,מחוצ,0.7027,52
וגבריא,והאנשימ,0.7027,13
ייכלונ,יאכלו,0.7027,18
הב,תנה,0.7018,20
ותוב,ושוב,0.7018,5
בגוה,בתוכה,0.7013,27
יוכלא,יכלת,0.7013,3
ונפלת,ותפל,0.7013,6
אשתאר,נשאר,0.7013,15
אשתמע,נשמע,0.7013,9
יתבונ,ישבו,0.7013,18
מארסא,ארשה,0.7013,3
למשח,למאור,0.7013,3
אשתא,אש,0.7008,57
למעבד,לעשות,0.7005,193
והוו,ויהיו,0.7003,111
בישריה,בשרו,0.7000,21
ממדנח,ממזרח,0.7000,7
אוליד,הוליד,0.7000,7
בשבעא,בשבעה,0.7000,4
ומפלגות,וממחצית,0.7000,3
עדרינ,עדרימ,0.7000,3
שמעינ,שמעימ,0.7000,4
למימריהונ,בקולמ,0.7000,3
שכיב,שכב,0.7000,17
שלמאה,הקיני,0.7000,7
לטב,לטוב,0.7000,5
חיות,חית,0.7000,18
וטב,וטוב,0.7000,6
עבדנא,עשינו,0.7000,7
ודינוהי,ומשפטיו,0.7000,7
תתוקד,תשרפ,0.7000,7
וברת,ובת,0.7000,3
טעותכונ,גלוליכמ,0.7000,7
לזרעיתהונ,למשפחתמ,0.6995,71
ברכ,בנכ,0.6990,36
כענ,נא,0.6987,313
דוכרנא,זכרונ,0.6984,8
דתיחונ,תחיונ,0.6984,4
סוסיא,הסוס,0.6984,4
אחתה,אחותה,0.6984,4
לאתבא,להשיב,0.6977,15
נהרא,היאר,0.6977,30
ערית,ערות,0.6974,17
בקרבא,במלחמה,0.6970,23
מית,מת,0.6968,54
באנשא,באדמ,0.6964,13
קרבנהונ,קרבנמ,0.6957,5
יתנא,אתנו,0.6957,30
אסר,אסר,0.6957,4
למצראי,למצרימ,0.6957,5
עומרא,עמר,0.6957,6
לתקלא,למוקש,0.6957,8
משכ,משכ,0.6957,4
ביע,ששונ,0.6957,8
לעבדי,לעבדי,0.6957,4
מלכותי,כסאי,0.6957,8
שביא,שבתתי,0.6950,10
במטרא,במשמר,0.6944,5
דתריכ,הוריש,0.6944,5
בעינוהי,בעיניו,0.6939,11
פקודוהי,מצותיו,0.6939,17
אהוי,אהיה,0.6933,13
ביה,בו,0.6931,280
ליה,לו,0.6927,868
וירית,ויירש,0.6923,3
לבנכ,לזרעכ,0.6923,9
מעדיא,הרה,0.6923,9
תפקדתא,המצוה,0.6923,18
אביה,פריו,0.6923,9
סרדינ,קלעימ,0.6923,9
ויסבונ,ולקחו,0.6909,19
שתינ,ששימ,0.6909,19
ותיכול,ואכלת,0.6909,19
וימות,ומת,0.6905,29
קנא,קנא,0.6897,5
למזבנ,לשבר,0.6897,10
וחפא,ויצפ,0.6897,20
כמא,כאשר,0.6894,384
ונחת,וירד,0.6891,41
בנכ,בניכ,0.6885,30
ומשח,וימד,0.6885,21
פומה,פיה,0.6875,11
ויתיה,ואתו,0.6875,11
מלמעבד,מעשות,0.6875,9
למימריה,בקלו,0.6875,11
ותפלי,ובערת,0.6875,11
חוביה,עונו,0.6875,11
גבר,איש,0.6870,608
ועדיאת,ותהר,0.6866,23
תדע,תדע,0.6857,6
דדנ,דדנ,0.6857,6
ותטר,ושמרת,0.6857,12
וזרו,ויסרו,0.6857,4
ואשקי,וישק,0.6857,8
קדישא,קדוש,0.6857,28
מניניא,הפקדימ,0.6842,13
רתיכיא,הרכב,0.6842,13
ותבת,ותשב,0.6838,10
אתתיה,אשתו,0.6829,42
להנ,להנ,0.6829,7
ולכ,ולכ,0.6829,7
ושפר,וייטב,0.6829,14
ויפלחונ,ויעבדני,0.6829,12
צידונאי,צידנימ,0.6818,3
אעינ,עצימ,0.6818,15
לרבותא,רבבה,0.6818,3
למפני,לפנות,0.6818,3
סובתה,טמאתה,0.6818,3
ואזלית,ואלכ,0.6818,3
כתיבא,כתובה,0.6818,3
חולק,חלק,0.6811,18
תועבתא,התועבת,0.6811,7
במישר,בעמק,0.6809,16
מבינכ,מקרבכ,0.6800,17
מחתיתא,המחתת,0.6797,4
אתקינו,הכינו,0.6797,4
מסגי,מרב,0.6792,18
ויהביה,ויתנהו,0.6790,5
ויהונ,והיו,0.6789,111
אחת,אחות,0.6788,8
ומחא,ויכ,0.6780,40
אחשורוש,אחשורוש,0.6780,10
במימרא,ביהוה,0.6776,62
לבושיהונ,בגדיהמ,0.6774,9
מלי,מלא,0.6774,28
כולהונ,כלמ,0.6774,63
בוכרא,בכור,0.6767,45
לארעי,ארצי,0.6767,5
לדוכרנא,לזכרונ,0.6753,4
דכתב,כתב,0.6750,3
לגבריא,לגברימ,0.6750,3
בסחרניכונ,סביבותיכמ,0.6750,3
מפקדכ,מצוכ,0.6747,28
כסדאי,כשדימ,0.6744,29
אשבוק,אשיבנו,0.6743,8
עללתה,תבואתה,0.6743,8
צורכ,צוארכ,0.6735,3
ויחשב,וחשב,0.6735,6
ואתא,ויבא,0.6732,172
אריונ,אריות,0.6731,5
ארעהונ,ארצמ,0.6731,21
באודניהונ,באזניהמ,0.6723,4
ודר,ודור,0.6720,6
ותברא,ושבר,0.6708,6
חלפ,יענ,0.6691,90
לשובעא,לשבעת,0.6667,3
ואחתיה,ואחות,0.6667,3
אתילידו,ילדו,0.6667,6
ידבחונ,יזבחו,0.6667,3
ורברבי,ונשיאי,0.6667,6
ומנינוהי,ופקדיו,0.6667,4
וזרעית,ומשפחת,0.6667,3
וסמכוהי,ואדניו,0.6667,3
דפי,קרשי,0.6667,4
דיתירינ,העדפימ,0.6667,3
פולחנהונ,עבדתמ,0.6667,11
סרדי,קלעי,0.6667,6
ותפלח,ועבדת,0.6667,7
דאיב,זב,0.6667,4
תסטי,תשטה,0.6667,3
אסתאבת,נטמאה,0.6667,7
ויסק,והקטיר,0.6667,23
דפטיריא,המצות,0.6667,14
פטירתא,מצה,0.6667,3
וגרצתא,ורקיק,0.6667,3
ויחורונ,וכבסו,0.6667,3
בזמניה,במעדו,0.6667,6
תעלונ,תבאו,0.6667,14
תשבוק,תעזב,0.6667,9
דקצתונ,מאסתמ,0.6667,3
רבה,רבה,0.6667,7
תתכנש,תאספ,0.6667,4
קלהונ,קולמ,0.6667,12
בפתגמא,בדבר,0.6667,21
סלח,ופשע,0.6667,3
טיבותכ,חסדכ,0.6667,4
אתפנו,פנו,0.6667,4
ובתו,וילינו,0.6667,6
חוטא,פתיל,0.6667,6
וסבו,וקחו,0.6667,4
אסיקו,העלו,0.6667,5
ואתכלי,ותעצר,0.6667,3
יפרשונ,ירימו,0.6667,3
ויוקד,ושרפ,0.6667,5
סובתיה,טמאתו,0.6667,4
מוהי,מימיו,0.6667,7
דפקדיה,צוהו,0.6667,7
ממסר,וידר,0.6667,3
חויא,הנחש,0.6667,8
וכרע,ויקד,0.6667,6
לקבלי,לנגדי,0.6667,4
בנה,מזבחת,0.6667,4
כזמנ,כפעמ,0.6667,6
אמלכינכ,איעצכ,0.6667,3
בכנשתא,בעדת,0.6667,5
ארמלא,אלמנה,0.6667,11
ותשבע,ושבעת,0.6667,4
ונסיבהונ,ומכסמ,0.6667,3
שגא,נפקד,0.6667,4
וקרוינ,וערימ,0.6667,4
חבתונ,חטאתכמ,0.6667,5
אדר,אדר,0.6667,3
וידונונ,ושפטו,0.6667,5
לאפרשא,להבדיל,0.6667,4
אילנא,העצ,0.6667,22
דמחיצתא,הצלע,0.6667,3
אתרעיאו,בחרו,0.6667,3
ואתחפיאו,ויכסו,0.6667,4
קפוטקאי,כפתרימ,0.6667,3
ככרינ,ככר,0.6667,8
פרדסיא,השדימ,0.6667,3
מלממחי,מהכות,0.6667,3
דעלא,הבאה,0.6667,3
אחדו,סגרו,0.6667,3
ועולי,ובאי,0.6667,3
יבאש,ירע,0.6667,4
תדחלינ,תיראי,0.6667,8
כתפה,וכדה,0.6667,3
ומלת,העינה,0.6667,4
קולתה,כדה,0.6667,4
קדשא,הנזמ,0.6667,4
איתכ,ישכ,0.6667,4
חוו,הגידו,0.6667,9
משלהי,עיפ,0.6667,5
ואיכול,תברככ,0.6667,4
אמתיה,שפחתו,0.6667,5
פלחית,עבדתי,0.6667,5
שקרת,רמיתני,0.6667,4
שניאתא,שנואה,0.6667,3
בעירכ,מקנכ,0.6667,5
גיתוהי,מקנהו,0.6667,5
וערק,ויברח,0.6667,12
ליאות,יגיע,0.6667,5
סריס,סריס,0.6667,3
ספוקלטוריא,הטבחימ,0.6667,6
ושמש,וישרת,0.6667,4
ארימית,אצלי,0.6667,4
נחתומי,האפימ,0.6667,6
בסטר,אצל,0.6667,27
ובישתא,הרקות,0.6667,3
עיבור,בערימ,0.6667,4
מדינתא,הארצות,0.6667,22
ובעא,ויבקש,0.6667,12
למיחת,לרדת,0.6667,6
זבנתונ,מכרתמ,0.6667,3
ושלימת,ותתמ,0.6667,3
לאעדאה,להסיר,0.6667,3
לתרכותיה,רש,0.6667,4
וסרבתונ,ותמרו,0.6667,3
תגיחונ,תלחמו,0.6667,3
דשלימו,תממ,0.6667,5
אקשי,הקשה,0.6667,5
בזנא,ושלל,0.6667,4
מקרוי,מערי,0.6667,6
תלגא,שניר,0.6667,3
משאר,מיתר,0.6667,4
בדילכונ,למענכמ,0.6667,3
ויטר,ושמר,0.6667,3
ישבקנכ,ירפכ,0.6667,3
למעבדהונ,לעשתמ,0.6667,4
ופקודוהי,ומצותיו,0.6667,3
ופרקכ,ויפדכ,0.6667,3
ויסגינכונ,והרבכ,0.6667,3
כסותכונ,בלתה,0.6667,3
חות,רד,0.6667,16
מתכא,מסכה,0.6667,11
סטיתונ,סרתמ,0.6667,3
ובדחלתיה,ובו,0.6667,3
נפקתונ,יצאתמ,0.6667,3
בחקלכ,בשדכ,0.6667,3
ותצור,וצרת,0.6667,4
מפקכ,צאתכ,0.6667,5
יבית,ילינ,0.6667,5
תצוב,תטע,0.6667,3
ותפקונ,וסקלתמ,0.6667,3
יחוונ,יגידו,0.6667,4
למקצ,לכרת,0.6667,3
לקטילא,החלל,0.6667,3
יהבתיה,נתתיו,0.6667,4
בהרהור,בשררות,0.6667,3
ליהושע,ליהושע,0.6667,5
ברוגזי,באפי,0.6667,8
חרצינ,מתנימ,0.6667,5
ויקרבונ,והקריבו,0.6667,4
לאברוהי,לנתחיו,0.6667,3
מקרבניא,מאשי,0.6667,8
ותריק,ויצקת,0.6667,5
ויפריש,והרימ,0.6667,3
בדרת,בחצר,0.6667,13
מסריתא,מחבת,0.6667,4
יכסונ,ישחטו,0.6667,3
לחולק,למנה,0.6667,3
כנישות,מקוה,0.6667,4
ויחזניה,וראהו,0.6667,5
אוספת,פשתה,0.6667,3
דנור,בערו,0.6667,4
שיחנא,השחינ,0.6667,6
בריחוקה,בנדתה,0.6667,3
רחוקה,נדתה,0.6667,3
גומרינ,גחלי,0.6667,3
נבילא,וטרפה,0.6667,4
יתבהא,ישביה,0.6667,8
לט,קלל,0.6667,3
ודכרינ,ואילמ,0.6667,4
ואוביד,והאבדתי,0.6667,5
מותרא,העדפ,0.6667,4
ואוספ,ויספתי,0.6667,3
אבדר,אזרה,0.6667,3
דשקרו,מעלו,0.6667,5
בדיני,במשפטי,0.6667,3
ושויאת,ותשמ,0.6667,5
ספיא,המשקופ,0.6667,4
לישא,הבצק,0.6667,3
למועד,ימימה,0.6667,3
ובמימר,וברוח,0.6667,3
תרעמותכונ,תלנתיכמ,0.6667,3
במשכניה,באהלו,0.6667,3
ישתאר,יותר,0.6667,4
דחליא,יראי,0.6667,3
זמינינ,נכנימ,0.6667,4
וטור,והר,0.6667,3
יסי,ירפא,0.6667,3
פושכא,טפח,0.6667,4
בסופיהונ,בירכתימ,0.6667,5
לדפי,לקרשי,0.6667,4
סרדא,מכבר,0.6667,5
וישמשונ,וכהנו,0.6667,4
אסקנא,העלנו,0.6667,3
בטוריא,בהרימ,0.6667,3
מתרע,משער,0.6667,5
אסערותי,פקדי,0.6667,3
ואשוינכ,ושמתיכ,0.6667,3
דפוהי,קרשיו,0.6667,3
מדי,מדי,0.6667,6
ולפפ,ויחבר,0.6667,3
וחוט,וקו,0.6667,3
ויתרעי,ובחר,0.6667,3
בגויכ,בתוככ,0.6667,13
אפרוק,אושיע,0.6667,5
שוקינ,חוצות,0.6667,5
אתגלא,עורי,0.6667,3
כלמא,כאינ,0.6667,3
דנחתינ,הירדימ,0.6667,3
כמיסק,כעלות,0.6667,3
גינוסר,כנרות,0.6667,3
לתקפא,לחזק,0.6667,4
אניח,הניח,0.6667,3
מרת,עסיס,0.6667,3
כנשו,אספו,0.6667,4
וחדי,וישמח,0.6667,6
ויחול,וכליתי,0.6667,3
כתפא,בעלטה,0.6667,3
באעי,בעצי,0.6667,5
דמכניש,מקבצ,0.6667,3
וסריבו,וימרו,0.6667,3
דאשדי,הדמימ,0.6667,3
תתרמי,תפול,0.6667,3
בדאתנ,בתתי,0.6667,3
שורכ,חומותיכ,0.6667,3
הלית,האינ,0.6667,3
נגונ,איימ,0.6667,7
בסרו,השמיעו,0.6667,6
תרעו,נתצו,0.6667,3
רברבוהי,שריו,0.6667,5
אתקיפו,החזיקו,0.6667,3
בדמינ,במחיר,0.6667,4
דיעבר,ישמ,0.6667,5
דאסיקו,קטרו,0.6667,4
דצירינ,הצרימ,0.6667,3
רוי,שכור,0.6667,3
רבונכונ,אדניכמ,0.6667,5
עולימינ,נערימ,0.6667,5
ופטימינ,ומריא,0.6667,3
כבישא,מסלה,0.6667,3
אגוריא,המזבחות,0.6667,3
סקא,השק,0.6667,3
ישבחונ,ירנו,0.6667,3
ישיזיב,יציל,0.6667,4
צלמא,הפסל,0.6667,3
קצת,מקצות,0.6667,3
מסקי,המס,0.6667,5
דחיב,החטיא,0.6667,11
סופא,לתשובת,0.6667,3
מלכותיה,ממלכתו,0.6652,10
דראובנ,לראובני,0.6643,5
ויתברונ,ונשברו,0.6623,3
קרויהונ,עריהמ,0.6621,8
מתנבנ,נבאימ,0.6618,9
אוחרי,אחרת,0.6612,9
דסהדותא,העדת,0.6598,32
לקרבא,להקריב,0.6596,17
פתגמא,הדבר,0.6584,213
תלתינ,שלשימ,0.6583,79
תיכלניה,תאכלנו,0.6583,7
סב,קח,0.6579,50
הויתא,היית,0.6578,11
תיכול,תאכל,0.6573,47
ליתוהי,איננו,0.6567,22
תימרונ,תאמרו,0.6566,15
תפוק,תצא,0.6562,21
ונסיבו,ויקחו,0.6560,41
תמליל,תדבר,0.6552,19
יהבית,נתתי,0.6550,75
אבלא,אבל,0.6545,8
לאקטרא,להקטיר,0.6545,3
לאשקאה,להשקות,0.6545,6
אימתני,כענקימ,0.6545,3
לילדתא,כיולדה,0.6545,3
זרעית,משפחת,0.6540,69
לית,אינ,0.6539,239
קבילתונ,שמעתמ,0.6531,16
אוריתי,תורתי,0.6523,7
בלבהונ,בלבמ,0.6522,5
ובצפרא,ובבקר,0.6519,4
טיבו,חסד,0.6517,29
וישתבק,ונסלח,0.6512,14
אסק,אעלה,0.6512,14
רברבנ,גדלות,0.6512,14
כאשתא,כאש,0.6504,8
אריחוהי,בדיו,0.6500,13
ויעבדונ,ועשו,0.6500,26
הא,הנה,0.6497,434
דיתבינ,הישבימ,0.6494,23
לאללא,לתור,0.6486,12
למימרא,בקול,0.6486,36
ומדקדמוהי,שלשומ,0.6481,5
אפקית,הוצאתי,0.6471,11
ירחינ,חדשימ,0.6471,22
ישתכח,ימצא,0.6471,22
עזקתא,הטבעת,0.6471,11
ריש,ראש,0.6463,95
פלגות,חצי,0.6462,21
חופאה,מכסה,0.6452,10
לבלעמ,לבלעמ,0.6452,5
תטר,תשמר,0.6452,10
פרסניה,ערככ,0.6452,10
ושתא,וששת,0.6452,6
ויתוספונ,ונלוו,0.6446,3
ישמשונ,ישרתו,0.6433,5
ואחוי,ואגידה,0.6433,5
וישתיצי,ונכרתה,0.6429,18
לבושוהי,בגדיו,0.6429,45
ותורי,והבקר,0.6429,9
דברא,ברא,0.6429,5
טופנא,המבול,0.6429,9
פתגמוהי,דבריו,0.6429,9
מפקנוהי,תצאתיו,0.6429,9
כגינתא,כגנ,0.6429,3
חזיתא,ראית,0.6429,4
ולמתנ,ולתת,0.6429,3
אסלק,אסתיר,0.6429,3
גופנא,הגפנ,0.6429,6
לצדו,לשמה,0.6420,26
למיא,למימ,0.6410,5
במשכא,בעור,0.6400,24
יהבת,נתתה,0.6400,8
חדיא,החזה,0.6400,8
דפיא,הקרשימ,0.6400,8
ובעו,ויבקשו,0.6400,8
אזילו,לכו,0.6392,31
תסבונ,תקחו,0.6383,15
ואלביש,וילבש,0.6377,6
ואתתיה,ואשתו,0.6377,6
לגו,תוכ,0.6377,22
ועתיק,ושכר,0.6364,7
בוציניא,הנרת,0.6364,7
סטא,סר,0.6364,14
אסיקתנא,העליתנו,0.6364,3
אשכח,מצא,0.6364,21
חשוכ,חשכ,0.6364,10
קימיה,בריתו,0.6364,7
וקימוהי,וחקתיו,0.6364,7
דאפיק,המוציא,0.6364,7
ותחדי,ושמחת,0.6364,7
סטיא,סרה,0.6364,7
דעולמתא,הנערה,0.6364,7
ויבהתונ,ויבשו,0.6364,5
מנטלא,גבעה,0.6364,7
ועשרינ,ועשרימ,0.6353,18
קמתא,קמת,0.6353,3
ואתנינכ,ואתנכ,0.6353,3
בהונ,בהמ,0.6343,123
אתקטלא,יומת,0.6341,39
יימר,יאמר,0.6337,24
למיכל,לאכל,0.6333,33
ותלת,ושלש,0.6329,25
לזרעית,למשפחת,0.6316,6
רחמינ,חנ,0.6316,54
יכוס,ישחט,0.6316,6
יתמנע,יגרע,0.6316,6
ואתת,ותבא,0.6316,18
חזו,ראו,0.6316,36
בגברא,באיש,0.6316,12
חורפנ,כבשת,0.6316,6
ורחימ,ויאהב,0.6316,6
תיחות,תרד,0.6316,6
עברית,עברתי,0.6316,4
כותכ,כמוכ,0.6316,12
בטיהרא,בצהרימ,0.6316,5
ותקיפינ,ועצמימ,0.6316,6
לחברכ,לרעכ,0.6316,6
ותהכ,והלכת,0.6316,12
מרה,מרה,0.6316,3
ימיא,בלב,0.6316,6
קרוהא,עריה,0.6316,6
לשמואל,לשמואל,0.6316,3
בחבריה,ברעהו,0.6308,8
חדא,אחת,0.6305,151
אלהימ,אדני,0.6298,285
למשבע,לשבע,0.6286,3
אבדתא,אבדה,0.6286,3
בדיל,למענ,0.6276,182
אית,יש,0.6275,48
תתיב,תשיב,0.6275,4
יתמא,יתומ,0.6275,4
מכא,מזה,0.6271,37
לתרינ,לשני,0.6269,21
עלתא,העלה,0.6255,57
ושתינ,וששימ,0.6250,11
ונטלנא,ונסע,0.6250,4
ותקימ,והעמדת,0.6250,5
מכסא,ונעלמ,0.6250,5
לאקמא,להקימ,0.6250,5
ירד,ירד,0.6250,10
לרבא,לנשיא,0.6250,5
כפרנהא,בנתיה,0.6250,5
ואיהכ,ואלכה,0.6250,7
ודבריה,ויקחהו,0.6250,5
עבידת,מלאכת,0.6250,20
מזרזינ,חלוצימ,0.6250,5
תסגונ,תרבו,0.6250,5
אבהתא,האבות,0.6250,5
חויתא,הגדת,0.6250,5
מתלא,המשל,0.6250,5
וזע,ויחרד,0.6250,5
ונכיסו,וישחטו,0.6250,5
אלילי,מרגלימ,0.6250,6
דבחינ,זבחימ,0.6250,5
וריש,וראשית,0.6250,4
ותרחמ,ואהבת,0.6250,5
דור,דור,0.6250,5
תכוס,תזבח,0.6250,5
פקדתכ,צויתכ,0.6250,4
ותיתב,יכרית,0.6250,3
רחיקא,רחוקה,0.6250,8
קודשוהי,שלמיו,0.6250,5
כעובד,כמעשה,0.6250,5
לסבי,לזקני,0.6250,5
לדרתא,החיצונה,0.6250,10
כותי,כמוני,0.6250,5
צלותכ,תפלתכ,0.6250,3
חיתא,החיה,0.6241,22
דלמא,פנ,0.6231,81
לאחורוהי,אחרנית,0.6222,4
ירוק,ירק,0.6222,4
חילי,כחי,0.6222,8
רמות,רמת,0.6222,4
וחזא,וירא,0.6221,107
יהוינ,תהיינה,0.6215,15
שנא,כבשימ,0.6207,45
תחזי,תראה,0.6207,18
מדרומא,מנגב,0.6207,9
פקדכ,צוכ,0.6207,9
דחברכ,רעכ,0.6207,9
אתהפיכ,הפכ,0.6207,7
אליא,קינה,0.6207,9
טורא,ההר,0.6196,79
מעתד,נצב,0.6190,13
דצובה,צובה,0.6190,3
תדעונ,תדעו,0.6190,3
קימי,בריתי,0.6176,42
לרוחצנ,לבטח,0.6176,21
ותעבד,ועשית,0.6161,69
תמנונ,תפקדו,0.6154,4
לבנה,לבנה,0.6154,6
ורבי,וימשח,0.6154,8
בקדמאה,בראשונ,0.6154,4
משכניה,אהלו,0.6154,12
יפסוק,יכרת,0.6154,12
דאתכלא,אשכול,0.6154,4
למיסק,לעלות,0.6154,8
דמהונ,דממ,0.6154,3
ואבאישו,וירעו,0.6154,4
ויתיבנא,ונשב,0.6154,4
מפקנוי,תוצאתיו,0.6154,4
אחסנתהונ,נחלתמ,0.6154,16
עסבא,עשב,0.6154,16
כרנ,עצמ,0.6154,4
אשכחה,מצאה,0.6154,4
אשתבי,נשבה,0.6154,4
ולבושינ,ובגדימ,0.6154,4
שטרא,המקנה,0.6154,4
דסלקינ,העתדימ,0.6154,4
ופליג,ויחצ,0.6154,4
דרות,נאות,0.6154,3
ואתאה,ותבאנה,0.6154,4
טועניה,אמתחתו,0.6154,4
אושטות,משלח,0.6154,12
שבקו,עזבו,0.6154,12
ויתיבתונ,ותשבו,0.6154,4
אבה,אבה,0.6154,6
ופולחני,ואתי,0.6154,4
מדנח,מזרח,0.6154,8
ונעבד,ועשינו,0.6154,4
יעלנכ,יביאכ,0.6154,4
יסחי,ירחצ,0.6154,4
תברהונ,אידמ,0.6154,4
ונכס,וישחט,0.6154,8
לעבידא,למלאכה,0.6154,4
תערעונ,תקראו,0.6154,4
יתיהב,ינתנ,0.6154,4
ואשיזיב,והצלתי,0.6154,4
בנהרא,ביאר,0.6154,8
ופרק,ויושע,0.6154,4
מאתריה,ממקמו,0.6154,4
אושיט,במלאכת,0.6154,4
ויטול,לזכרנ,0.6154,4
ותכוס,ושחטת,0.6154,4
הובאי,שמיר,0.6154,4
ורמתא,והגבעות,0.6154,4
זכותיה,צדקתו,0.6154,4
מליתא,סללה,0.6154,8
דשי,דלתות,0.6154,8
שורי,חמות,0.6154,4
ואורח,ודרכ,0.6154,4
קדלהונ,ערפמ,0.6154,4
אגרנ,ספרימ,0.6154,4
ואשתלהי,ויעפ,0.6154,4
זוג,צמד,0.6154,4
לקרווהי,לאהליו,0.6154,4
דמבית,הלחמי,0.6154,4
ותבו,וישבו,0.6149,44
נפשהונ,נפשמ,0.6136,9
חקלא,השדה,0.6134,73
לגבר,לאיש,0.6133,46
וקדמ,ולפני,0.6133,23
דבתרוהי,ממחרת,0.6129,19
אבהתנא,אבתינו,0.6128,12
וקריב,ויקרב,0.6127,25
ותרתינ,ושתי,0.6127,25
ואכלית,ואכל,0.6125,7
ירותא,ירשה,0.6122,5
ולואי,והלוימ,0.6111,5
שמשיא,הערבימ,0.6111,11
דבבכ,איביכ,0.6111,22
ילידית,ילדתי,0.6111,3
ישלטונ,ימשלו,0.6111,3
משחתא,מדה,0.6111,11
דמשמשינ,משרתי,0.6111,6
ואתנבי,והנבא,0.6111,7
וחד,ואחד,0.6103,17
תמניא,שמנת,0.6090,9
עלאה,עליונ,0.6090,9
לטמי,לנפש,0.6087,7
יחסנונ,ינחלו,0.6087,7
תרביה,חלבו,0.6087,7
אדיותא,נדה,0.6087,7
מצותא,מריבה,0.6087,7
ובת,וילנ,0.6087,7
ותשוונ,ושמתמ,0.6087,7
סטו,סרו,0.6087,7
מקדימ,השכמ,0.6087,7
בחוביה,בעונו,0.6087,7
דפקיד,צוה,0.6074,123
ביש,רע,0.6071,51
גבריא,האנשימ,0.6068,98
בעירא,הבהמה,0.6064,57
צבע,תולעת,0.6061,10
נגיד,מקשה,0.6061,10
משזיב,שריד,0.6061,10
ואוסיפ,ויספ,0.6061,20
לדינא,למשפט,0.6061,10
למיזל,ללכת,0.6061,40
ומדקמוהי,שלשמ,0.6061,10
רוגזכ,אפכ,0.6061,10
ימיניה,ימינו,0.6061,6
במישרא,בערבה,0.6061,10
למפרק,להושיע,0.6061,10
בישתא,הרעה,0.6058,73
למילד,ללדת,0.6050,4
חוביהונ,עונמ,0.6048,24
מרקמ,מקדש,0.6047,13
תלתא,שלשה,0.6045,81
ולתושבחא,ולתפארת,0.6036,3
דקטורת,הקטרת,0.6019,5
ביממא,יוממ,0.6011,18
ידא,יד,0.6011,33
וחטאיהונ,וחטאתמ,0.6000,3
יונתא,היונה,0.6000,5
וישתונ,ושתו,0.6000,3
ומנא,ויפקד,0.6000,12
ומשחא,ושמנ,0.6000,12
יסאבונ,יטמאו,0.6000,3
בתלת,עשירת,0.6000,6
דדכותיה,טהרתו,0.6000,3
ואמרתא,שנתה,0.6000,3
ואפיכו,וינסו,0.6000,12
נוניא,הדגה,0.6000,3
יהבתנונ,נתתימ,0.6000,3
כשלהוביתא,מחשבונ,0.6000,3
בכיפא,בסלע,0.6000,3
קטלו,הרגו,0.6000,12
איחות,ארד,0.6000,3
מזרזי,חלוצי,0.6000,3
מפקד,מצוה,0.6000,12
פתיות,רחבת,0.6000,3
ושבחו,ויהללו,0.6000,3
מרדו,מרדו,0.6000,3
אסב,אקח,0.6000,3
ותקרי,וקראת,0.6000,6
סיב,זקנ,0.6000,24
סיבית,זקנתי,0.6000,3
מחבלינ,משחתימ,0.6000,3
קבלתהונ,צעקתמ,0.6000,3
וגלא,ויפקח,0.6000,3
אקיל,הקל,0.6000,3
ואעליה,ויביאהו,0.6000,3
ואתיבת,ותענ,0.6000,3
דגור,גל,0.6000,3
וקריבת,ותגש,0.6000,3
ובזע,ויקרע,0.6000,12
חפת,כסתה,0.6000,3
לחיכא,לצחק,0.6000,3
חרשיא,החרטמימ,0.6000,3
לארחא,לדרכ,0.6000,6
מבתא,במלונ,0.6000,3
וזעיר,ומעט,0.6000,3
ואסחי,וירחצ,0.6000,3
קלידא,הגביע,0.6000,3
כהדא,כזאת,0.6000,6
ובישינ,ורעימ,0.6000,3
מתרב,מחלב,0.6000,3
ואיתוב,ואשובה,0.6000,3
אדרי,בגרנ,0.6000,3
יגיח,ילחמ,0.6000,3
מאורח,מדרכ,0.6000,6
ודילמא,ופנ,0.6000,3
דליק,וההר,0.6000,3
תתנשונ,תשכחו,0.6000,3
משלמינ,לשנאי,0.6000,3
תפלחנונ,תעבדמ,0.6000,3
מטעות,מאלהי,0.6000,3
ומשחיכונ,ותירשכ,0.6000,3
כעממיא,כגוימ,0.6000,3
תתבעונ,תדרשו,0.6000,3
ידיכ,ידיכ,0.6000,3
שנ,שנ,0.6000,3
סטי,סורר,0.6000,3
במפקכ,בצאתכ,0.6000,3
בקימא,בברית,0.6000,3
ואחיד,ועזוב,0.6000,3
שקרתונ,מעלתמ,0.6000,3
יצלח,יחי,0.6000,6
אוספא,תפשה,0.6000,3
אתסי,נרפא,0.6000,3
במטליא,בסכות,0.6000,3
לאשנאה,להפר,0.6000,3
לחיתא,למילדת,0.6000,3
במהככ,בלכתכ,0.6000,3
שיזבתא,הצלת,0.6000,3
ברתכוהי,ברכבו,0.6000,3
זויתא,הפאת,0.6000,3
מציעאה,התיכנ,0.6000,3
סכי,יתדת,0.6000,3
וסדרא,והטור,0.6000,6
ותסחי,ורחצת,0.6000,3
במללותיה,בדברו,0.6000,3
רחמהא,מאהביה,0.6000,3
לישנהונ,לשונמ,0.6000,4
רביעתא,הרבעית,0.6000,3
ועבדתא,ותעשה,0.6000,3
שורא,החומה,0.6000,12
ואסחרו,ויסבו,0.6000,6
וקטלינונ,וימיתמ,0.6000,3
ותרעינ,ושערימ,0.6000,3
ושתנ,אכלימ,0.6000,3
כרקומ,דיק,0.6000,3
בקימי,בחקותי,0.6000,6
גויתא,הפנימית,0.6000,9
דאתביה,השיבו,0.6000,3
רעינא,אחפצ,0.6000,3
כדלא,בלהות,0.6000,3
דצדינ,נשמות,0.6000,3
זקופי,וראי,0.6000,3
וערקו,ויברחו,0.6000,3
אשתיזיב,נמלט,0.6000,3
דעמודא,קומת,0.6000,3
וספר,ונביא,0.6000,3
דחק,לחצ,0.6000,3
טולא,הצל,0.6000,3
אסתכלו,הביטו,0.6000,3
לשמרונ,שמרונה,0.6000,3
ומרדו,ויקשרו,0.6000,3
וחבילו,וישחיתו,0.6000,3
ביניהונ,בתוכמ,0.5986,44
ישתמע,ישמע,0.5986,8
רביא,הילד,0.5974,23
אנ,איה,0.5965,17
אתרא,המקומ,0.5962,79
עבדת,עשית,0.5954,39
דאשתארו,הנשארימ,0.5948,13
וגזר,ויכרת,0.5946,11
הלכא,הלמ,0.5939,7
קרו,קראו,0.5939,7
דאתיתא,באת,0.5934,3
ופרס,ויפרש,0.5934,6
נטרו,שמרו,0.5926,6
למתבע,לדרש,0.5926,8
ואזילו,ולכו,0.5926,8
סלקנ,פרות,0.5926,8
תשמע,תשמע,0.5926,8
בתראה,האחרונ,0.5926,8
דמטליא,הסכות,0.5926,8
מפומא,מפי,0.5926,4
תתבר,תשבר,0.5926,4
שקרא,שקר,0.5910,22
עבד,עשה,0.5910,224
קדמאי,הראשנימ,0.5909,13
לסגי,לרב,0.5909,13
פונדקיתא,הזונה,0.5909,3
דכורא,זכר,0.5894,61
מערבא,ימה,0.5893,33
חבריה,רעהו,0.5890,43
קימתא,נשבעת,0.5882,5
ויקרא,וכבוד,0.5882,5
בפרסניה,בערככ,0.5882,5
ויפק,והוציא,0.5882,5
צלי,התפלל,0.5882,5
דבבוהי,איביו,0.5882,10
למפק,לצאת,0.5882,10
אורחיה,דרכו,0.5882,5
מבועי,מעינת,0.5882,4
בוכריה,בכרו,0.5882,4
ויקדשונ,ורחצו,0.5882,5
ונשיק,וינשק,0.5882,4
זערתא,הקטנה,0.5882,5
תעני,תענה,0.5882,3
וקרוי,וערי,0.5882,5
בחילתא,בגיא,0.5882,5
דתשתיצונ,השמדכ,0.5882,5
מרט,קרחה,0.5882,5
לנחמא,נחמ,0.5882,3
דיכי,הלז,0.5882,5
מירדא,קשר,0.5882,5
אמרכליא,הספ,0.5882,5
אתכנישו,נאספו,0.5882,5
אמתא,האמה,0.5876,13
טב,טוב,0.5874,84
מלמהוי,מהיות,0.5867,6
קנאתא,קנאת,0.5865,3
דינינ,שפטימ,0.5862,17
תקבלונ,תשמעו,0.5859,29
הוה,היה,0.5854,228
אונ,אונ,0.5854,6
נפל,נפל,0.5854,6
חצד,קציר,0.5854,12
צירינ,צרימ,0.5844,5
רבוניהונ,אדניהמ,0.5844,3
ייכלוניה,יאכלהו,0.5833,3
נפקו,יצאו,0.5833,35
קטמא,אפר,0.5833,7
מתליה,משלו,0.5833,7
ותלתא,ושלשה,0.5833,21
מלילו,דברו,0.5833,21
גינוניתא,הגנ,0.5833,7
כסא,הכוס,0.5833,7
בלחודיהונ,לבדמ,0.5833,7
כבש,לכד,0.5833,7
יהודאי,היהודימ,0.5832,10
הוו,היו,0.5821,101
יתרעי,יבחר,0.5814,25
ניכול,נוכל,0.5806,9
לאגחא,להלחמ,0.5806,36
ושבק,ויעזב,0.5806,9
כתונא,כתנת,0.5806,7
יקרב,יקרב,0.5797,10
ישוד,ישפכ,0.5797,5
אתוב,אשוב,0.5797,5
בתיכונ,בתיכמ,0.5797,4
סביא,הזקנימ,0.5789,11
בזמנא,בפעמ,0.5789,11
גלותא,הגולה,0.5789,11
עבדותא,עבדימ,0.5778,11
דברזל,ברזל,0.5778,7
תועיבא,תועבה,0.5778,5
אשירתא,אשרה,0.5769,3
במשחא,המשיח,0.5769,3
אמוראה,האמרי,0.5763,29
אתרגושא,שאונ,0.5752,4
לאשתיצאה,לאכלה,0.5749,9
ואוסיפו,ויוספו,0.5742,4
אתתא,האשה,0.5739,99
ואינונ,והמה,0.5736,37
וחלוני,והזר,0.5714,4
לאל,לאל,0.5714,3
אפיא,הפנימ,0.5714,8
יריק,יצק,0.5714,4
ויומי,והשביע,0.5714,4
דמעכ,בטנכ,0.5714,6
לאלינ,לאלה,0.5714,4
חובתיה,חטאתו,0.5714,14
וגרמא,ועצמ,0.5714,4
וכנשו,ויאספו,0.5714,10
קבלא,שמוע,0.5714,12
ואיתא,ולכה,0.5714,4
וזריז,ויחבש,0.5714,6
ציר,רקמ,0.5714,6
ורגז,ויקצפ,0.5714,6
ואילנ,ועצ,0.5714,8
ותריכ,ויגרש,0.5714,6
רוחי,רוחי,0.5714,4
זיתא,זית,0.5714,10
לצית,השמימה,0.5714,8
תב,שב,0.5714,22
קיימו,נשבעו,0.5714,4
תיבי,תאבה,0.5714,4
בחדוא,בשמחה,0.5714,6
סטר,צלע,0.5714,8
במפק,בצאת,0.5714,4
ללבושיה,בגדו,0.5714,8
אסירי,הסהר,0.5714,12
מחוי,מגיד,0.5714,6
קרנ,יקראו,0.5714,6
עלית,עלית,0.5714,3
ימחנכ,יככה,0.5714,4
דמשיזיב,מציל,0.5714,4
לבושא,הבגד,0.5714,6
וידכניה,וטהרו,0.5714,6
יתר,ימרט,0.5714,4
לאחסנתיה,לאחזתו,0.5714,3
יפרוק,המקדיש,0.5714,4
צלו,העתירו,0.5714,4
ברוח,ברוח,0.5714,4
סטרוהי,קצותיו,0.5714,6
אפקיד,אצוה,0.5714,4
ותסיק,והקטרת,0.5714,4
במשרינ,בחיל,0.5714,4
פורקני,ישעי,0.5714,4
ואבדר,ונפצתי,0.5714,4
ויתיב,וישב,0.5714,76
ונהכ,ונלכה,0.5714,4
שכנתכ,שבתכ,0.5714,4
בגלותא,בגולה,0.5704,7
יתהונ,אתמ,0.5702,392
תרינ,שני,0.5697,190
הות,היתה,0.5692,72
יעבד,יעשה,0.5689,48
מבתר,מאחרי,0.5682,25
ברה,בנה,0.5682,25
לניהור,לאור,0.5682,5
ועמ,ועמ,0.5669,18
למיעל,לבוא,0.5664,32
כורסי,כסא,0.5657,28
אפרשותא,תרומה,0.5647,24
ושלימו,וימלאו,0.5647,4
סעורינ,שערימ,0.5641,6
ויקרונ,וקראו,0.5641,6
משבטא,ממטה,0.5641,11
קימית,נשבעתי,0.5625,18
גברוהי,אנשיו,0.5625,9
יתקרי,יקרא,0.5625,14
ותקבל,ושמעת,0.5625,9
נסיב,לקח,0.5620,34
למדע,לדעת,0.5614,8
זעירא,הקטנ,0.5610,23
ויתובונ,ושבו,0.5602,11
ובדיל,ולמענ,0.5600,14
עולימי,נערי,0.5600,7
מפרש,פתוחי,0.5600,7
אורחתהונ,דרכמ,0.5600,7
גואה,הפנימי,0.5600,7
קליה,קלו,0.5600,7
רבני,שרי,0.5595,47
ואימר,ואמרתי,0.5591,6
גברא,האיש,0.5586,174
ושרא,ויחנ,0.5581,12
אפינ,פנימ,0.5581,24
בסופ,באחרית,0.5574,17
וכמא,וכאשר,0.5560,8
ותקיפ,ויחר,0.5556,40
דשתא,השנה,0.5556,10
ומסתחר,ונסב,0.5556,5
לזניה,למינו,0.5556,5
חוראי,החרי,0.5556,5
יסבונ,יקחו,0.5556,10
לממני,לספר,0.5556,5
דאתקרי,נקרא,0.5556,8
אשתמודע,הכר,0.5556,5
ממונ,בצע,0.5556,10
ותחזי,וראית,0.5556,5
ותידע,וידעת,0.5556,5
אציתו,האזינו,0.5556,5
טנרא,הצור,0.5556,5
קדיש,קדש,0.5550,67
מלכיה,מלכו,0.5546,3
אפוהי,פניו,0.5541,41
תנחומינ,לנחמו,0.5538,3
קרויכונ,עריכמ,0.5538,3
ויחסנונ,ונחלו,0.5538,3
וברמ,ואולמ,0.5532,13
אפרשות,תרומת,0.5532,13
בתרעא,בשער,0.5532,13
שלחית,שלחתי,0.5526,7
קרוי,ערי,0.5522,37
ושבטא,ומטה,0.5517,8
כלילא,נזר,0.5517,8
תדבק,תשיג,0.5517,8
דאזלינ,ההלכימ,0.5517,8
כיפא,הסלע,0.5517,8
בחר,בחר,0.5517,4
ואריק,ויצק,0.5517,8
קטלא,דמיהמ,0.5517,8
דפינ,קרשימ,0.5517,8
תבר,שבר,0.5510,9
קדומא,קדמה,0.5510,12
לוחי,לחת,0.5507,19
לתמנ,שמה,0.5504,101
יהכ,ילכ,0.5500,11
וחזית,ואראה,0.5490,14
וייכלונ,ואכלו,0.5490,10
די,אשר,0.5490,1968
ותלתינ,ושלשימ,0.5481,37
יכיל,יכל,0.5478,9
יתכ,אתכ,0.5477,44
משריתא,המחנה,0.5475,49
עזיא,העזימ,0.5466,4
ודישרנ,והחנימ,0.5455,3
בעירהונ,בהמתמ,0.5455,3
במטל,בנסע,0.5455,3
סגיר,צרוע,0.5455,3
בארחא,בדרכ,0.5455,48
נטל,נסע,0.5455,9
סקו,עלו,0.5455,18
ותסקונ,ועליתמ,0.5455,3
וגזרו,ויכרתו,0.5455,6
והוינא,ונהי,0.5455,3
ותתבעונ,ובקשתמ,0.5455,3
בפריע,מהרה,0.5455,15
אזמנ,אועד,0.5455,3
ושביקינ,ואפס,0.5455,3
מפלגינ,יחלק,0.5455,3
וקמא,ותעמדנה,0.5455,3
אחדי,תפשי,0.5455,3
לרקמ,עקרבימ,0.5455,3
דפקידתכ,צויתיכ,0.5455,6
ואוריכ,וייחל,0.5455,3
בירינ,בארת,0.5455,3
אפיק,הוציא,0.5455,15
ואתקיפו,ויחזיקו,0.5455,3
ואודיק,וישקפ,0.5455,3
למכתש,לנגע,0.5455,3
ועולימא,והנער,0.5455,6
משלהיא,עיפה,0.5455,3
לאמהו,לשפחה,0.5455,3
ובניהנ,השפחות,0.5455,3
אסהדא,העד,0.5455,3
אתקריבו,גשו,0.5455,3
ומללית,ואדבר,0.5455,3
דישיצי,השמידו,0.5455,3
פקדתנונ,צויתמ,0.5455,3
ניחא,המנוחה,0.5455,3
עדאה,שללה,0.5455,6
מתנ,נתונ,0.5455,3
תחבל,תשחית,0.5455,3
ויניק,ונער,0.5455,3
מסטר,מצד,0.5455,3
כלי,עצור,0.5455,3
יתעל,יובא,0.5455,3
עדבינ,גורל,0.5455,6
בטינא,בחמר,0.5455,3
דבנהרא,ממימי,0.5455,3
ספונ,שפתימ,0.5455,3
בחילא,בכח,0.5455,6
דפא,הקרש,0.5455,6
ועבדיה,ויעשהו,0.5455,3
מכענ,מעתה,0.5455,6
דסגיאו,עונכ,0.5455,3
אתרחיצתא,בטחת,0.5455,3
לעובדי,למעשה,0.5455,3
אעדו,הסירו,0.5455,3
שמיעיא,הגלה,0.5455,3
וקרוהא,ועריה,0.5455,3
אתבזיזו,שדד,0.5455,6
במיסק,בעלות,0.5455,3
מספר,מנביא,0.5455,3
דיצ,משוש,0.5455,3
בגזירת,בחקות,0.5455,3
עולבני,ריבי,0.5455,3
יתקפונ,יחזקו,0.5455,3
ואגינ,וגנותי,0.5455,3
וקימי,וחקתי,0.5455,3
גבורתיה,גבורתו,0.5455,3
ותמני,ושמנה,0.5435,10
במותנא,במגפה,0.5432,6
דסליקו,העלימ,0.5432,4
במדבחא,במזבח,0.5417,3
עבדתונ,עשיתמ,0.5417,13
בקשוט,באמת,0.5417,13
טבאות,היטב,0.5414,4
אכלא,אכלה,0.5405,6
ואשרי,ושכנתי,0.5405,10
ואעביד,ועשיתי,0.5405,10
זרע,כזרע,0.5400,3
חילא,צבא,0.5392,55
ומשלח,ושלח,0.5388,6
מנוהי,כליו,0.5385,21
אורחתיכ,דרככ,0.5385,7
רשעא,בליעל,0.5385,7
שיצי,ככלות,0.5385,7
ודאשתאר,והנותר,0.5385,7
סמכינ,אדנימ,0.5385,7
ודי,ואשר,0.5376,50
ואנונ,והמ,0.5373,18
בדינא,במשפט,0.5366,11
ורמא,וישלכ,0.5366,11
מריש,מראשית,0.5357,3
לותכונ,אליכמ,0.5357,30
ותתקימ,ותחי,0.5357,3
דאיתיתי,הבאתי,0.5357,3
ביניכונ,בתוככמ,0.5349,23
גמיר,כליל,0.5333,8
תמני,שמנה,0.5333,18
וייתי,והביא,0.5333,24
ותדכי,וטהרת,0.5333,4
וישמש,ושרת,0.5333,4
בדרומא,בנגב,0.5333,4
מאבא,מפרי,0.5333,4
יקריב,יקריב,0.5333,4
חגירא,נכה,0.5333,4
עולימוהי,נעריו,0.5333,4
כעדנא,כעת,0.5333,5
קטל,הכה,0.5333,24
מבתרוהי,מאחריו,0.5333,4
תשכח,תמצא,0.5333,8
דתאה,דשא,0.5333,4
אכל,אכל,0.5333,12
תשוי,תשימ,0.5333,6
ותקיפו,ויגברו,0.5333,4
תכול,תוכל,0.5333,12
יתמנונ,יספר,0.5333,4
תיחי,תחיה,0.5333,4
משח,משחת,0.5333,8
אסתחר,סב,0.5333,4
ועלמ,ואמצ,0.5333,4
כולא,הכל,0.5333,16
תדכר,תזכר,0.5333,3
מסכנא,האביונ,0.5333,4
עניא,עני,0.5333,4
תצלי,תטה,0.5333,4
ותסק,ועלית,0.5333,4
יתבר,ישבר,0.5333,4
לארמא,להניפ,0.5333,4
סגיא,פרחת,0.5333,4
חבריכונ,עמיתכ,0.5333,4
בעראי,בקרי,0.5333,4
לתבר,חתיתמ,0.5333,4
הרהור,שררות,0.5333,4
זרעיתא,המשפחה,0.5333,4
מבאשינ,מרעימ,0.5333,4
איתא,לכה,0.5321,29
קודשיכונ,שלמיכמ,0.5303,5
אמא,האמ,0.5294,3
חמיר,שאר,0.5294,9
לשיצאה,להכרית,0.5294,9
ייכול,יאכל,0.5290,41
ותרינ,ושני,0.5269,44
יתיב,ישב,0.5267,64
שרו,חנו,0.5263,5
במכילתא,האיפה,0.5263,5
חובה,עונה,0.5263,5
לאשראה,לשכנ,0.5263,15
חקל,שדה,0.5263,20
תוסיפ,תספ,0.5263,5
ונסבה,ויקחה,0.5263,5
דכיתא,הטהרה,0.5263,5
בביש,ברע,0.5263,5
ורמו,וישלכו,0.5263,5
מסרבינ,ממרימ,0.5263,5
לטעותהונ,לאלהיהמ,0.5263,5
יזדבנ,ימכר,0.5263,5
ודברית,ואולכ,0.5263,5
בעובדי,במעשה,0.5263,5
תרעי,שערי,0.5263,5
ואתנחמ,וינחמ,0.5253,4
דאעי,עצי,0.5253,26
מלכינ,מלכימ,0.5250,9
דתרעא,השער,0.5250,21
דבכנ,בכי,0.5250,3
מעדנ,מעת,0.5250,3
גיורא,יגור,0.5248,10
חזי,ראה,0.5246,48
כיפ,שפת,0.5238,22
ויהבית,ואתנ,0.5238,11
חוביכ,חטאתיכ,0.5238,3
מתיא,המתימ,0.5238,3
יהב,נתנ,0.5231,130
אגוריהונ,ואשריהמ,0.5231,3
למי,למי,0.5217,3
ודחיל,ויירא,0.5217,6
קדמיתא,הראשנות,0.5217,6
ואהכ,והלכתי,0.5217,6
בסגיאות,ברב,0.5217,6
דעדי,עובר,0.5217,6
גברינ,אנשימ,0.5214,61
פריק,מושיע,0.5200,13
משיחא,משיח,0.5200,7
מסיפי,מקצה,0.5195,20
עובדיכונ,מעלליכמ,0.5192,9
צור,צור,0.5185,7
דרחיש,הרמש,0.5185,7
כדבינ,כזב,0.5185,7
רוגזא,אפ,0.5174,52
אפכ,פניכ,0.5172,15
אתקטלו,נפלו,0.5172,6
תהוינ,תהיינ,0.5172,5
מנינ,מספר,0.5169,23
ורבא,ונשיא,0.5161,24
ישרי,ישכנ,0.5161,6
אחזי,אראה,0.5143,9
אוקיד,שרפ,0.5143,9
ודבח,ויזבח,0.5143,4
תבותא,התבה,0.5143,11
מלרע,מלמטה,0.5143,12
כזעיר,מזער,0.5143,4
נכסת,זבח,0.5131,49
קמא,מצבה,0.5128,10
סגירותא,הצרעת,0.5128,10
גיתי,מקנה,0.5116,11
דאשתכח,הנמצא,0.5116,11
מנכונ,מכמ,0.5113,34
אעיא,העצימ,0.5106,12
אשתארו,נשארו,0.5098,3
אילנ,עצ,0.5091,42
ויחזי,וראה,0.5091,28
במת,במות,0.5091,6
ברכתא,הברכה,0.5085,10
מתנבי,נבא,0.5079,4
יהכונ,ילכו,0.5075,15
עסרי,עשרה,0.5075,68
ירחא,חדש,0.5072,35
בנפשא,בנפש,0.5065,3
וימסרנונ,ונתנמ,0.5065,3
חטיתונ,חטאתיכמ,0.5065,3
למתב,לשבת,0.5063,20
למחזי,לראות,0.5053,24
ולשבטא,ולמטה,0.5033,7
ומלא,וימלא,0.5029,4
תורא,השור,0.5017,19
זקופו,שאו,0.5000,6
מערעי,קרואי,0.5000,3
משרייתא,המחנת,0.5000,3
למטל,לשאת,0.5000,13
ובתר,ואחרי,0.5000,38
לפלחנא,לעבדה,0.5000,3
מסאב,טמא,0.5000,56
במנא,בכלי,0.5000,7
בזיכי,כפות,0.5000,4
וחיזו,ומראה,0.5000,5
דמשחא,השמנ,0.5000,13
וכריכנ,גדלת,0.5000,4
ואפיקו,ויציאו,0.5000,5
דקיימ,נשבע,0.5000,24
סבו,קחו,0.5000,13
כשיציותיה,ככלתו,0.5000,3
ארחא,הדרכ,0.5000,25
קורבני,לחמי,0.5000,3
ועלת,ועלת,0.5000,3
כנישינ,עצרת,0.5000,3
וגיתי,ומקנה,0.5000,3
וקימ,וישבע,0.5000,14
תרכינונ,הורישו,0.5000,3
וכבש,וילכד,0.5000,9
מחהי,הכהו,0.5000,6
והואה,ותהיינה,0.5000,6
יסק,יעלה,0.5000,23
בורלא,השהמ,0.5000,3
דמדבר,ההלכ,0.5000,8
לדא,לזאת,0.5000,3
חוי,הגיד,0.5000,16
לחבלא,לשחת,0.5000,13
אשתאיל,אדרש,0.5000,3
מעלכ,באכה,0.5000,4
קנו,רכשו,0.5000,4
אכלו,אכלו,0.5000,4
מחו,הכו,0.5000,3
דחיל,ירא,0.5000,20
רחימת,אהבת,0.5000,4
וסדר,ויערכ,0.5000,7
ואתר,ומקומ,0.5000,3
מיתת,מתה,0.5000,3
סגיאנ,רבות,0.5000,9
ושיזיב,ויצל,0.5000,3
ידונונ,ישפטו,0.5000,3
בפתי,בכפ,0.5000,4
למגזר,להמול,0.5000,3
נחת,נחת,0.5000,4
ונחזי,ונראה,0.5000,3
דמני,הפקיד,0.5000,5
ואסתחר,ויסב,0.5000,7
בבישתא,ברעה,0.5000,3
אסטרטיגיא,הנצבימ,0.5000,3
מרחק,תועבת,0.5000,11
כתפיה,שכמו,0.5000,3
ופתגמא,והדבר,0.5000,4
דקאימ,העמד,0.5000,3
דשיצי,השמיד,0.5000,3
ואמיטתא,וערפל,0.5000,3
תסגוד,תשתחוה,0.5000,3
דבעירכ,בהמתכ,0.5000,4
ומסרינונ,ויתנמ,0.5000,8
חביב,סגלה,0.5000,6
ואתרעי,חשק,0.5000,4
דארעכ,אדמתכ,0.5000,8
נפקינ,יצאימ,0.5000,12
יטעי,יפתה,0.5000,4
ולוטינ,והקללה,0.5000,3
ויחוונ,והגידו,0.5000,3
ויתקרב,ונגש,0.5000,3
תבירינ,נגפימ,0.5000,3
דאניס,גזול,0.5000,3
לבעלי,לאיביכ,0.5000,6
ויתתי,והובא,0.5000,3
חטאינ,זמה,0.5000,9
חיביא,ערלימ,0.5000,9
כמבוע,מקור,0.5000,3
זביני,ממכר,0.5000,4
זבינוי,מקנתו,0.5000,3
לתלת,לשלש,0.5000,3
פרקנא,גאלה,0.5000,3
תנוח,תשבת,0.5000,4
דכירנא,פקדתי,0.5000,3
ואליפ,והוריתי,0.5000,3
בענ,מבקשימ,0.5000,5
עלמי,ראשונ,0.5000,3
ואדביקו,וישיגו,0.5000,3
גליפנ,חותמ,0.5000,3
תחרוב,תאבל,0.5000,3
אטלטלו,נדדו,0.5000,3
ברניתהא,ארמנתיה,0.5000,3
ותרעא,והשער,0.5000,3
ממעינ,מבטנ,0.5000,3
מגבר,שוטפ,0.5000,7
חלשא,שפלה,0.5000,3
נחתינ,ירדימ,0.5000,3
כיפיא,הסלעימ,0.5000,3
לעדי,למשסה,0.5000,3
פורקנא,תשועה,0.5000,6
סברנא,נקוה,0.5000,3
כפורי,הדביר,0.5000,5
צלותא,התפלה,0.5000,4
אסיר,חגור,0.5000,4
באתריה,במקומו,0.5000,3
אידרי,ארונה,0.5000,3
צדיקינ,לצמתכ,0.5000,3
ארעכונ,ארצכמ,0.4979,11
בעידנא,בעת,0.4977,24
עקא,צרה,0.4941,21
לאתנבאה,להנבא,0.4941,3
כוכביא,הכוכבימ,0.4935,7
בניא,הבנימ,0.4930,8
תוב,שוב,0.4929,23
וכנש,ויאספ,0.4928,17
דמלילתא,דברת,0.4912,14
מטל,משא,0.4906,13
עבדינ,עשימ,0.4906,26
ישרונ,יחנו,0.4898,12
ויצדונ,ונשמו,0.4889,5
פלחנ,עבדת,0.4889,22
דרא,הדור,0.4889,11
רשיעא,רשע,0.4883,13
חמרא,החמור,0.4882,15
נפשתא,הנפש,0.4882,16
מרע,חלה,0.4878,10
כריכנ,מבצר,0.4878,10
סטרי,קצות,0.4878,10
פלחנא,העבדה,0.4865,9
יהבו,נתנו,0.4865,18
קדמכ,לפניכ,0.4865,81
סני,שנא,0.4865,9
בעממיא,בגוימ,0.4865,27
חורינ,חפשי,0.4865,9
גובא,הארבה,0.4865,9
למהוי,להיות,0.4858,60
מני,ממני,0.4856,29
לריש,לראש,0.4848,8
ירח,ירח,0.4848,4
בישנ,רעות,0.4848,8
נחתו,ירדו,0.4848,8
ביננא,בקרבנו,0.4848,8
שער,שער,0.4839,15
הוינא,היינו,0.4839,6
דכתיב,הכתוב,0.4839,6
לשמא,לשמ,0.4836,9
נפק,יצא,0.4831,57
וצוח,ויצעק,0.4828,7
בחובי,בעונ,0.4828,7
ושרת,ותצלח,0.4828,7
ואסיק,ויקטר,0.4825,11
ארחיק,הרחק,0.4821,3
חורבא,חרבה,0.4821,3
ושיתא,וששה,0.4821,3
אתקינ,הכינ,0.4821,3
אתיב,השיב,0.4819,15
מנכ,ממכ,0.4804,43
מי,מי,0.4800,42
נסק,נעלה,0.4800,6
וישמעונ,ושמעו,0.4800,3
יחוב,תחטא,0.4800,6
ואעדי,ויסר,0.4800,12
לעילא,למעלה,0.4800,6
יקטול,ימית,0.4800,6
יהבתכ,נתתיכ,0.4800,6
אתיא,האתת,0.4800,9
דכר,איל,0.4789,34
מסאבא,הטמא,0.4776,16
חמר,יינ,0.4762,25
דחלת,הצילו,0.4762,5
מנהונ,מהמ,0.4759,84
כנשתא,העדה,0.4754,87
אינונ,המה,0.4740,114
אסגי,ארבה,0.4737,9
למרדכי,מרדכי,0.4722,3
וחזו,ויראו,0.4714,33
נפשת,נפשות,0.4714,3
יגלונ,יגלה,0.4714,3
יתכנש,יאספ,0.4706,4
ונצא,וירב,0.4706,4
במישרי,בערבות,0.4706,4
ואבטיל,והשבתי,0.4706,8
ואחיתו,ויורדו,0.4706,4
אשתכח,נמצא,0.4706,8
ואחסינו,ורשו,0.4706,4
ויתקפ,וחרה,0.4706,4
ימללונ,ידברו,0.4706,4
כמנא,הארב,0.4706,4
וזמינ,וימנ,0.4706,4
רחימינ,רחמה,0.4688,3
גזרית,דברתי,0.4685,26
נהורא,האור,0.4675,4
מלכונ,לאמימ,0.4667,7
חמוהי,חתנו,0.4667,7
למבעי,לבקש,0.4667,7
אמליל,אדבר,0.4651,10
נסיבו,לקחו,0.4651,10
לבי,לבי,0.4651,5
לטעות,אחרימ,0.4640,29
ישוי,ישית,0.4638,4
לעבדוהי,לעבדיו,0.4636,3
זעיר,מעט,0.4632,22
למלאכא,המלאכ,0.4630,5
קרויכ,שעריכ,0.4630,5
מישרא,המישר,0.4623,7
יתכסי,יפלא,0.4615,3
ארבעת,ארבעת,0.4615,3
סחרנות,סביבת,0.4615,3
ערקו,נסו,0.4615,6
תייתונ,תביאו,0.4615,3
מסרב,מאנ,0.4615,6
מבזעינ,ואדמה,0.4615,3
ואפיש,במאד,0.4615,3
ותרב,וחלב,0.4615,3
יתקפ,יחר,0.4615,6
אכול,אכול,0.4615,3
חסודינ,חרפה,0.4615,3
יפריש,יבדיל,0.4615,3
ותמליל,ודברת,0.4615,6
דחמיתונ,הגדלת,0.4615,3
חלא,חול,0.4615,3
דיכול,האכלת,0.4615,3
דאסיק,המעלה,0.4615,3
בהתתיכ,ערותכ,0.4615,3
וטעו,ויזנו,0.4615,3
דרגינ,מעלות,0.4615,3
ובזא,ושד,0.4615,3
נכלינ,מרמה,0.4615,3
ספו,הס,0.4615,3
באורחנ,בדרכי,0.4615,3
ויהכ,והלכ,0.4615,3
זיעא,הרעש,0.4615,3
בכותלא,בקיר,0.4615,6
בעותי,אהה,0.4615,9
דאסער,פקדתמ,0.4615,3
חזיא,למרחוק,0.4615,3
בתלתא,בשלשה,0.4615,3
אתרגושתהונ,המונה,0.4615,4
באמינ,באמה,0.4599,6
יתהנ,אתהנ,0.4598,4
ויתוב,ושב,0.4595,17
רבונ,האדונ,0.4592,5
לוטיא,הקללות,0.4583,3
ויחי,וחי,0.4571,8
משכונא,הערבונ,0.4571,4
רב,שר,0.4566,71
טבתא,הטובה,0.4565,21
בירא,הבאר,0.4561,13
ימלל,ידבר,0.4561,13
לרעוא,לרצונ,0.4545,8
קימינ,עמדימ,0.4545,12
יכלינ,יוכלו,0.4545,6
מדינחא,מזרחה,0.4545,25
משריתהונ,מחניהמ,0.4545,5
וקטלו,ויהרגו,0.4545,5
לקרתא,לעיר,0.4545,25
בשוקא,בחוצ,0.4545,5
רברבינ,גדלימ,0.4545,20
חבילו,שחת,0.4545,5
אפהא,פניה,0.4545,5
מצלי,אקרא,0.4545,5
ואדבר,ולקחתי,0.4545,5
לימא,הימה,0.4539,8
וימחי,ומחה,0.4538,3
קריבא,קרבה,0.4538,3
וסגי,ורב,0.4528,12
דיר,זר,0.4528,12
חיינ,חיימ,0.4527,11
זמינו,קדשו,0.4516,7
מבכנ,מאז,0.4516,7
תורתא,הפרות,0.4516,7
חורשא,יער,0.4516,7
רמ,גבה,0.4516,7
דחלינ,יראימ,0.4516,7
קריתי,קראתי,0.4500,3
זרעיה,זרעו,0.4490,6
מקדמיהונ,מפניהמ,0.4444,8
בקדמיתא,בראשנה,0.4444,12
ונטל,ויסע,0.4444,16
ואצנע,וינח,0.4444,4
בריוא,תאר,0.4444,6
מלותיה,מאתו,0.4444,6
לטורא,ההרה,0.4444,14
עבידי,עשי,0.4444,4
ועבדת,ותעש,0.4444,4
עבור,דגנ,0.4444,6
לגובא,הבור,0.4444,6
איעול,אבוא,0.4444,4
שלימו,תמו,0.4444,4
שור,חומה,0.4444,6
לארגזא,להכעיסו,0.4444,8
ותתוב,ושבת,0.4444,4
בתרינ,בשני,0.4444,4
עולימ,בחור,0.4444,6
תרבי,חלבי,0.4444,3
חיליהונ,צבאתמ,0.4444,4
כורסיה,כסאו,0.4444,10
נוכראינ,זרימ,0.4444,8
נבואתא,המשא,0.4444,6
חסודי,חרפת,0.4444,4
חרובת,אבלה,0.4444,4
ואתפרע,ונשפטתי,0.4444,4
ארעיתא,התחתונה,0.4444,4
למתוב,לשוב,0.4433,5
ויעבד,ועשה,0.4427,29
שבטא,שבט,0.4413,38
לתרתינ,לשתי,0.4412,3
יבעונ,יבקשו,0.4412,3
ויעלונ,ובאו,0.4412,15
עממיא,הגוימ,0.4409,168
סגי,רב,0.4397,62
יסקונ,יעלו,0.4390,9
חייא,החיימ,0.4385,6
עבידא,מלאכה,0.4384,16
דתורא,הפר,0.4384,16
רשיעינ,רשעימ,0.4377,5
רמא,רמה,0.4375,7
ניזיל,נלכ,0.4375,7
ויקומ,וקמ,0.4375,7
בעי,מבקש,0.4375,14
ושיצי,ויכל,0.4375,7
דמישרא,הערבה,0.4375,7
תקיפו,חזקו,0.4375,7
נביי,הנבאימ,0.4375,14
משבחינ,משחקימ,0.4364,4
מיתי,מביא,0.4356,22
הזעיר,המעט,0.4348,5
שירוי,ראשית,0.4348,8
תבית,נחמתי,0.4348,5
אשתכחו,נמצאו,0.4348,5
ויפול,ונפל,0.4348,5
ואמחי,והכיתי,0.4348,5
ובכנ,ואז,0.4348,5
לצלאה,להתפלל,0.4348,5
קריב,קרוב,0.4330,19
עתיק,שכר,0.4324,8
זכאינ,נקימ,0.4324,8
ודרעיה,וזרעו,0.4314,3
דיתיב,הישב,0.4314,11
רעיא,הרעימ,0.4314,7
דתקינ,הטוב,0.4308,14
אנשא,האדמ,0.4303,71
עבראי,העברימ,0.4303,7
ואתקיימו,וחיו,0.4286,3
ואיתיו,ויביאו,0.4286,6
בסיפי,בקצה,0.4286,9
חיל,כח,0.4286,6
לסהדו,לעדה,0.4286,3
אתבא,השב,0.4286,6
עקתא,התלאה,0.4286,3
זקופ,שא,0.4286,6
שירינ,וכומז,0.4286,3
באחסנת,בנחלת,0.4286,3
אסתר,אסתר,0.4286,6
סליקת,עלתה,0.4286,6
מגיח,הנלחמ,0.4286,3
רבותיה,גדלו,0.4286,3
ותפוק,ויצאה,0.4286,3
ויסאבניה,וטמאו,0.4286,3
עתיקא,ישנ,0.4286,3
אקבל,אריח,0.4286,3
בחוטרא,במטה,0.4286,3
ואניח,והנחתי,0.4286,3
ישתיצונ,יכרתו,0.4286,3
פחרא,היוצר,0.4286,3
שיזבא,פליטה,0.4286,3
ביממ,גולה,0.4286,3
בישתיכ,רעתכ,0.4286,3
ואיתיה,ויבאהו,0.4286,3
אתמנע,אחדל,0.4286,3
דבבנא,איבינו,0.4286,3
מלותי,מאתי,0.4286,3
תתברונ,תשברו,0.4280,4
מדעמ,מאומה,0.4276,31
דינ,זה,0.4257,202
כמה,כמה,0.4255,5
רוגזי,אפי,0.4255,20
משריתיה,חילו,0.4255,10
אתו,באו,0.4249,41
סבא,הזקנ,0.4242,7
וארימת,ותשא,0.4211,4
לקימ,לחק,0.4211,8
תושבחתא,השירה,0.4211,8
שבח,ישיר,0.4211,4
ערטילאי,עירמ,0.4211,4
אתבדרו,נפצו,0.4211,4
לדרומא,הנגבה,0.4211,4
תיתב,תשב,0.4211,8
לעולמתא,לנער,0.4211,4
שיזיב,הציל,0.4211,4
אהכ,אלכה,0.4211,4
ליתיכונ,אינכמ,0.4211,4
תקפתא,החזקה,0.4211,4
כותל,קיר,0.4211,4
ואחד,ויתפש,0.4211,4
בדבית,ביהודה,0.4190,6
גזר,כרת,0.4186,18
צפרא,הבקר,0.4171,39
אתא,בא,0.4169,89
ומסגי,אפימ,0.4167,5
כתלא,הקיר,0.4167,5
לזמנא,למועד,0.4167,5
במעליה,בבאו,0.4167,5
היכא,איפה,0.4167,5
תתנשי,תשכח,0.4167,5
סדרא,הטור,0.4167,5
ועלתא,והעלה,0.4167,3
וצלי,ויתפלל,0.4156,16
שתא,ששת,0.4154,18
דגזר,גזר,0.4154,3
למקטל,להמית,0.4151,11
קשוט,אמת,0.4138,12
צוחתא,צעקה,0.4138,6
ויסקונ,ועלו,0.4138,6
אתקרבו,קרבו,0.4118,4
קרבניא,המלאימ,0.4118,7
משלמ,מלאת,0.4103,8
מטורא,מהר,0.4103,16
לישנ,לשונ,0.4103,8
רמיא,הרמימ,0.4099,3
חטופינ,חמס,0.4091,9
קדמוהי,לפניו,0.4076,64
ואפיק,ויוצא,0.4074,11
יקבלונ,ישאו,0.4068,12
סיפי,קצה,0.4068,12
ואעיל,והבאתי,0.4062,13
עממינ,עמימ,0.4043,22
קימ,חי,0.4022,74
סניתא,הבכר,0.4000,3
נטרינ,שמרימ,0.4000,4
דאתי,הבא,0.4000,16
בסרהונ,בשרמ,0.4000,3
קריבית,נתנימ,0.4000,3
חפא,כסה,0.4000,3
הכא,פה,0.4000,29
וחמר,ויינ,0.4000,13
אדרא,גרנ,0.4000,3
תגזר,תכרת,0.4000,4
ואתכנשו,ויקהלו,0.4000,4
ורומא,ראמ,0.4000,4
מקרתא,מעיר,0.4000,5
למסק,לעלת,0.4000,4
וסיהרא,וירח,0.4000,4
יכול,יוכל,0.4000,12
כור,חמר,0.4000,4
לותה,אליה,0.4000,26
דמלאכ,לחי,0.4000,3
ומלכותא,ולאמימ,0.4000,4
שפירת,טובת,0.4000,3
ותעל,והבאת,0.4000,4
תיב,שבה,0.4000,4
למקטלכ,להרגכ,0.4000,3
לאבאשא,להרע,0.4000,7
קמת,מצבת,0.4000,5
וקטלוהי,וימתהו,0.4000,3
לרב,לשר,0.4000,3
זודינ,צדה,0.4000,4
בחמרא,ביינ,0.4000,3
גמר,החרימ,0.4000,4
קמו,קמו,0.4000,3
להנאה,לשוא,0.4000,4
לשצאה,להשמיד,0.4000,3
תפלחונ,תעבדו,0.4000,5
לחבריה,לרעהו,0.4000,10
ותתב,וישבה,0.4000,3
ויפקונ,והוציאו,0.4000,6
מלקבל,ממול,0.4000,3
ועבדה,ויעשה,0.4000,3
דבעירא,מבכר,0.4000,3
אשתבהר,קרנ,0.4000,3
אסחרותא,הבמה,0.4000,3
ומיתנ,מערבכ,0.4000,3
דשבקו,ויקטרו,0.4000,3
נגדינ,שפיימ,0.4000,3
בזכו,בצדקה,0.4000,3
חוביכונ,עונתיכמ,0.4000,6
לקל,לקול,0.4000,4
אלפא,האלפ,0.4000,3
אנונ,המ,0.3976,66
יתובונ,ישובו,0.3965,7
למחטי,לחטא,0.3956,4
חב,חטא,0.3953,17
אתר,מקומ,0.3934,48
חכימי,חכמי,0.3929,3
ברומא,מרומ,0.3929,3
רברביא,השרימ,0.3913,18
לותכ,אליכ,0.3909,60
אורח,דרכ,0.3889,42
ארימ,נטה,0.3871,12
רמש,ערב,0.3871,12
עובדא,המעשה,0.3871,6
דאשתאר,הנשאר,0.3860,3
חיזו,מראה,0.3860,11
קאימ,עמד,0.3853,21
עמהונ,עממ,0.3849,28
משרית,מחנה,0.3846,20
נפקתא,יצאת,0.3846,5
לשיזבא,להציל,0.3846,5
יקרא,כבוד,0.3838,38
דרומא,נגב,0.3826,22
ואקימ,והקמתי,0.3824,13
קטיליא,חללימ,0.3819,5
רבתא,הגדולה,0.3818,21
יסופונ,יתמו,0.3810,4
פומיה,פיו,0.3810,4
ותיתי,ובאת,0.3810,8
לממחי,להכות,0.3810,4
שפיר,יפה,0.3810,8
תננא,עשנ,0.3810,4
זמינ,הקרה,0.3810,4
מעלני,מבוא,0.3810,4
אתכנשו,האספו,0.3810,4
רחימי,דודי,0.3810,4
דחספ,חרש,0.3793,11
לאיתאה,להביא,0.3793,11
קטילינ,חלל,0.3793,11
תקיפא,חזקה,0.3778,17
רישא,הראש,0.3774,10
חולקינ,חלקימ,0.3768,3
מותא,המות,0.3763,7
ויקבלונ,ונשאו,0.3750,5
מביניהונ,מקרבו,0.3750,3
ערסא,המטה,0.3750,9
ועקת,ותקצר,0.3750,3
ושרי,ויחל,0.3750,6
דקטלינ,החרב,0.3750,12
מיזל,הלוכ,0.3750,9
תקיפת,כבדה,0.3750,3
שוי,שימ,0.3750,15
טעינינ,נשאימ,0.3750,3
ותחומיה,וגבל,0.3750,3
אתינ,ומפתימ,0.3750,3
מתבע,דרש,0.3750,3
עללת,תבואת,0.3750,3
דביר,הזכר,0.3750,3
זכאה,הצדיק,0.3750,6
מפרסת,מכפ,0.3750,3
תכסונ,תזבחו,0.3750,3
רעינ,נוה,0.3750,3
תושבחת,תפארת,0.3750,3
זיע,רעש,0.3750,3
טעו,תעו,0.3750,3
שבחו,רנו,0.3750,3
קימא,הברית,0.3733,28
דתעבדונ,תעשונ,0.3733,4
יסגי,ירבה,0.3721,8
קורבניא,אשי,0.3721,8
אורייתא,התורה,0.3706,21
לואה,הלוי,0.3704,5
ודינא,ומשפט,0.3704,5
לדי,לאשר,0.3684,7
פקד,צו,0.3684,7
דכיא,הטהר,0.3684,7
לעממיא,לגוימ,0.3673,9
מליל,דבר,0.3663,187
עדנ,עת,0.3656,17
פקודיא,מצות,0.3652,21
לפרסא,לאהל,0.3636,4
חזויא,הראה,0.3636,4
תיזיל,תלכ,0.3636,8
ומלילת,ותדבר,0.3636,4
סנאכ,צריכ,0.3636,4
אחד,סגר,0.3636,4
אעדי,הסר,0.3636,4
תסק,תעלה,0.3636,4
תבו,שבו,0.3614,10
דבני,עדת,0.3608,46
קדמ,לפני,0.3607,590
מקביל,מנגד,0.3600,9
יחזונ,יראו,0.3600,9
רענ,רעימ,0.3590,5
יעלונ,יבאו,0.3582,12
עובדיהונ,מעלליהמ,0.3581,9
נסיבית,לקחתי,0.3571,5
בהנ,בהנ,0.3571,5
אכדינ,איכה,0.3571,5
רחמ,אהב,0.3571,5
חובי,עונ,0.3562,26
עבידתא,המלאכה,0.3556,8
גלותהונ,שבותמ,0.3556,4
למיסב,לקחת,0.3548,11
לארעא,לארצ,0.3540,33
וגברינ,ואנשימ,0.3529,3
נצו,רבו,0.3529,3
סטת,רגלימ,0.3529,3
ערק,ברח,0.3529,6
דממננ,האלפימ,0.3529,3
לדבני,תפל,0.3529,3
דיינא,השפט,0.3529,3
רחמכ,אהבכ,0.3529,3
אח,דדו,0.3529,3
במהוי,בהיות,0.3529,3
אחיד,סגור,0.3529,3
לטור,להר,0.3529,3
בהתא,בושה,0.3529,3
בסורא,שמועה,0.3529,3
אגרתא,הספרימ,0.3529,3
זעו,נזלו,0.3529,3
ואתברו,וינגפ,0.3529,3
מא,מדוע,0.3514,26
דייתונ,יביאו,0.3478,4
נעמינ,יענה,0.3478,4
דמי,דמי,0.3478,4
תעל,תביא,0.3478,4
ואסתלק,ויעתק,0.3478,4
סלקינ,עלימ,0.3478,4
יקיר,נכבד,0.3478,4
רתיכוהי,רכבו,0.3478,4
חיבא,הרשע,0.3478,4
ברגז,בחמה,0.3478,4
עולימא,הנער,0.3472,25
לקבל,מול,0.3469,17
יחזי,יראה,0.3467,13
וארימ,ויט,0.3457,14
ייעול,יבא,0.3455,19
חבו,חטאו,0.3448,5
אתמסרת,נתנה,0.3448,5
ואתקפ,ויחזק,0.3448,10
ויעדי,והסיר,0.3448,5
נטר,שמר,0.3438,11
איתי,אביא,0.3438,11
וקטל,ויהרג,0.3429,6
חזא,כראות,0.3429,6
ברכנ,ברכה,0.3419,4
למדינחא,קדימ,0.3411,6
מלו,מלאו,0.3394,4
מקדמכ,מפניכ,0.3390,10
יצרא,יצר,0.3349,4
ואגלי,וגליתי,0.3333,3
ויתיבונ,וענו,0.3333,4
במיתי,בבא,0.3333,3
צדק,צדק,0.3333,3
איתיתא,הבאת,0.3333,3
ויתחייב,ואשמ,0.3333,5
ינקיא,הילדימ,0.3333,4
לאלפא,ללמד,0.3333,3
למיקמ,לעמד,0.3333,7
רמתא,הגבעות,0.3333,8
מיתא,המת,0.3333,6
רמנ,נפלימ,0.3333,3
תוקפי,במותי,0.3333,3
בגויה,תוכו,0.3333,3
יתבא,ישבת,0.3333,5
מחבלא,המשחית,0.3333,3
למידנ,לשפט,0.3333,4
ויבעונ,ובקשו,0.3333,3
חדות,צבי,0.3333,3
ערבאי,קדר,0.3333,3
חשיכיא,דלימ,0.3333,3
בהיתו,חתה,0.3333,3
וישרונ,ורבצו,0.3333,4
מחא,מכה,0.3294,14
לותנא,אלינו,0.3273,9
איזיל,אלכ,0.3265,8
מישר,אלונ,0.3243,6
יעדי,יסיר,0.3243,6
המנ,המנ,0.3226,5
שקא,שק,0.3226,3
אתגלי,נראה,0.3218,14
עסרא,עשרת,0.3218,14
דידעונ,דעת,0.3214,4
נכסיהונ,חילמ,0.3200,4
מיעל,בוא,0.3200,4
מתקנ,נכונ,0.3200,8
ולד,ערירימ,0.3200,4
עללתא,התבואה,0.3200,4
לקבליה,נגדו,0.3200,4
חואה,הגד,0.3200,4
מעלנא,בואכ,0.3200,4
מלות,מעמ,0.3191,15
תיעול,תבוא,0.3188,11
רעות,אות,0.3182,5
דיקטול,ירצח,0.3158,3
למידר,באשר,0.3158,3
דשבע,מבאר,0.3158,3
לתרי,לשנימ,0.3158,3
מדיננ,ארצות,0.3158,3
מלכתא,המלכה,0.3158,4
צדקתא,צדקה,0.3143,3
חזנ,ראימ,0.3125,5
שבטינ,השבטימ,0.3125,3
סנאה,אויב,0.3111,7
מימרא,פי,0.3077,64
תקיפי,עריצי,0.3077,4
אזל,הלכ,0.3067,25
למטעי,לזנות,0.3030,5
עבורא,הדגנ,0.3030,5
דרעוא,תאוה,0.3000,3
למיעול,לבא,0.3000,3
ופתגמ,ודבר,0.3000,9
חזינ,ראות,0.3000,3
ארחי,דרכי,0.3000,3
מסכנ,ואביונ,0.3000,3
יזועונ,יחרדו,0.3000,3
אגרא,הגג,0.3000,3
